hitter_id,player,team,opponent,game_start_time,game_status,batting_order,pitcher,pitcher_id,pitcher_hand,hitter_hand,barrel_pct,iso,avg_exit_velocity,ev50,xslg,xiso,xwoba,bat_speed,fast_swing_pct,pull_pct,fb_pct,hard_hit_pct,hr_total,pitcher_barrel_pct_allowed,pitcher_hard_hit_pct_allowed,pitcher_avg_exit_velocity_allowed,pitcher_xslg_allowed,pitcher_xiso_allowed,pitcher_fb_pct_allowed,pitcher_hr_allowed,pitcher_hr_allowed_vs_lhh,pitcher_hr_allowed_vs_rhh,ballpark,park_hr_factor,weather_temp,wind_speed,wind_direction,confirmed_lineup,rotowire_confirmed_lineup,rotowire_batting_order,rotowire_player_found,lineup_disagreement,lineup_sources_used,source_warnings,stat_years_used,bvp_pa,bvp_hr,bvp_note,recent_games,recent_hits,recent_abs,recent_hr,recent_form_note,split_matchup_note,pitch_mix_note,public_attention,odds
596019,Francisco Lindor,NYM,WSH,2026-09-27T17:05:00Z,Scheduled,1,DJ Herz,687792,L,S,8.83,0.1948,91.2,100.6308,0.4351,0.1912,0.3324,72.3,24.98,44.48,31.98,47.76,23.3,23.1,46.2,86.9,0.63,0.337,30.8,1.0,1.0,1.0,Nationals Park,101,,,,No,No,1,Yes,Yes,RotoWire projected lineup; MLB probable pitchers,lineup projected / unconfirmed,H:2026/2025 P:2026,,,Direct BvP not yet weighted; 2026/2025 Statcast baseline active,7,4,31,0,"Last 7 games: 4/31, 0 HR","switch hitter; pitcher baseline 23.1% barrel, 1.0 HR allowed",neutral batted-ball profile; pitcher allows elevated contact,,
665742,Juan Soto,NYM,WSH,2026-09-27T17:05:00Z,Scheduled,2,DJ Herz,687792,L,L,15.19,0.2494,92.89,103.081,0.5828,0.2902,0.4164,72.83,32.4,39.95,31.0,50.12,31.8,23.1,46.2,86.9,0.63,0.337,30.8,1.0,1.0,1.0,Nationals Park,101,,,,No,No,2,Yes,Yes,RotoWire projected lineup; MLB probable pitchers,lineup projected / unconfirmed,H:2026/2025 P:2026,,,Direct BvP not yet weighted; 2026/2025 Statcast baseline active,7,9,27,1,Contact streak: 9/27 over last 7 games,"same-side matchup; pitcher baseline 23.1% barrel, 1.0 HR allowed",lift-pull EV profile; pitcher allows elevated contact,,
666182,Bo Bichette,NYM,WSH,2026-09-27T17:05:00Z,Scheduled,3,DJ Herz,687792,L,R,6.85,0.1433,90.02,101.0904,0.4394,0.1538,0.3383,69.59,12.81,26.42,22.67,43.9,18.0,23.1,46.2,86.9,0.63,0.337,30.8,1.0,1.0,1.0,Nationals Park,101,,,,No,No,3,Yes,Yes,RotoWire projected lineup; MLB probable pitchers,lineup projected / unconfirmed,H:2026/2025 P:2026,,,Direct BvP not yet weighted; 2026/2025 Statcast baseline active,7,6,28,2,Hot streak: 2 HR in last 7 games,"platoon edge; pitcher baseline 23.1% barrel, 1.0 HR allowed",neutral batted-ball profile; pitcher allows elevated contact,,
701807,Carson Benge,NYM,WSH,2026-09-27T17:05:00Z,Scheduled,4,DJ Herz,687792,L,L,7.4,0.149,88.8,99.5248,0.437,0.159,0.341,71.0,17.1,32.8,27.7,38.8,20.0,23.1,46.2,86.9,0.63,0.337,30.8,1.0,1.0,1.0,Nationals Park,101,,,,No,No,4,Yes,Yes,RotoWire projected lineup; MLB probable pitchers,lineup projected / unconfirmed,H:2026 P:2026,,,Direct BvP not yet weighted; 2026/2025 Statcast baseline active,7,12,28,2,Hot streak: 2 HR in last 7 games,"same-side matchup; pitcher baseline 23.1% barrel, 1.0 HR allowed",neutral batted-ball profile; pitcher allows elevated contact,,
668901,Mark Vientos,NYM,WSH,2026-09-27T17:05:00Z,Scheduled,5,DJ Herz,687792,L,R,10.24,0.1814,90.28,101.1205,0.4327,0.1975,0.3088,72.95,28.53,37.49,28.88,45.74,14.2,23.1,46.2,86.9,0.63,0.337,30.8,1.0,1.0,1.0,Nationals Park,101,,,,No,No,5,Yes,Yes,RotoWire projected lineup; MLB probable pitchers,lineup projected / unconfirmed,H:2026/2025 P:2026,,,Direct BvP not yet weighted; 2026/2025 Statcast baseline active,7,4,22,0,"Last 7 games: 4/22, 0 HR","platoon edge; pitcher baseline 23.1% barrel, 1.0 HR allowed",neutral batted-ball profile; pitcher allows elevated contact,,
543760,Marcus Semien,NYM,WSH,2026-09-27T17:05:00Z,Scheduled,6,DJ Herz,687792,L,R,6.17,0.1277,87.18,97.3758,0.3817,0.1404,0.3054,68.57,3.48,46.35,32.84,34.02,15.0,23.1,46.2,86.9,0.63,0.337,30.8,1.0,1.0,1.0,Nationals Park,101,,,,No,No,6,Yes,Yes,RotoWire projected lineup; MLB probable pitchers,lineup projected / unconfirmed,H:2026/2025 P:2026,,,Direct BvP not yet weighted; 2026/2025 Statcast baseline active,7,3,26,1,"Last 7 games: 3/26, 1 HR","platoon edge; pitcher baseline 23.1% barrel, 1.0 HR allowed",neutral batted-ball profile; pitcher allows elevated contact,,
682626,Francisco Alvarez,NYM,WSH,2026-09-27T17:05:00Z,Scheduled,7,DJ Herz,687792,L,R,14.41,0.1735,91.49,103.0746,0.4328,0.2038,0.3232,74.11,42.18,36.84,25.03,49.89,14.5,23.1,46.2,86.9,0.63,0.337,30.8,1.0,1.0,1.0,Nationals Park,101,,,,No,No,7,Yes,Yes,RotoWire projected lineup; MLB probable pitchers,lineup projected / unconfirmed,H:2026/2025 P:2026,,,Direct BvP not yet weighted; 2026/2025 Statcast baseline active,7,8,26,1,"Last 7 games: 8/26, 1 HR","platoon edge; pitcher baseline 23.1% barrel, 1.0 HR allowed",neutral batted-ball profile; pitcher allows elevated contact,,
805999,A.J. Ewing,NYM,WSH,2026-09-27T17:05:00Z,Scheduled,8,DJ Herz,687792,L,L,7.3,0.125,89.5,99.9848,0.398,0.143,0.319,70.4,12.5,30.9,24.6,42.0,11.0,23.1,46.2,86.9,0.63,0.337,30.8,1.0,1.0,1.0,Nationals Park,101,,,,No,No,8,Yes,Yes,RotoWire projected lineup; MLB probable pitchers,lineup projected / unconfirmed,H:2026 P:2026,,,Direct BvP not yet weighted; 2026/2025 Statcast baseline active,7,6,23,1,"Last 7 games: 6/23, 1 HR","same-side matchup; pitcher baseline 23.1% barrel, 1.0 HR allowed",neutral batted-ball profile; pitcher allows elevated contact,,
703492,Nick Morabito,NYM,WSH,2026-09-27T17:05:00Z,Scheduled,9,DJ Herz,687792,L,R,0.0,0.049,90.5,99.824,0.308,0.053,0.296,70.6,23.3,36.0,12.0,48.0,0.0,23.1,46.2,86.9,0.63,0.337,30.8,1.0,1.0,1.0,Nationals Park,101,,,,No,No,9,Yes,Yes,RotoWire projected lineup; MLB probable pitchers,lineup projected / unconfirmed,H:2026 P:2026,,,Direct BvP not yet weighted; 2026/2025 Statcast baseline active,7,3,15,0,"Last 7 games: 3/15, 0 HR","platoon edge; pitcher baseline 23.1% barrel, 1.0 HR allowed",neutral batted-ball profile; pitcher allows elevated contact,,
695578,James Wood,WSH,NYM,2026-09-27T17:05:00Z,Scheduled,1,Sean Manaea,640455,L,L,18.01,0.233,95.07,106.4293,0.5329,0.2652,0.3911,76.56,66.57,32.57,23.61,58.05,30.3,10.44,42.11,89.38,0.4367,0.1869,28.75,20.0,20.0,20.0,Nationals Park,101,,,,No,No,1,Yes,Yes,RotoWire projected lineup; MLB probable pitchers,lineup projected / unconfirmed,H:2026/2025 P:2026/2025,,,Direct BvP not yet weighted; 2026/2025 Statcast baseline active,7,8,28,0,"Last 7 games: 8/28, 0 HR","same-side matchup; pitcher baseline 10.4% barrel, 20.0 HR allowed",EV profile; pitcher fly-ball pressure modest,,
665953,Andres Chaparro,WSH,NYM,2026-09-27T17:05:00Z,Scheduled,2,Sean Manaea,640455,L,R,11.8,0.1887,88.52,100.7564,0.3957,0.1827,0.3105,73.93,40.2,49.29,25.88,41.65,8.0,10.44,42.11,89.38,0.4367,0.1869,28.75,20.0,20.0,20.0,Nationals Park,101,,,,No,No,2,Yes,Yes,RotoWire projected lineup; MLB probable pitchers,lineup projected / unconfirmed,H:2026/2025 P:2026/2025,,,Direct BvP not yet weighted; 2026/2025 Statcast baseline active,7,6,19,1,"Last 7 games: 6/19, 1 HR","platoon edge; pitcher baseline 10.4% barrel, 20.0 HR allowed",neutral batted-ball profile; pitcher fly-ball pressure modest,,
691781,Brady House,WSH,NYM,2026-09-27T17:05:00Z,Scheduled,3,Sean Manaea,640455,L,R,8.01,0.1321,89.94,101.9245,0.4155,0.1525,0.3183,73.17,30.04,31.42,25.79,47.21,8.2,10.44,42.11,89.38,0.4367,0.1869,28.75,20.0,20.0,20.0,Nationals Park,101,,,,No,No,3,Yes,Yes,RotoWire projected lineup; MLB probable pitchers,lineup projected / unconfirmed,H:2026/2025 P:2026/2025,,,Direct BvP not yet weighted; 2026/2025 Statcast baseline active,7,7,20,0,Contact streak: 7/20 over last 7 games,"platoon edge; pitcher baseline 10.4% barrel, 20.0 HR allowed",neutral batted-ball profile; pitcher fly-ball pressure modest,,
682928,CJ Abrams,WSH,NYM,2026-09-27T17:05:00Z,Scheduled,4,Sean Manaea,640455,L,L,9.56,0.2173,89.33,99.8571,0.4248,0.1784,0.3251,72.82,26.91,44.57,28.45,40.25,28.8,10.44,42.11,89.38,0.4367,0.1869,28.75,20.0,20.0,20.0,Nationals Park,101,,,,No,No,4,Yes,Yes,RotoWire projected lineup; MLB probable pitchers,lineup projected / unconfirmed,H:2026/2025 P:2026/2025,,,Direct BvP not yet weighted; 2026/2025 Statcast baseline active,7,5,25,3,Hot streak: 3 HR in last 7 games,"same-side matchup; pitcher baseline 10.4% barrel, 20.0 HR allowed",neutral batted-ball profile; pitcher fly-ball pressure modest,,
686611,Dylan Crews,WSH,NYM,2026-09-27T17:05:00Z,Scheduled,5,Sean Manaea,640455,L,R,9.59,0.1475,89.98,101.0416,0.4126,0.1734,0.3147,73.83,37.16,34.01,26.93,41.5,12.1,10.44,42.11,89.38,0.4367,0.1869,28.75,20.0,20.0,20.0,Nationals Park,101,,,,No,No,5,Yes,Yes,RotoWire projected lineup; MLB probable pitchers,lineup projected / unconfirmed,H:2026/2025 P:2026/2025,,,Direct BvP not yet weighted; 2026/2025 Statcast baseline active,7,5,26,1,"Last 7 games: 5/26, 1 HR","platoon edge; pitcher baseline 10.4% barrel, 20.0 HR allowed",neutral batted-ball profile; pitcher fly-ball pressure modest,,
691002,Yohandy Morales,WSH,NYM,2026-09-27T17:05:00Z,Scheduled,6,Sean Manaea,640455,L,R,15.6,0.341,91.7,103.6724,0.491,0.232,0.317,73.5,35.8,43.8,31.3,62.5,4.0,10.44,42.11,89.38,0.4367,0.1869,28.75,20.0,20.0,20.0,Nationals Park,101,,,,No,No,6,Yes,Yes,RotoWire projected lineup; MLB probable pitchers,lineup projected / unconfirmed,H:2026 P:2026/2025,,,Direct BvP not yet weighted; 2026/2025 Statcast baseline active,7,3,17,2,Hot streak: 2 HR in last 7 games,"platoon edge; pitcher baseline 10.4% barrel, 20.0 HR allowed",neutral batted-ball profile; pitcher fly-ball pressure modest,,
695670,Harry Ford,WSH,NYM,2026-09-27T17:05:00Z,Scheduled,7,Sean Manaea,640455,L,R,14.57,0.1078,87.25,99.0803,0.3539,0.1696,0.2856,69.62,5.42,32.84,36.28,38.31,2.1,10.44,42.11,89.38,0.4367,0.1869,28.75,20.0,20.0,20.0,Nationals Park,101,,,,No,No,7,Yes,Yes,RotoWire projected lineup; MLB probable pitchers,lineup projected / unconfirmed,H:2026/2025 P:2026/2025,,,Direct BvP not yet weighted; 2026/2025 Statcast baseline active,7,2,12,0,"Last 7 games: 2/12, 0 HR","platoon edge; pitcher baseline 10.4% barrel, 20.0 HR allowed",fly-ball profile; pitcher fly-ball pressure modest,,
696285,Jacob Young,WSH,NYM,2026-09-27T17:05:00Z,Scheduled,8,Sean Manaea,640455,L,R,4.63,0.1141,87.67,97.8708,0.371,0.1111,0.3096,69.21,2.3,35.07,24.07,32.24,7.6,10.44,42.11,89.38,0.4367,0.1869,28.75,20.0,20.0,20.0,Nationals Park,101,,,,No,No,8,Yes,Yes,RotoWire projected lineup; MLB probable pitchers,lineup projected / unconfirmed,H:2026/2025 P:2026/2025,,,Direct BvP not yet weighted; 2026/2025 Statcast baseline active,7,6,19,0,"Last 7 games: 6/19, 0 HR","platoon edge; pitcher baseline 10.4% barrel, 20.0 HR allowed",neutral batted-ball profile; pitcher fly-ball pressure modest,,
683083,Nasim Nunez,WSH,NYM,2026-09-27T17:05:00Z,Scheduled,9,Sean Manaea,640455,L,S,2.04,0.0741,86.08,96.114,0.3012,0.0748,0.2757,68.6,4.56,30.66,19.8,27.71,1.9,10.44,42.11,89.38,0.4367,0.1869,28.75,20.0,20.0,20.0,Nationals Park,101,,,,No,No,9,Yes,Yes,RotoWire projected lineup; MLB probable pitchers,lineup projected / unconfirmed,H:2026/2025 P:2026/2025,,,Direct BvP not yet weighted; 2026/2025 Statcast baseline active,7,2,14,0,"Last 7 games: 2/14, 0 HR","switch hitter; pitcher baseline 10.4% barrel, 20.0 HR allowed",neutral batted-ball profile; pitcher fly-ball pressure modest,,
677956,Rece Hinds,BAL,NYY,2026-09-27T17:05:00Z,Scheduled,1,Elmer Rodríguez,695684,R,R,5.46,0.1042,89.49,101.2132,0.2403,0.0943,0.2029,74.09,43.56,38.19,23.75,40.48,0.6,8.5,36.6,87.8,0.387,0.13,22.0,2.0,2.0,2.0,Yankee Stadium,119,,,,No,No,1,Yes,Yes,RotoWire projected lineup; MLB probable pitchers,lineup projected / unconfirmed,H:2026/2025 P:2026,,,Direct BvP not yet weighted; 2026/2025 Statcast baseline active,7,2,19,0,"Last 7 games: 2/19, 0 HR","same-side matchup; pitcher baseline 8.5% barrel, 2.0 HR allowed",neutral batted-ball profile; pitcher fly-ball pressure modest,,
624413,Pete Alonso,BAL,NYY,2026-09-27T17:05:00Z,Scheduled,2,Elmer Rodríguez,695684,R,R,16.38,0.2541,93.78,104.3642,0.5657,0.285,0.3972,74.85,49.07,37.55,30.88,55.66,41.5,8.5,36.6,87.8,0.387,0.13,22.0,2.0,2.0,2.0,Yankee Stadium,119,,,,No,No,2,Yes,Yes,RotoWire projected lineup; MLB probable pitchers,lineup projected / unconfirmed,H:2026/2025 P:2026,,,Direct BvP not yet weighted; 2026/2025 Statcast baseline active,7,7,25,5,Hot streak: 5 HR in last 7 games,"same-side matchup; pitcher baseline 8.5% barrel, 2.0 HR allowed",EV profile; pitcher fly-ball pressure modest,,
691723,Coby Mayo,BAL,NYY,2026-09-27T17:05:00Z,Scheduled,3,Elmer Rodríguez,695684,R,R,12.48,0.2144,90.1,102.3606,0.4435,0.2181,0.3213,75.4,55.09,49.55,34.25,43.91,20.1,8.5,36.6,87.8,0.387,0.13,22.0,2.0,2.0,2.0,Yankee Stadium,119,,,,No,No,3,Yes,Yes,RotoWire projected lineup; MLB probable pitchers,lineup projected / unconfirmed,H:2026/2025 P:2026,,,Direct BvP not yet weighted; 2026/2025 Statcast baseline active,7,5,25,0,"Last 7 games: 5/25, 0 HR","same-side matchup; pitcher baseline 8.5% barrel, 2.0 HR allowed",neutral batted-ball profile; pitcher fly-ball pressure modest,,
687952,Christian Encarnacion-Strand,BAL,NYY,2026-09-27T17:05:00Z,Scheduled,4,Elmer Rodríguez,695684,R,R,12.5,0.2159,89.02,100.7751,0.4596,0.2248,0.314,73.46,34.73,45.95,31.05,39.66,9.5,8.5,36.6,87.8,0.387,0.13,22.0,2.0,2.0,2.0,Yankee Stadium,119,,,,No,No,4,Yes,Yes,RotoWire projected lineup; MLB probable pitchers,lineup projected / unconfirmed,H:2026/2025 P:2026,,,Direct BvP not yet weighted; 2026/2025 Statcast baseline active,7,6,22,1,"Last 7 games: 6/22, 1 HR","same-side matchup; pitcher baseline 8.5% barrel, 2.0 HR allowed",neutral batted-ball profile; pitcher fly-ball pressure modest,,
683002,Gunnar Henderson,BAL,NYY,2026-09-27T17:05:00Z,Scheduled,5,Elmer Rodríguez,695684,R,L,7.97,0.1738,90.07,101.2333,0.4082,0.1532,0.3277,74.46,45.14,40.8,23.87,45.07,21.9,8.5,36.6,87.8,0.387,0.13,22.0,2.0,2.0,2.0,Yankee Stadium,119,,,,No,No,5,Yes,Yes,RotoWire projected lineup; MLB probable pitchers,lineup projected / unconfirmed,H:2026/2025 P:2026,,,Direct BvP not yet weighted; 2026/2025 Statcast baseline active,7,9,26,1,Contact streak: 9/26 over last 7 games,"platoon edge; pitcher baseline 8.5% barrel, 2.0 HR allowed",neutral batted-ball profile; pitcher fly-ball pressure modest,,
669236,Jeremiah Jackson,BAL,NYY,2026-09-27T17:05:00Z,Scheduled,6,Elmer Rodríguez,695684,R,R,7.85,0.1549,89.62,100.4069,0.3874,0.1559,0.2847,72.74,27.59,39.16,24.42,40.4,8.5,8.5,36.6,87.8,0.387,0.13,22.0,2.0,2.0,2.0,Yankee Stadium,119,,,,No,No,6,Yes,Yes,RotoWire projected lineup; MLB probable pitchers,lineup projected / unconfirmed,H:2026/2025 P:2026,,,Direct BvP not yet weighted; 2026/2025 Statcast baseline active,7,3,23,1,"Last 7 games: 3/23, 1 HR","same-side matchup; pitcher baseline 8.5% barrel, 2.0 HR allowed",neutral batted-ball profile; pitcher fly-ball pressure modest,,
665966,Carlos Narvaez,BAL,NYY,2026-09-27T17:05:00Z,Scheduled,7,Elmer Rodríguez,695684,R,R,7.35,0.0989,90.75,100.0727,0.3264,0.127,0.2699,72.16,20.16,32.79,29.68,39.21,6.6,8.5,36.6,87.8,0.387,0.13,22.0,2.0,2.0,2.0,Yankee Stadium,119,,,,No,No,7,Yes,Yes,RotoWire projected lineup; MLB probable pitchers,lineup projected / unconfirmed,H:2026/2025 P:2026,,,Direct BvP not yet weighted; 2026/2025 Statcast baseline active,7,1,13,0,"Last 7 games: 1/13, 0 HR","same-side matchup; pitcher baseline 8.5% barrel, 2.0 HR allowed",neutral batted-ball profile; pitcher fly-ball pressure modest,,
665750,Leody Taveras,BAL,NYY,2026-09-27T17:05:00Z,Scheduled,8,Elmer Rodríguez,695684,R,S,4.79,0.1179,88.15,99.0494,0.3194,0.1096,0.2613,72.46,25.51,35.05,25.36,33.38,6.5,8.5,36.6,87.8,0.387,0.13,22.0,2.0,2.0,2.0,Yankee Stadium,119,,,,No,No,8,Yes,Yes,RotoWire projected lineup; MLB probable pitchers,lineup projected / unconfirmed,H:2026/2025 P:2026,,,Direct BvP not yet weighted; 2026/2025 Statcast baseline active,7,5,22,0,"Last 7 games: 5/22, 0 HR","switch hitter; pitcher baseline 8.5% barrel, 2.0 HR allowed",neutral batted-ball profile; pitcher fly-ball pressure modest,,
676480,Jose Barrero,BAL,NYY,2026-09-27T17:05:00Z,Scheduled,9,Elmer Rodríguez,695684,R,R,1.5,0.0414,88.5,92.6866,0.1342,0.0407,0.1079,72.83,27.34,79.0,33.81,6.0,0.3,8.5,36.6,87.8,0.387,0.13,22.0,2.0,2.0,2.0,Yankee Stadium,119,,,,No,No,9,Yes,Yes,RotoWire projected lineup; MLB probable pitchers,lineup projected / unconfirmed,H:2026/2025 P:2026,,,Direct BvP not yet weighted; 2026/2025 Statcast baseline active,2,1,6,0,"Last 2 games: 1/6, 0 HR","same-side matchup; pitcher baseline 8.5% barrel, 2.0 HR allowed",neutral batted-ball profile; pitcher fly-ball pressure modest,,
700250,Ben Rice,NYY,BAL,2026-09-27T17:05:00Z,Scheduled,1,Shane Baz,669358,R,L,14.63,0.2622,92.32,102.459,0.5236,0.252,0.3819,72.84,27.24,44.75,31.02,50.85,36.5,7.61,40.66,89.7,0.3951,0.1476,25.64,18.3,18.3,18.3,Yankee Stadium,119,,,,No,No,1,Yes,Yes,RotoWire projected lineup; MLB probable pitchers,lineup projected / unconfirmed,H:2026/2025 P:2026/2025,,,Direct BvP not yet weighted; 2026/2025 Statcast baseline active,7,7,25,2,Hot streak: 2 HR in last 7 games,"platoon edge; pitcher baseline 7.6% barrel, 18.3 HR allowed",lift-pull EV profile; pitcher fly-ball pressure modest,,
641355,Cody Bellinger,NYY,BAL,2026-09-27T17:05:00Z,Scheduled,2,Shane Baz,669358,R,L,6.87,0.1779,88.93,98.5475,0.4152,0.1505,0.3314,69.89,4.82,44.36,31.85,37.83,20.6,7.61,40.66,89.7,0.3951,0.1476,25.64,18.3,18.3,18.3,Yankee Stadium,119,,,,No,No,2,Yes,Yes,RotoWire projected lineup; MLB probable pitchers,lineup projected / unconfirmed,H:2026/2025 P:2026/2025,,,Direct BvP not yet weighted; 2026/2025 Statcast baseline active,7,3,28,1,"Last 7 games: 3/28, 1 HR","platoon edge; pitcher baseline 7.6% barrel, 18.3 HR allowed",neutral batted-ball profile; pitcher fly-ball pressure modest,,
671277,Luis Garcia,NYY,BAL,2026-09-27T17:05:00Z,Scheduled,3,Shane Baz,669358,R,L,11.24,0.2188,91.04,101.8194,0.4812,0.2037,0.3404,73.73,40.11,40.66,23.8,46.01,25.8,7.61,40.66,89.7,0.3951,0.1476,25.64,18.3,18.3,18.3,Yankee Stadium,119,,,,No,No,3,Yes,Yes,RotoWire projected lineup; MLB probable pitchers,lineup projected / unconfirmed,H:2026/2025 P:2026/2025,,,Direct BvP not yet weighted; 2026/2025 Statcast baseline active,7,3,26,0,"Last 7 games: 3/26, 0 HR","platoon edge; pitcher baseline 7.6% barrel, 18.3 HR allowed",neutral batted-ball profile; pitcher fly-ball pressure modest,,
682987,Spencer Jones,NYY,BAL,2026-09-27T17:05:00Z,Scheduled,4,Shane Baz,669358,R,L,15.9,0.184,94.1,104.2387,0.455,0.217,0.328,77.1,71.7,35.0,39.5,55.1,11.0,7.61,40.66,89.7,0.3951,0.1476,25.64,18.3,18.3,18.3,Yankee Stadium,119,,,,No,No,4,Yes,Yes,RotoWire projected lineup; MLB probable pitchers,lineup projected / unconfirmed,H:2026 P:2026/2025,,,Direct BvP not yet weighted; 2026/2025 Statcast baseline active,7,5,27,1,"Last 7 games: 5/27, 1 HR","platoon edge; pitcher baseline 7.6% barrel, 18.3 HR allowed",EV profile; pitcher fly-ball pressure modest,,
806146,George Lombard,NYY,BAL,2026-09-27T17:05:00Z,Scheduled,5,Shane Baz,669358,R,R,8.2,0.177,87.1,99.126,0.388,0.148,0.298,72.4,26.5,36.9,24.3,35.1,7.0,7.61,40.66,89.7,0.3951,0.1476,25.64,18.3,18.3,18.3,Yankee Stadium,119,,,,No,No,5,Yes,Yes,RotoWire projected lineup; MLB probable pitchers,lineup projected / unconfirmed,H:2026 P:2026/2025,,,Direct BvP not yet weighted; 2026/2025 Statcast baseline active,7,7,28,3,Hot streak: 3 HR in last 7 games,"same-side matchup; pitcher baseline 7.6% barrel, 18.3 HR allowed",neutral batted-ball profile; pitcher fly-ball pressure modest,,
665862,Jazz Chisholm,NYY,BAL,2026-09-27T17:05:00Z,Scheduled,6,Shane Baz,669358,R,L,10.24,0.1893,89.98,100.4248,0.4005,0.1791,0.3093,73.2,32.25,50.3,30.19,42.95,22.6,7.61,40.66,89.7,0.3951,0.1476,25.64,18.3,18.3,18.3,Yankee Stadium,119,,,,No,No,6,Yes,Yes,RotoWire projected lineup; MLB probable pitchers,lineup projected / unconfirmed,H:2026/2025 P:2026/2025,,,Direct BvP not yet weighted; 2026/2025 Statcast baseline active,7,5,23,0,"Last 7 games: 5/23, 0 HR","platoon edge; pitcher baseline 7.6% barrel, 18.3 HR allowed",neutral batted-ball profile; pitcher fly-ball pressure modest,,
671218,Heliot Ramos,NYY,BAL,2026-09-27T17:05:00Z,Scheduled,7,Shane Baz,669358,R,R,12.3,0.1594,92.08,103.033,0.4373,0.1855,0.3263,73.13,33.52,33.73,24.35,48.1,15.4,7.61,40.66,89.7,0.3951,0.1476,25.64,18.3,18.3,18.3,Yankee Stadium,119,,,,No,No,7,Yes,Yes,RotoWire projected lineup; MLB probable pitchers,lineup projected / unconfirmed,H:2026/2025 P:2026/2025,,,Direct BvP not yet weighted; 2026/2025 Statcast baseline active,7,8,27,1,"Last 7 games: 8/27, 1 HR","same-side matchup; pitcher baseline 7.6% barrel, 18.3 HR allowed",EV profile; pitcher fly-ball pressure modest,,
669224,Austin Wells,NYY,BAL,2026-09-27T17:05:00Z,Scheduled,8,Shane Baz,669358,R,L,8.45,0.1673,89.69,100.6866,0.3711,0.1626,0.2973,72.98,28.09,44.91,34.05,43.45,16.1,7.61,40.66,89.7,0.3951,0.1476,25.64,18.3,18.3,18.3,Yankee Stadium,119,,,,No,No,8,Yes,Yes,RotoWire projected lineup; MLB probable pitchers,lineup projected / unconfirmed,H:2026/2025 P:2026/2025,,,Direct BvP not yet weighted; 2026/2025 Statcast baseline active,7,5,17,2,Hot streak: 2 HR in last 7 games,"platoon edge; pitcher baseline 7.6% barrel, 18.3 HR allowed",neutral batted-ball profile; pitcher fly-ball pressure modest,,
641857,Ryan McMahon,NYY,BAL,2026-09-27T17:05:00Z,Scheduled,9,Shane Baz,669358,R,L,9.93,0.1509,91.34,101.8275,0.3924,0.1667,0.3045,74.49,46.34,41.41,31.12,46.51,13.7,7.61,40.66,89.7,0.3951,0.1476,25.64,18.3,18.3,18.3,Yankee Stadium,119,,,,No,No,9,Yes,Yes,RotoWire projected lineup; MLB probable pitchers,lineup projected / unconfirmed,H:2026/2025 P:2026/2025,,,Direct BvP not yet weighted; 2026/2025 Statcast baseline active,7,4,19,1,"Last 7 games: 4/19, 1 HR","platoon edge; pitcher baseline 7.6% barrel, 18.3 HR allowed",neutral batted-ball profile; pitcher fly-ball pressure modest,,
691718,Pete Crow-Armstrong,CHC,BOS,2026-09-27T19:05:00Z,Scheduled,1,,,,L,13.24,0.2746,90.27,101.8384,0.4981,0.2414,0.3581,74.38,46.14,50.51,34.17,46.43,40.8,,,,,,,,,,Tropicana Field,100,,,,No,No,1,Yes,Yes,RotoWire projected lineup; MLB probable pitchers,lineup projected / unconfirmed,H:2026/2025 P:,,,Direct BvP not yet weighted; 2026/2025 Statcast baseline active,7,7,28,1,"Last 7 games: 7/28, 1 HR","handedness incomplete; pitcher baseline 0.0% barrel, 0.0 HR allowed",neutral batted-ball profile; pitcher fly-ball pressure modest,,
673548,Seiya Suzuki,CHC,BOS,2026-09-27T19:05:00Z,Scheduled,2,,,,R,12.47,0.212,89.41,101.044,0.4471,0.2008,0.3436,73.3,36.48,41.27,31.97,41.84,27.8,,,,,,,,,,Tropicana Field,100,,,,No,No,2,Yes,Yes,RotoWire projected lineup; MLB probable pitchers,lineup projected / unconfirmed,H:2026/2025 P:,,,Direct BvP not yet weighted; 2026/2025 Statcast baseline active,7,10,28,2,Hot streak: 2 HR in last 7 games,"handedness incomplete; pitcher baseline 0.0% barrel, 0.0 HR allowed",neutral batted-ball profile; pitcher fly-ball pressure modest,,
683737,Michael Busch,CHC,BOS,2026-09-27T19:05:00Z,Scheduled,3,,,,L,11.57,0.185,89.54,99.7247,0.4458,0.2048,0.3458,68.9,5.85,40.98,35.32,42.05,24.2,,,,,,,,,,Tropicana Field,100,,,,No,No,3,Yes,Yes,RotoWire projected lineup; MLB probable pitchers,lineup projected / unconfirmed,H:2026/2025 P:,,,Direct BvP not yet weighted; 2026/2025 Statcast baseline active,7,10,26,1,Contact streak: 10/26 over last 7 games,"handedness incomplete; pitcher baseline 0.0% barrel, 0.0 HR allowed",fly-ball profile; pitcher fly-ball pressure modest,,
608324,Alex Bregman,CHC,BOS,2026-09-27T19:05:00Z,Scheduled,4,,,,R,6.25,0.189,88.7,98.3591,0.3955,0.1453,0.3265,70.16,5.01,47.49,27.3,39.5,23.6,,,,,,,,,,Tropicana Field,100,,,,No,No,4,Yes,Yes,RotoWire projected lineup; MLB probable pitchers,lineup projected / unconfirmed,H:2026/2025 P:,,,Direct BvP not yet weighted; 2026/2025 Statcast baseline active,7,4,25,1,"Last 7 games: 4/25, 1 HR","handedness incomplete; pitcher baseline 0.0% barrel, 0.0 HR allowed",neutral batted-ball profile; pitcher fly-ball pressure modest,,
664023,Ian Happ,CHC,BOS,2026-09-27T19:05:00Z,Scheduled,5,,,,S,10.96,0.1903,89.51,100.7344,0.4115,0.1888,0.326,71.74,17.8,44.4,30.71,42.79,23.7,,,,,,,,,,Tropicana Field,100,,,,No,No,5,Yes,Yes,RotoWire projected lineup; MLB probable pitchers,lineup projected / unconfirmed,H:2026/2025 P:,,,Direct BvP not yet weighted; 2026/2025 Statcast baseline active,7,5,22,0,"Last 7 games: 5/22, 0 HR","switch hitter; pitcher baseline 0.0% barrel, 0.0 HR allowed",neutral batted-ball profile; pitcher fly-ball pressure modest,,
663538,Nico Hoerner,CHC,BOS,2026-09-27T19:05:00Z,Scheduled,6,,,,R,1.7,0.09,86.21,96.3141,0.3805,0.0843,0.3227,68.33,1.83,33.22,21.7,29.53,7.7,,,,,,,,,,Tropicana Field,100,,,,No,No,6,Yes,Yes,RotoWire projected lineup; MLB probable pitchers,lineup projected / unconfirmed,H:2026/2025 P:,,,Direct BvP not yet weighted; 2026/2025 Statcast baseline active,7,7,26,0,"Last 7 games: 7/26, 0 HR","handedness incomplete; pitcher baseline 0.0% barrel, 0.0 HR allowed",neutral batted-ball profile; pitcher fly-ball pressure modest,,
624424,Michael Conforto,CHC,BOS,2026-09-27T19:05:00Z,Scheduled,7,,,,L,11.03,0.2005,90.25,100.6403,0.4275,0.1931,0.3307,72.92,33.09,43.81,32.94,42.67,14.1,,,,,,,,,,Tropicana Field,100,,,,No,No,7,Yes,Yes,RotoWire projected lineup; MLB probable pitchers,lineup projected / unconfirmed,H:2026/2025 P:,,,Direct BvP not yet weighted; 2026/2025 Statcast baseline active,7,6,25,1,"Last 7 games: 6/25, 1 HR","handedness incomplete; pitcher baseline 0.0% barrel, 0.0 HR allowed",neutral batted-ball profile; pitcher fly-ball pressure modest,,
608348,Carson Kelly,CHC,BOS,2026-09-27T19:05:00Z,Scheduled,8,,,,R,6.52,0.1363,87.33,98.6942,0.3837,0.1421,0.314,70.54,7.91,40.48,25.85,37.36,12.1,,,,,,,,,,Tropicana Field,100,,,,No,No,8,Yes,Yes,RotoWire projected lineup; MLB probable pitchers,lineup projected / unconfirmed,H:2026/2025 P:,,,Direct BvP not yet weighted; 2026/2025 Statcast baseline active,7,5,22,0,"Last 7 games: 5/22, 0 HR","handedness incomplete; pitcher baseline 0.0% barrel, 0.0 HR allowed",neutral batted-ball profile; pitcher fly-ball pressure modest,,
621020,Dansby Swanson,CHC,BOS,2026-09-27T19:05:00Z,Scheduled,9,,,,R,8.62,0.1821,89.73,99.9083,0.4098,0.1757,0.3149,71.32,8.61,47.83,29.19,42.83,20.5,,,,,,,,,,Tropicana Field,100,,,,No,No,9,Yes,Yes,RotoWire projected lineup; MLB probable pitchers,lineup projected / unconfirmed,H:2026/2025 P:,,,Direct BvP not yet weighted; 2026/2025 Statcast baseline active,7,4,22,1,"Last 7 games: 4/22, 1 HR","handedness incomplete; pitcher baseline 0.0% barrel, 0.0 HR allowed",neutral batted-ball profile; pitcher fly-ball pressure modest,,
701350,Roman Anthony,BOS,CHC,2026-09-27T19:05:00Z,Scheduled,1,,,,L,12.87,0.1577,92.75,102.8785,0.4448,0.184,0.3524,75.42,54.21,40.63,23.21,50.71,5.9,,,,,,,,,,Tropicana Field,100,,,,No,No,1,Yes,Yes,RotoWire projected lineup; MLB probable pitchers,lineup projected / unconfirmed,H:2026/2025 P:,,,Direct BvP not yet weighted; 2026/2025 Statcast baseline active,7,10,28,1,Contact streak: 10/28 over last 7 games,"handedness incomplete; pitcher baseline 0.0% barrel, 0.0 HR allowed",EV profile; pitcher fly-ball pressure modest,,
686765,Nick Sogard,BOS,CHC,2026-09-27T19:05:00Z,Scheduled,2,,,,S,5.04,0.1176,86.42,96.7198,0.3589,0.11,0.3062,68.71,3.68,44.54,24.93,30.01,3.5,,,,,,,,,,Tropicana Field,100,,,,No,No,2,Yes,Yes,RotoWire projected lineup; MLB probable pitchers,lineup projected / unconfirmed,H:2026/2025 P:,,,Direct BvP not yet weighted; 2026/2025 Statcast baseline active,7,7,28,0,"Last 7 games: 7/28, 0 HR","switch hitter; pitcher baseline 0.0% barrel, 0.0 HR allowed",neutral batted-ball profile; pitcher fly-ball pressure modest,,
668939,Adley Rutschman,BOS,CHC,2026-09-27T19:05:00Z,Scheduled,3,,,,S,6.94,0.1677,89.05,99.1699,0.4086,0.1592,0.325,70.42,11.93,39.03,29.71,38.53,11.1,,,,,,,,,,Tropicana Field,100,,,,No,No,3,Yes,Yes,RotoWire projected lineup; MLB probable pitchers,lineup projected / unconfirmed,H:2026/2025 P:,,,Direct BvP not yet weighted; 2026/2025 Statcast baseline active,7,9,28,0,Contact streak: 9/28 over last 7 games,"switch hitter; pitcher baseline 0.0% barrel, 0.0 HR allowed",neutral batted-ball profile; pitcher fly-ball pressure modest,,
677800,Wilyer Abreu,BOS,CHC,2026-09-27T19:05:00Z,Scheduled,4,,,,L,12.51,0.2059,90.1,101.3273,0.4715,0.2215,0.3434,73.89,37.75,38.04,37.1,43.92,23.4,,,,,,,,,,Tropicana Field,100,,,,No,No,4,Yes,Yes,RotoWire projected lineup; MLB probable pitchers,lineup projected / unconfirmed,H:2026/2025 P:,,,Direct BvP not yet weighted; 2026/2025 Statcast baseline active,7,4,27,0,"Last 7 games: 4/27, 0 HR","handedness incomplete; pitcher baseline 0.0% barrel, 0.0 HR allowed",fly-ball profile; pitcher fly-ball pressure modest,,
596115,Trevor Story,BOS,CHC,2026-09-27T19:05:00Z,Scheduled,5,,,,R,6.82,0.1322,88.39,99.6508,0.3489,0.1261,0.2662,70.96,13.61,42.16,25.16,39.58,11.0,,,,,,,,,,Tropicana Field,100,,,,No,No,5,Yes,Yes,RotoWire projected lineup; MLB probable pitchers,lineup projected / unconfirmed,H:2026/2025 P:,,,Direct BvP not yet weighted; 2026/2025 Statcast baseline active,7,5,25,2,Hot streak: 2 HR in last 7 games,"handedness incomplete; pitcher baseline 0.0% barrel, 0.0 HR allowed",neutral batted-ball profile; pitcher fly-ball pressure modest,,
678882,Ceddanne Rafaela,BOS,CHC,2026-09-27T19:05:00Z,Scheduled,6,,,,R,6.54,0.1615,86.97,97.7477,0.3782,0.1313,0.2903,69.95,8.62,35.29,25.93,34.01,16.0,,,,,,,,,,Tropicana Field,100,,,,No,No,6,Yes,Yes,RotoWire projected lineup; MLB probable pitchers,lineup projected / unconfirmed,H:2026/2025 P:,,,Direct BvP not yet weighted; 2026/2025 Statcast baseline active,7,5,23,0,"Last 7 games: 5/23, 0 HR","handedness incomplete; pitcher baseline 0.0% barrel, 0.0 HR allowed",neutral batted-ball profile; pitcher fly-ball pressure modest,,
680776,Jarren Duran,BOS,CHC,2026-09-27T19:05:00Z,Scheduled,7,,,,L,9.35,0.1636,90.26,101.932,0.3953,0.155,0.3085,74.91,49.82,37.78,23.49,41.9,18.8,,,,,,,,,,Tropicana Field,100,,,,No,No,7,Yes,Yes,RotoWire projected lineup; MLB probable pitchers,lineup projected / unconfirmed,H:2026/2025 P:,,,Direct BvP not yet weighted; 2026/2025 Statcast baseline active,7,6,17,0,Contact streak: 6/17 over last 7 games,"handedness incomplete; pitcher baseline 0.0% barrel, 0.0 HR allowed",neutral batted-ball profile; pitcher fly-ball pressure modest,,
702332,Caleb Durbin,BOS,CHC,2026-09-27T19:05:00Z,Scheduled,8,,,,R,3.16,0.131,83.73,95.4512,0.3312,0.0895,0.2987,68.81,4.74,41.3,20.38,25.71,12.4,,,,,,,,,,Tropicana Field,100,,,,No,No,8,Yes,Yes,RotoWire projected lineup; MLB probable pitchers,lineup projected / unconfirmed,H:2026/2025 P:,,,Direct BvP not yet weighted; 2026/2025 Statcast baseline active,7,6,24,0,"Last 7 games: 6/24, 0 HR","handedness incomplete; pitcher baseline 0.0% barrel, 0.0 HR allowed",neutral batted-ball profile; pitcher fly-ball pressure modest,,
643396,Isiah Kiner-Falefa,BOS,CHC,2026-09-27T19:05:00Z,Scheduled,9,,,,R,1.96,0.0699,83.13,95.0524,0.3145,0.0618,0.2865,67.83,2.95,38.92,14.6,26.1,2.0,,,,,,,,,,Tropicana Field,100,,,,No,No,9,Yes,Yes,RotoWire projected lineup; MLB probable pitchers,lineup projected / unconfirmed,H:2026/2025 P:,,,Direct BvP not yet weighted; 2026/2025 Statcast baseline active,7,2,17,0,"Last 7 games: 2/17, 0 HR","handedness incomplete; pitcher baseline 0.0% barrel, 0.0 HR allowed",neutral batted-ball profile; pitcher fly-ball pressure modest,,
665161,Jeremy Pena,HOU,ATH,2026-09-27T19:05:00Z,Scheduled,1,Seth Johnson,686751,R,R,7.57,0.1926,88.69,100.0341,0.4327,0.1641,0.3298,72.3,16.16,46.76,24.99,40.45,20.5,11.13,48.5,90.58,0.3669,0.1444,22.32,4.4,4.4,4.4,Sutter Health Park,106,,,,No,No,1,Yes,Yes,RotoWire projected lineup; MLB probable pitchers,lineup projected / unconfirmed,H:2026/2025 P:2026/2025,,,Direct BvP not yet weighted; 2026/2025 Statcast baseline active,7,8,29,2,Hot streak: 2 HR in last 7 games,"same-side matchup; pitcher baseline 11.1% barrel, 4.4 HR allowed",neutral batted-ball profile; pitcher fly-ball pressure modest,,
670541,Yordan Alvarez,HOU,ATH,2026-09-27T19:05:00Z,Scheduled,2,Seth Johnson,686751,R,L,15.41,0.2487,94.49,104.8321,0.6127,0.3035,0.428,76.1,61.87,40.95,35.89,53.6,31.2,11.13,48.5,90.58,0.3669,0.1444,22.32,4.4,4.4,4.4,Sutter Health Park,106,,,,No,No,2,Yes,Yes,RotoWire projected lineup; MLB probable pitchers,lineup projected / unconfirmed,H:2026/2025 P:2026/2025,,,Direct BvP not yet weighted; 2026/2025 Statcast baseline active,7,11,28,2,Hot streak: 2 HR in last 7 games,"platoon edge; pitcher baseline 11.1% barrel, 4.4 HR allowed",lift-pull EV profile; pitcher fly-ball pressure modest,,
670623,Isaac Paredes,HOU,ATH,2026-09-27T19:05:00Z,Scheduled,3,Seth Johnson,686751,R,R,5.25,0.1914,86.49,97.0057,0.3758,0.1334,0.3221,67.74,7.57,51.65,31.22,30.73,23.5,11.13,48.5,90.58,0.3669,0.1444,22.32,4.4,4.4,4.4,Sutter Health Park,106,,,,No,No,3,Yes,Yes,RotoWire projected lineup; MLB probable pitchers,lineup projected / unconfirmed,H:2026/2025 P:2026/2025,,,Direct BvP not yet weighted; 2026/2025 Statcast baseline active,7,9,26,4,Hot streak: 4 HR in last 7 games,"same-side matchup; pitcher baseline 11.1% barrel, 4.4 HR allowed",neutral batted-ball profile; pitcher fly-ball pressure modest,,
514888,Jose Altuve,HOU,ATH,2026-09-27T19:05:00Z,Scheduled,4,Seth Johnson,686751,R,R,4.8,0.156,85.52,97.0322,0.3427,0.1155,0.2797,68.93,9.71,45.71,22.86,31.39,19.0,11.13,48.5,90.58,0.3669,0.1444,22.32,4.4,4.4,4.4,Sutter Health Park,106,,,,No,No,4,Yes,Yes,RotoWire projected lineup; MLB probable pitchers,lineup projected / unconfirmed,H:2026/2025 P:2026/2025,,,Direct BvP not yet weighted; 2026/2025 Statcast baseline active,7,11,29,1,Contact streak: 11/29 over last 7 games,"same-side matchup; pitcher baseline 11.1% barrel, 4.4 HR allowed",neutral batted-ball profile; pitcher fly-ball pressure modest,,
673237,Yainer Diaz,HOU,ATH,2026-09-27T19:05:00Z,Scheduled,5,Seth Johnson,686751,R,R,7.78,0.1701,89.41,100.0384,0.4307,0.1606,0.3169,72.48,22.37,36.56,19.24,39.4,15.8,11.13,48.5,90.58,0.3669,0.1444,22.32,4.4,4.4,4.4,Sutter Health Park,106,,,,No,No,5,Yes,Yes,RotoWire projected lineup; MLB probable pitchers,lineup projected / unconfirmed,H:2026/2025 P:2026/2025,,,Direct BvP not yet weighted; 2026/2025 Statcast baseline active,7,11,31,2,Hot streak: 2 HR in last 7 games,"same-side matchup; pitcher baseline 11.1% barrel, 4.4 HR allowed",neutral batted-ball profile; pitcher fly-ball pressure modest,,
572233,Christian Walker,HOU,ATH,2026-09-27T19:05:00Z,Scheduled,6,Seth Johnson,686751,R,R,10.45,0.1928,89.64,101.5015,0.4063,0.1785,0.3063,74.24,43.06,41.57,28.49,42.39,27.7,11.13,48.5,90.58,0.3669,0.1444,22.32,4.4,4.4,4.4,Sutter Health Park,106,,,,No,No,6,Yes,Yes,RotoWire projected lineup; MLB probable pitchers,lineup projected / unconfirmed,H:2026/2025 P:2026/2025,,,Direct BvP not yet weighted; 2026/2025 Statcast baseline active,7,8,27,3,Hot streak: 3 HR in last 7 games,"same-side matchup; pitcher baseline 11.1% barrel, 4.4 HR allowed",neutral batted-ball profile; pitcher fly-ball pressure modest,,
701358,Cam Smith,HOU,ATH,2026-09-27T19:05:00Z,Scheduled,7,Seth Johnson,686751,R,R,9.98,0.1633,88.39,101.2947,0.4061,0.1725,0.3124,76.95,68.95,37.7,25.28,42.55,17.4,11.13,48.5,90.58,0.3669,0.1444,22.32,4.4,4.4,4.4,Sutter Health Park,106,,,,No,No,7,Yes,Yes,RotoWire projected lineup; MLB probable pitchers,lineup projected / unconfirmed,H:2026/2025 P:2026/2025,,,Direct BvP not yet weighted; 2026/2025 Statcast baseline active,7,3,25,1,"Last 7 games: 3/25, 1 HR","same-side matchup; pitcher baseline 11.1% barrel, 4.4 HR allowed",neutral batted-ball profile; pitcher fly-ball pressure modest,,
828599,Lucas Spence,HOU,ATH,2026-09-27T19:05:00Z,Scheduled,8,Seth Johnson,686751,R,L,12.9,0.264,92.2,102.4463,0.395,0.196,0.29,73.7,34.0,54.8,25.8,51.6,4.0,11.13,48.5,90.58,0.3669,0.1444,22.32,4.4,4.4,4.4,Sutter Health Park,106,,,,No,No,8,Yes,Yes,RotoWire projected lineup; MLB probable pitchers,lineup projected / unconfirmed,H:2026 P:2026/2025,,,Direct BvP not yet weighted; 2026/2025 Statcast baseline active,7,6,17,4,Hot streak: 4 HR in last 7 games,"platoon edge; pitcher baseline 11.1% barrel, 4.4 HR allowed",EV profile; pitcher fly-ball pressure modest,,
676369,Nelson Velazquez,HOU,ATH,2026-09-27T19:05:00Z,Scheduled,9,Seth Johnson,686751,R,R,13.8,0.218,94.8,103.1435,0.486,0.254,0.34,74.7,52.3,43.1,36.9,61.5,6.0,11.13,48.5,90.58,0.3669,0.1444,22.32,4.4,4.4,4.4,Sutter Health Park,106,,,,No,No,9,Yes,Yes,RotoWire projected lineup; MLB probable pitchers,lineup projected / unconfirmed,H:2026 P:2026/2025,,,Direct BvP not yet weighted; 2026/2025 Statcast baseline active,7,1,7,1,"Last 7 games: 1/7, 1 HR","same-side matchup; pitcher baseline 11.1% barrel, 4.4 HR allowed",lift-pull EV profile; pitcher fly-ball pressure modest,,
703607,Henry Bolte,ATH,HOU,2026-09-27T19:05:00Z,Scheduled,1,Peter Lambert,663567,R,R,8.2,0.129,91.0,104.4309,0.377,0.13,0.318,76.8,70.3,32.3,14.9,48.8,11.0,6.9,35.6,88.2,0.361,0.14,32.4,17.0,17.0,17.0,Sutter Health Park,106,,,,No,No,1,Yes,Yes,RotoWire projected lineup; MLB probable pitchers,lineup projected / unconfirmed,H:2026 P:2026,,,Direct BvP not yet weighted; 2026/2025 Statcast baseline active,7,11,31,0,Contact streak: 11/31 over last 7 games,"same-side matchup; pitcher baseline 6.9% barrel, 17.0 HR allowed",neutral batted-ball profile; pitcher allows elevated contact,,
643446,Jeff McNeil,ATH,HOU,2026-09-27T19:05:00Z,Scheduled,2,Peter Lambert,663567,R,L,2.72,0.1239,86.57,96.5671,0.3698,0.1006,0.309,69.3,5.72,43.42,23.82,30.73,9.9,6.9,35.6,88.2,0.361,0.14,32.4,17.0,17.0,17.0,Sutter Health Park,106,,,,No,No,2,Yes,Yes,RotoWire projected lineup; MLB probable pitchers,lineup projected / unconfirmed,H:2026/2025 P:2026,,,Direct BvP not yet weighted; 2026/2025 Statcast baseline active,7,5,22,1,"Last 7 games: 5/22, 1 HR","platoon edge; pitcher baseline 6.9% barrel, 17.0 HR allowed",neutral batted-ball profile; pitcher allows elevated contact,,
669127,Shea Langeliers,ATH,HOU,2026-09-27T19:05:00Z,Scheduled,3,Peter Lambert,663567,R,R,12.77,0.2271,91.18,102.2376,0.4843,0.2221,0.3458,74.71,48.26,40.37,29.63,43.78,25.4,6.9,35.6,88.2,0.361,0.14,32.4,17.0,17.0,17.0,Sutter Health Park,106,,,,No,No,3,Yes,Yes,RotoWire projected lineup; MLB probable pitchers,lineup projected / unconfirmed,H:2026/2025 P:2026,,,Direct BvP not yet weighted; 2026/2025 Statcast baseline active,7,7,30,0,"Last 7 games: 7/30, 0 HR","same-side matchup; pitcher baseline 6.9% barrel, 17.0 HR allowed",neutral batted-ball profile; pitcher allows elevated contact,,
671732,Lawrence Butler,ATH,HOU,2026-09-27T19:05:00Z,Scheduled,4,Peter Lambert,663567,R,L,8.85,0.1609,90.01,101.89,0.3975,0.1577,0.3204,73.63,37.81,35.66,21.93,44.82,18.2,6.9,35.6,88.2,0.361,0.14,32.4,17.0,17.0,17.0,Sutter Health Park,106,,,,No,No,4,Yes,Yes,RotoWire projected lineup; MLB probable pitchers,lineup projected / unconfirmed,H:2026/2025 P:2026,,,Direct BvP not yet weighted; 2026/2025 Statcast baseline active,7,9,28,0,Contact streak: 9/28 over last 7 games,"platoon edge; pitcher baseline 6.9% barrel, 17.0 HR allowed",neutral batted-ball profile; pitcher allows elevated contact,,
680869,Zack Gelof,ATH,HOU,2026-09-27T19:05:00Z,Scheduled,5,Peter Lambert,663567,R,R,11.31,0.1834,89.22,99.9737,0.3991,0.1886,0.2939,73.29,26.94,40.09,28.78,44.4,16.0,6.9,35.6,88.2,0.361,0.14,32.4,17.0,17.0,17.0,Sutter Health Park,106,,,,No,No,5,Yes,Yes,RotoWire projected lineup; MLB probable pitchers,lineup projected / unconfirmed,H:2026/2025 P:2026,,,Direct BvP not yet weighted; 2026/2025 Statcast baseline active,7,11,26,3,Hot streak: 3 HR in last 7 games,"same-side matchup; pitcher baseline 6.9% barrel, 17.0 HR allowed",neutral batted-ball profile; pitcher allows elevated contact,,
622268,Donovan Walton,ATH,HOU,2026-09-27T19:05:00Z,Scheduled,6,Peter Lambert,663567,R,L,3.36,0.1323,88.54,97.2063,0.3639,0.104,0.309,67.99,0.49,38.4,22.58,33.44,6.3,6.9,35.6,88.2,0.361,0.14,32.4,17.0,17.0,17.0,Sutter Health Park,106,,,,No,No,6,Yes,Yes,RotoWire projected lineup; MLB probable pitchers,lineup projected / unconfirmed,H:2026/2025 P:2026,,,Direct BvP not yet weighted; 2026/2025 Statcast baseline active,7,6,19,2,Hot streak: 2 HR in last 7 games,"platoon edge; pitcher baseline 6.9% barrel, 17.0 HR allowed",neutral batted-ball profile; pitcher allows elevated contact,,
666126,Carlos Cortes,ATH,HOU,2026-09-27T19:05:00Z,Scheduled,7,Peter Lambert,663567,R,L,7.03,0.1731,88.82,99.3003,0.3912,0.142,0.3049,70.69,13.99,30.62,22.87,38.4,8.2,6.9,35.6,88.2,0.361,0.14,32.4,17.0,17.0,17.0,Sutter Health Park,106,,,,No,No,7,Yes,Yes,RotoWire projected lineup; MLB probable pitchers,lineup projected / unconfirmed,H:2026/2025 P:2026,,,Direct BvP not yet weighted; 2026/2025 Statcast baseline active,7,4,16,1,"Last 7 games: 4/16, 1 HR","platoon edge; pitcher baseline 6.9% barrel, 17.0 HR allowed",neutral batted-ball profile; pitcher allows elevated contact,,
641680,Jonah Heim,ATH,HOU,2026-09-27T19:05:00Z,Scheduled,8,Peter Lambert,663567,R,S,5.96,0.1491,87.54,97.75,0.3565,0.1319,0.2823,69.84,9.45,39.65,26.71,33.38,12.4,6.9,35.6,88.2,0.361,0.14,32.4,17.0,17.0,17.0,Sutter Health Park,106,,,,No,No,8,Yes,Yes,RotoWire projected lineup; MLB probable pitchers,lineup projected / unconfirmed,H:2026/2025 P:2026,,,Direct BvP not yet weighted; 2026/2025 Statcast baseline active,7,4,21,0,"Last 7 games: 4/21, 0 HR","switch hitter; pitcher baseline 6.9% barrel, 17.0 HR allowed",neutral batted-ball profile; pitcher allows elevated contact,,
675961,Alika Williams,ATH,HOU,2026-09-27T19:05:00Z,Scheduled,9,Peter Lambert,663567,R,R,1.2,0.158,84.7,97.0521,0.299,0.082,0.248,69.1,3.1,43.8,23.1,32.7,4.0,6.9,35.6,88.2,0.361,0.14,32.4,17.0,17.0,17.0,Sutter Health Park,106,,,,No,No,9,Yes,Yes,RotoWire projected lineup; MLB probable pitchers,lineup projected / unconfirmed,H:2026 P:2026,,,Direct BvP not yet weighted; 2026/2025 Statcast baseline active,7,7,19,0,Contact streak: 7/19 over last 7 games,"same-side matchup; pitcher baseline 6.9% barrel, 17.0 HR allowed",neutral batted-ball profile; pitcher allows elevated contact,,
660271,Shohei Ohtani,LAD,SF,2026-09-27T19:05:00Z,Scheduled,1,Carson Seymour,693313,R,L,18.53,0.2686,93.78,104.4561,0.5811,0.2994,0.4054,75.03,52.94,46.35,32.13,54.01,37.5,11.09,41.3,89.3,0.5045,0.2124,23.68,6.9,6.9,6.9,Oracle Park,85,,,,No,No,1,Yes,Yes,RotoWire projected lineup; MLB probable pitchers,lineup projected / unconfirmed,H:2026/2025 P:2026/2025,,,Direct BvP not yet weighted; 2026/2025 Statcast baseline active,7,5,27,0,"Last 7 games: 5/27, 0 HR","platoon edge; pitcher baseline 11.1% barrel, 6.9 HR allowed",lift-pull EV profile; pitcher fly-ball pressure modest,,
605141,Mookie Betts,LAD,SF,2026-09-27T19:05:00Z,Scheduled,2,Carson Seymour,693313,R,R,7.11,0.183,89.87,98.5265,0.4325,0.1567,0.3377,69.46,8.6,40.94,33.31,37.34,22.1,11.09,41.3,89.3,0.5045,0.2124,23.68,6.9,6.9,6.9,Oracle Park,85,,,,No,No,2,Yes,Yes,RotoWire projected lineup; MLB probable pitchers,lineup projected / unconfirmed,H:2026/2025 P:2026/2025,,,Direct BvP not yet weighted; 2026/2025 Statcast baseline active,7,9,28,1,Contact streak: 9/28 over last 7 games,"same-side matchup; pitcher baseline 11.1% barrel, 6.9 HR allowed",neutral batted-ball profile; pitcher fly-ball pressure modest,,
518692,Freddie Freeman,LAD,SF,2026-09-27T19:05:00Z,Scheduled,3,Carson Seymour,693313,R,L,8.79,0.1615,89.92,100.1476,0.4649,0.1811,0.3598,70.01,7.77,36.33,26.86,42.55,18.4,11.09,41.3,89.3,0.5045,0.2124,23.68,6.9,6.9,6.9,Oracle Park,85,,,,No,No,3,Yes,Yes,RotoWire projected lineup; MLB probable pitchers,lineup projected / unconfirmed,H:2026/2025 P:2026/2025,,,Direct BvP not yet weighted; 2026/2025 Statcast baseline active,7,6,30,0,"Last 7 games: 6/30, 0 HR","platoon edge; pitcher baseline 11.1% barrel, 6.9 HR allowed",neutral batted-ball profile; pitcher fly-ball pressure modest,,
669257,Will Smith,LAD,SF,2026-09-27T19:05:00Z,Scheduled,4,Carson Seymour,693313,R,R,12.34,0.1765,89.76,100.2559,0.5002,0.2249,0.3857,69.84,6.31,30.74,39.15,42.97,12.1,11.09,41.3,89.3,0.5045,0.2124,23.68,6.9,6.9,6.9,Oracle Park,85,,,,No,No,4,Yes,Yes,RotoWire projected lineup; MLB probable pitchers,lineup projected / unconfirmed,H:2026/2025 P:2026/2025,,,Direct BvP not yet weighted; 2026/2025 Statcast baseline active,7,10,23,3,Hot streak: 3 HR in last 7 games,"same-side matchup; pitcher baseline 11.1% barrel, 6.9 HR allowed",fly-ball profile; pitcher fly-ball pressure modest,,
691777,Max Muncy,LAD,SF,2026-09-27T19:05:00Z,Scheduled,5,Carson Seymour,693313,R,R,10.52,0.1594,88.5,100.9708,0.3621,0.1493,0.2817,73.8,42.11,43.52,22.51,40.17,9.0,11.09,41.3,89.3,0.5045,0.2124,23.68,6.9,6.9,6.9,Oracle Park,85,,,,No,No,5,Yes,Yes,RotoWire projected lineup; MLB probable pitchers,lineup projected / unconfirmed,H:2026/2025 P:2026/2025,,,Direct BvP not yet weighted; 2026/2025 Statcast baseline active,7,5,17,0,"Last 7 games: 5/17, 0 HR","same-side matchup; pitcher baseline 11.1% barrel, 6.9 HR allowed",neutral batted-ball profile; pitcher fly-ball pressure modest,,
663656,Kyle Tucker,LAD,SF,2026-09-27T19:05:00Z,Scheduled,6,Carson Seymour,693313,R,L,7.72,0.1665,88.98,98.7401,0.42,0.1605,0.344,71.58,20.66,43.1,34.24,37.67,18.5,11.09,41.3,89.3,0.5045,0.2124,23.68,6.9,6.9,6.9,Oracle Park,85,,,,No,No,6,Yes,Yes,RotoWire projected lineup; MLB probable pitchers,lineup projected / unconfirmed,H:2026/2025 P:2026/2025,,,Direct BvP not yet weighted; 2026/2025 Statcast baseline active,7,5,23,0,"Last 7 games: 5/23, 0 HR","platoon edge; pitcher baseline 11.1% barrel, 6.9 HR allowed",neutral batted-ball profile; pitcher fly-ball pressure modest,,
606192,Teoscar Hernandez,LAD,SF,2026-09-27T19:05:00Z,Scheduled,7,Carson Seymour,693313,R,R,11.01,0.1734,90.27,101.6511,0.4434,0.1885,0.3303,72.62,26.95,35.2,28.4,45.54,18.7,11.09,41.3,89.3,0.5045,0.2124,23.68,6.9,6.9,6.9,Oracle Park,85,,,,No,No,7,Yes,Yes,RotoWire projected lineup; MLB probable pitchers,lineup projected / unconfirmed,H:2026/2025 P:2026/2025,,,Direct BvP not yet weighted; 2026/2025 Statcast baseline active,7,9,27,1,Contact streak: 9/27 over last 7 games,"same-side matchup; pitcher baseline 11.1% barrel, 6.9 HR allowed",neutral batted-ball profile; pitcher fly-ball pressure modest,,
681624,Andy Pages,LAD,SF,2026-09-27T19:05:00Z,Scheduled,8,Carson Seymour,693313,R,R,7.91,0.189,88.74,99.6711,0.435,0.1665,0.3342,72.85,26.33,38.39,28.79,40.63,23.5,11.09,41.3,89.3,0.5045,0.2124,23.68,6.9,6.9,6.9,Oracle Park,85,,,,No,No,8,Yes,Yes,RotoWire projected lineup; MLB probable pitchers,lineup projected / unconfirmed,H:2026/2025 P:2026/2025,,,Direct BvP not yet weighted; 2026/2025 Statcast baseline active,7,6,21,1,"Last 7 games: 6/21, 1 HR","same-side matchup; pitcher baseline 11.1% barrel, 6.9 HR allowed",neutral batted-ball profile; pitcher fly-ball pressure modest,,
669242,Tommy Edman,LAD,SF,2026-09-27T19:05:00Z,Scheduled,9,Carson Seymour,693313,R,S,5.13,0.1416,87.6,98.6765,0.3641,0.1146,0.307,70.59,13.65,42.67,27.2,34.37,9.5,11.09,41.3,89.3,0.5045,0.2124,23.68,6.9,6.9,6.9,Oracle Park,85,,,,No,No,9,Yes,Yes,RotoWire projected lineup; MLB probable pitchers,lineup projected / unconfirmed,H:2026/2025 P:2026/2025,,,Direct BvP not yet weighted; 2026/2025 Statcast baseline active,7,5,24,2,Hot streak: 2 HR in last 7 games,"switch hitter; pitcher baseline 11.1% barrel, 6.9 HR allowed",neutral batted-ball profile; pitcher fly-ball pressure modest,,
813841,Jonah Cox,SF,LAD,2026-09-27T19:05:00Z,Scheduled,1,,,,R,5.5,0.136,88.3,98.9793,0.326,0.113,0.261,68.8,5.7,22.0,22.0,35.2,4.0,,,,,,,,,,Oracle Park,85,,,,No,No,1,Yes,Yes,RotoWire projected lineup; MLB probable pitchers,lineup projected / unconfirmed,H:2026 P:,,,Direct BvP not yet weighted; 2026/2025 Statcast baseline active,7,2,25,0,"Last 7 games: 2/25, 0 HR","handedness incomplete; pitcher baseline 0.0% barrel, 0.0 HR allowed",neutral batted-ball profile; pitcher fly-ball pressure modest,,
806367,Turner Hill,SF,LAD,2026-09-27T19:05:00Z,Scheduled,2,,,,L,4.6,0.097,87.7,96.3914,0.371,0.123,0.318,65.4,0.6,44.8,28.7,31.0,1.0,,,,,,,,,,Oracle Park,85,,,,No,No,2,Yes,Yes,RotoWire projected lineup; MLB probable pitchers,lineup projected / unconfirmed,H:2026 P:,,,Direct BvP not yet weighted; 2026/2025 Statcast baseline active,7,3,23,0,"Last 7 games: 3/23, 0 HR","handedness incomplete; pitcher baseline 0.0% barrel, 0.0 HR allowed",neutral batted-ball profile; pitcher fly-ball pressure modest,,
682674,Victor Bericoto,SF,LAD,2026-09-27T19:05:00Z,Scheduled,3,,,,R,13.9,0.182,91.0,101.0452,0.452,0.221,0.299,74.6,48.6,32.9,25.3,50.6,5.0,,,,,,,,,,Oracle Park,85,,,,No,No,3,Yes,Yes,RotoWire projected lineup; MLB probable pitchers,lineup projected / unconfirmed,H:2026 P:,,,Direct BvP not yet weighted; 2026/2025 Statcast baseline active,7,5,24,1,"Last 7 games: 5/24, 1 HR","handedness incomplete; pitcher baseline 0.0% barrel, 0.0 HR allowed",neutral batted-ball profile; pitcher fly-ball pressure modest,,
815589,Bo Davidson,SF,LAD,2026-09-27T19:05:00Z,Scheduled,4,,,,L,0.0,0.0,84.4,100.3289,0.372,0.069,0.301,71.4,15.6,8.3,16.7,41.7,0.0,,,,,,,,,,Oracle Park,85,,,,No,No,4,Yes,Yes,RotoWire projected lineup; MLB probable pitchers,lineup projected / unconfirmed,H:2026 P:,,,Direct BvP not yet weighted; 2026/2025 Statcast baseline active,5,6,16,0,Contact streak: 6/16 over last 5 games,"handedness incomplete; pitcher baseline 0.0% barrel, 0.0 HR allowed",neutral batted-ball profile; pitcher fly-ball pressure modest,,
668800,Andrew Knizner,SF,LAD,2026-09-27T19:05:00Z,Scheduled,5,,,,R,3.99,0.1193,86.16,97.3085,0.3237,0.1078,0.2752,69.9,7.26,32.43,29.5,29.5,1.7,,,,,,,,,,Oracle Park,85,,,,No,No,5,Yes,Yes,RotoWire projected lineup; MLB probable pitchers,lineup projected / unconfirmed,H:2026/2025 P:,,,Direct BvP not yet weighted; 2026/2025 Statcast baseline active,7,4,19,0,"Last 7 games: 4/19, 0 HR","handedness incomplete; pitcher baseline 0.0% barrel, 0.0 HR allowed",neutral batted-ball profile; pitcher fly-ball pressure modest,,
695391,Brett Harris,SF,LAD,2026-09-27T19:05:00Z,Scheduled,6,,,,R,3.63,0.0526,86.03,97.0674,0.2534,0.0724,0.2511,70.79,9.12,36.7,23.32,30.81,0.0,,,,,,,,,,Oracle Park,85,,,,No,No,6,Yes,Yes,RotoWire projected lineup; MLB probable pitchers,lineup projected / unconfirmed,H:2026/2025 P:,,,Direct BvP not yet weighted; 2026/2025 Statcast baseline active,7,3,22,0,"Last 7 games: 3/22, 0 HR","handedness incomplete; pitcher baseline 0.0% barrel, 0.0 HR allowed",neutral batted-ball profile; pitcher fly-ball pressure modest,,
694376,Shay Whitcomb,SF,LAD,2026-09-27T19:05:00Z,Scheduled,7,,,,R,9.12,0.1199,85.9,97.5983,0.3475,0.1464,0.2435,71.52,17.15,44.68,26.18,28.77,3.1,,,,,,,,,,Oracle Park,85,,,,No,No,7,Yes,Yes,RotoWire projected lineup; MLB probable pitchers,lineup projected / unconfirmed,H:2026/2025 P:,,,Direct BvP not yet weighted; 2026/2025 Statcast baseline active,7,5,18,0,"Last 7 games: 5/18, 0 HR","handedness incomplete; pitcher baseline 0.0% barrel, 0.0 HR allowed",neutral batted-ball profile; pitcher fly-ball pressure modest,,
678545,Osleivis Basabe,SF,LAD,2026-09-27T19:05:00Z,Scheduled,8,,,,R,6.9,0.139,87.6,97.919,0.343,0.113,0.283,73.7,36.7,40.2,29.4,34.3,5.0,,,,,,,,,,Oracle Park,85,,,,No,No,8,Yes,Yes,RotoWire projected lineup; MLB probable pitchers,lineup projected / unconfirmed,H:2026 P:,,,Direct BvP not yet weighted; 2026/2025 Statcast baseline active,7,2,10,0,"Last 7 games: 2/10, 0 HR","handedness incomplete; pitcher baseline 0.0% barrel, 0.0 HR allowed",neutral batted-ball profile; pitcher fly-ball pressure modest,,
683766,Christian Koss,SF,LAD,2026-09-27T19:05:00Z,Scheduled,9,,,,R,4.67,0.0949,84.87,97.0989,0.3194,0.0935,0.2606,69.51,6.28,37.67,18.63,28.77,3.7,,,,,,,,,,Oracle Park,85,,,,No,No,9,Yes,Yes,RotoWire projected lineup; MLB probable pitchers,lineup projected / unconfirmed,H:2026/2025 P:,,,Direct BvP not yet weighted; 2026/2025 Statcast baseline active,7,2,21,0,"Last 7 games: 2/21, 0 HR","handedness incomplete; pitcher baseline 0.0% barrel, 0.0 HR allowed",neutral batted-ball profile; pitcher fly-ball pressure modest,,
650490,Yandy Diaz,TB,PHI,2026-09-27T19:05:00Z,Scheduled,1,Zack Wheeler,554430,R,R,7.46,0.1617,91.53,103.1694,0.4453,0.1621,0.3484,73.5,37.37,23.46,19.65,49.42,22.9,6.36,34.73,86.77,0.3193,0.1205,25.67,19.7,19.7,19.7,Citizens Bank Park,112,,,,No,No,1,Yes,Yes,RotoWire projected lineup; MLB probable pitchers,lineup projected / unconfirmed,H:2026/2025 P:2026/2025,,,Direct BvP not yet weighted; 2026/2025 Statcast baseline active,7,7,27,0,"Last 7 games: 7/27, 0 HR","same-side matchup; pitcher baseline 6.4% barrel, 19.7 HR allowed",neutral batted-ball profile; pitcher fly-ball pressure modest,,
666018,Jonathan Aranda,TB,PHI,2026-09-27T19:05:00Z,Scheduled,2,Zack Wheeler,554430,R,L,10.8,0.1639,91.6,101.1827,0.4611,0.196,0.3547,70.36,13.11,33.06,30.2,48.48,19.6,6.36,34.73,86.77,0.3193,0.1205,25.67,19.7,19.7,19.7,Citizens Bank Park,112,,,,No,No,2,Yes,Yes,RotoWire projected lineup; MLB probable pitchers,lineup projected / unconfirmed,H:2026/2025 P:2026/2025,,,Direct BvP not yet weighted; 2026/2025 Statcast baseline active,7,4,24,1,"Last 7 games: 4/24, 1 HR","platoon edge; pitcher baseline 6.4% barrel, 19.7 HR allowed",neutral batted-ball profile; pitcher fly-ball pressure modest,,
691406,Junior Caminero,TB,PHI,2026-09-27T19:05:00Z,Scheduled,3,Zack Wheeler,554430,R,R,13.37,0.2556,92.61,104.9409,0.5003,0.2327,0.3586,79.2,83.64,44.96,23.35,50.14,42.9,6.36,34.73,86.77,0.3193,0.1205,25.67,19.7,19.7,19.7,Citizens Bank Park,112,,,,No,No,3,Yes,Yes,RotoWire projected lineup; MLB probable pitchers,lineup projected / unconfirmed,H:2026/2025 P:2026/2025,,,Direct BvP not yet weighted; 2026/2025 Statcast baseline active,7,7,26,1,"Last 7 games: 7/26, 1 HR","same-side matchup; pitcher baseline 6.4% barrel, 19.7 HR allowed",EV profile; pitcher fly-ball pressure modest,,
689414,Liam Hicks,TB,PHI,2026-09-27T19:05:00Z,Scheduled,4,Zack Wheeler,554430,R,L,3.67,0.1326,84.6,96.0895,0.3556,0.0997,0.3178,68.03,3.79,41.12,24.29,27.28,14.4,6.36,34.73,86.77,0.3193,0.1205,25.67,19.7,19.7,19.7,Citizens Bank Park,112,,,,No,No,4,Yes,Yes,RotoWire projected lineup; MLB probable pitchers,lineup projected / unconfirmed,H:2026/2025 P:2026/2025,,,Direct BvP not yet weighted; 2026/2025 Statcast baseline active,7,6,24,0,"Last 7 games: 6/24, 0 HR","platoon edge; pitcher baseline 6.4% barrel, 19.7 HR allowed",neutral batted-ball profile; pitcher fly-ball pressure modest,,
683748,Victor Mesa,TB,PHI,2026-09-27T19:05:00Z,Scheduled,5,Zack Wheeler,554430,R,L,9.76,0.2162,89.91,100.2719,0.4374,0.1921,0.3326,73.65,32.67,40.31,33.56,42.34,10.1,6.36,34.73,86.77,0.3193,0.1205,25.67,19.7,19.7,19.7,Citizens Bank Park,112,,,,No,No,5,Yes,Yes,RotoWire projected lineup; MLB probable pitchers,lineup projected / unconfirmed,H:2026/2025 P:2026/2025,,,Direct BvP not yet weighted; 2026/2025 Statcast baseline active,7,7,22,1,"Last 7 games: 7/22, 1 HR","platoon edge; pitcher baseline 6.4% barrel, 19.7 HR allowed",neutral batted-ball profile; pitcher fly-ball pressure modest,,
676356,Jonny DeLuca,TB,PHI,2026-09-27T19:05:00Z,Scheduled,6,Zack Wheeler,554430,R,R,2.79,0.1398,85.74,97.6838,0.3227,0.0858,0.2614,72.68,27.82,45.81,22.48,30.47,6.3,6.36,34.73,86.77,0.3193,0.1205,25.67,19.7,19.7,19.7,Citizens Bank Park,112,,,,No,No,6,Yes,Yes,RotoWire projected lineup; MLB probable pitchers,lineup projected / unconfirmed,H:2026/2025 P:2026/2025,,,Direct BvP not yet weighted; 2026/2025 Statcast baseline active,7,8,26,0,"Last 7 games: 8/26, 0 HR","same-side matchup; pitcher baseline 6.4% barrel, 19.7 HR allowed",neutral batted-ball profile; pitcher fly-ball pressure modest,,
680700,Richie Palacios,TB,PHI,2026-09-27T19:05:00Z,Scheduled,7,Zack Wheeler,554430,R,L,4.57,0.1337,87.52,97.1613,0.3669,0.1018,0.3227,68.91,3.87,37.02,21.19,33.67,7.3,6.36,34.73,86.77,0.3193,0.1205,25.67,19.7,19.7,19.7,Citizens Bank Park,112,,,,No,No,7,Yes,Yes,RotoWire projected lineup; MLB probable pitchers,lineup projected / unconfirmed,H:2026/2025 P:2026/2025,,,Direct BvP not yet weighted; 2026/2025 Statcast baseline active,7,6,18,0,Contact streak: 6/18 over last 7 games,"platoon edge; pitcher baseline 6.4% barrel, 19.7 HR allowed",neutral batted-ball profile; pitcher fly-ball pressure modest,,
656775,Cedric Mullins,TB,PHI,2026-09-27T19:05:00Z,Scheduled,8,Zack Wheeler,554430,R,L,4.87,0.1505,88.31,98.0475,0.3192,0.1236,0.2701,71.03,9.85,45.88,31.73,33.87,15.6,6.36,34.73,86.77,0.3193,0.1205,25.67,19.7,19.7,19.7,Citizens Bank Park,112,,,,No,No,8,Yes,Yes,RotoWire projected lineup; MLB probable pitchers,lineup projected / unconfirmed,H:2026/2025 P:2026/2025,,,Direct BvP not yet weighted; 2026/2025 Statcast baseline active,7,5,18,1,"Last 7 games: 5/18, 1 HR","platoon edge; pitcher baseline 6.4% barrel, 19.7 HR allowed",neutral batted-ball profile; pitcher fly-ball pressure modest,,
670764,Taylor Walls,TB,PHI,2026-09-27T19:05:00Z,Scheduled,9,Zack Wheeler,554430,R,S,2.5,0.0829,86.02,95.5424,0.2754,0.0794,0.254,68.35,2.06,38.82,28.77,23.25,2.6,6.36,34.73,86.77,0.3193,0.1205,25.67,19.7,19.7,19.7,Citizens Bank Park,112,,,,No,No,9,Yes,Yes,RotoWire projected lineup; MLB probable pitchers,lineup projected / unconfirmed,H:2026/2025 P:2026/2025,,,Direct BvP not yet weighted; 2026/2025 Statcast baseline active,7,6,20,0,"Last 7 games: 6/20, 0 HR","switch hitter; pitcher baseline 6.4% barrel, 19.7 HR allowed",neutral batted-ball profile; pitcher fly-ball pressure modest,,
656941,Kyle Schwarber,PHI,TB,2026-09-27T19:05:00Z,Scheduled,1,Nick Martinez,607259,R,L,17.02,0.2859,92.9,104.0527,0.5145,0.2756,0.3744,77.16,75.28,54.07,32.76,52.32,48.3,6.79,33.1,87.32,0.4093,0.1495,28.96,22.0,22.0,22.0,Citizens Bank Park,112,,,,No,No,1,Yes,Yes,RotoWire projected lineup; MLB probable pitchers,lineup projected / unconfirmed,H:2026/2025 P:2026/2025,,,Direct BvP not yet weighted; 2026/2025 Statcast baseline active,7,3,23,0,"Last 7 games: 3/23, 0 HR","platoon edge; pitcher baseline 6.8% barrel, 22.0 HR allowed",lift-pull EV profile; pitcher fly-ball pressure modest,,
607208,Trea Turner,PHI,TB,2026-09-27T19:05:00Z,Scheduled,2,Nick Martinez,607259,R,R,5.94,0.1418,88.67,99.2398,0.3764,0.1267,0.3007,71.45,18.65,35.38,24.71,39.93,17.8,6.79,33.1,87.32,0.4093,0.1495,28.96,22.0,22.0,22.0,Citizens Bank Park,112,,,,No,No,2,Yes,Yes,RotoWire projected lineup; MLB probable pitchers,lineup projected / unconfirmed,H:2026/2025 P:2026/2025,,,Direct BvP not yet weighted; 2026/2025 Statcast baseline active,7,8,28,0,"Last 7 games: 8/28, 0 HR","same-side matchup; pitcher baseline 6.8% barrel, 22.0 HR allowed",neutral batted-ball profile; pitcher fly-ball pressure modest,,
547180,Bryce Harper,PHI,TB,2026-09-27T19:05:00Z,Scheduled,3,Nick Martinez,607259,R,L,10.83,0.2176,90.32,101.6224,0.4836,0.2135,0.3764,74.1,45.01,38.54,26.82,44.35,27.7,6.79,33.1,87.32,0.4093,0.1495,28.96,22.0,22.0,22.0,Citizens Bank Park,112,,,,No,No,3,Yes,Yes,RotoWire projected lineup; MLB probable pitchers,lineup projected / unconfirmed,H:2026/2025 P:2026/2025,,,Direct BvP not yet weighted; 2026/2025 Statcast baseline active,7,6,27,0,"Last 7 games: 6/27, 0 HR","platoon edge; pitcher baseline 6.8% barrel, 22.0 HR allowed",neutral batted-ball profile; pitcher fly-ball pressure modest,,
664761,Alec Bohm,PHI,TB,2026-09-27T19:05:00Z,Scheduled,4,Nick Martinez,607259,R,R,6.06,0.1304,90.66,100.4313,0.413,0.1453,0.3261,71.28,15.33,28.35,22.51,44.58,13.8,6.79,33.1,87.32,0.4093,0.1495,28.96,22.0,22.0,22.0,Citizens Bank Park,112,,,,No,No,4,Yes,Yes,RotoWire projected lineup; MLB probable pitchers,lineup projected / unconfirmed,H:2026/2025 P:2026/2025,,,Direct BvP not yet weighted; 2026/2025 Statcast baseline active,7,7,27,0,"Last 7 games: 7/27, 0 HR","same-side matchup; pitcher baseline 6.8% barrel, 22.0 HR allowed",neutral batted-ball profile; pitcher fly-ball pressure modest,,
681082,Bryson Stott,PHI,TB,2026-09-27T19:05:00Z,Scheduled,5,Nick Martinez,607259,R,L,5.66,0.1403,88.79,98.3456,0.3979,0.1376,0.3242,69.72,6.68,34.03,27.66,34.96,10.9,6.79,33.1,87.32,0.4093,0.1495,28.96,22.0,22.0,22.0,Citizens Bank Park,112,,,,No,No,5,Yes,Yes,RotoWire projected lineup; MLB probable pitchers,lineup projected / unconfirmed,H:2026/2025 P:2026/2025,,,Direct BvP not yet weighted; 2026/2025 Statcast baseline active,7,7,24,0,"Last 7 games: 7/24, 0 HR","platoon edge; pitcher baseline 6.8% barrel, 22.0 HR allowed",neutral batted-ball profile; pitcher fly-ball pressure modest,,
669016,Brandon Marsh,PHI,TB,2026-09-27T19:05:00Z,Scheduled,6,Nick Martinez,607259,R,L,8.19,0.1532,89.77,100.0237,0.411,0.1564,0.3104,71.54,15.58,38.33,26.66,43.81,15.9,6.79,33.1,87.32,0.4093,0.1495,28.96,22.0,22.0,22.0,Citizens Bank Park,112,,,,No,No,6,Yes,Yes,RotoWire projected lineup; MLB probable pitchers,lineup projected / unconfirmed,H:2026/2025 P:2026/2025,,,Direct BvP not yet weighted; 2026/2025 Statcast baseline active,7,4,17,1,"Last 7 games: 4/17, 1 HR","platoon edge; pitcher baseline 6.8% barrel, 22.0 HR allowed",neutral batted-ball profile; pitcher fly-ball pressure modest,,
702222,Justin Crawford,PHI,TB,2026-09-27T19:05:00Z,Scheduled,7,Nick Martinez,607259,R,L,2.0,0.09,87.1,98.079,0.328,0.072,0.284,69.2,6.1,28.7,16.3,35.2,3.0,6.79,33.1,87.32,0.4093,0.1495,28.96,22.0,22.0,22.0,Citizens Bank Park,112,,,,No,No,7,Yes,Yes,RotoWire projected lineup; MLB probable pitchers,lineup projected / unconfirmed,H:2026 P:2026/2025,,,Direct BvP not yet weighted; 2026/2025 Statcast baseline active,7,4,21,0,"Last 7 games: 4/21, 0 HR","platoon edge; pitcher baseline 6.8% barrel, 22.0 HR allowed",neutral batted-ball profile; pitcher fly-ball pressure modest,,
592663,J.T. Realmuto,PHI,TB,2026-09-27T19:05:00Z,Scheduled,8,Nick Martinez,607259,R,R,6.42,0.1249,89.72,100.0345,0.3935,0.1433,0.3167,72.77,30.47,41.25,25.87,41.44,11.3,6.79,33.1,87.32,0.4093,0.1495,28.96,22.0,22.0,22.0,Citizens Bank Park,112,,,,No,No,8,Yes,Yes,RotoWire projected lineup; MLB probable pitchers,lineup projected / unconfirmed,H:2026/2025 P:2026/2025,,,Direct BvP not yet weighted; 2026/2025 Statcast baseline active,7,0,21,0,"Last 7 games: 0/21, 0 HR","same-side matchup; pitcher baseline 6.8% barrel, 22.0 HR allowed",neutral batted-ball profile; pitcher fly-ball pressure modest,,
624641,Edmundo Sosa,PHI,TB,2026-09-27T19:05:00Z,Scheduled,9,Nick Martinez,607259,R,R,7.0,0.1755,87.84,99.9194,0.4274,0.1614,0.3159,72.51,27.29,41.8,21.29,38.91,8.9,6.79,33.1,87.32,0.4093,0.1495,28.96,22.0,22.0,22.0,Citizens Bank Park,112,,,,No,No,9,Yes,Yes,RotoWire projected lineup; MLB probable pitchers,lineup projected / unconfirmed,H:2026/2025 P:2026/2025,,,Direct BvP not yet weighted; 2026/2025 Statcast baseline active,7,4,14,1,"Last 7 games: 4/14, 1 HR","same-side matchup; pitcher baseline 6.8% barrel, 22.0 HR allowed",neutral batted-ball profile; pitcher fly-ball pressure modest,,
699115,Carlos Jorge,CIN,TOR,2026-09-27T19:07:00Z,Scheduled,1,Max Scherzer,453286,R,L,6.9,0.12,82.4,93.3196,0.312,0.092,0.27,68.5,2.4,41.4,17.2,17.2,1.0,9.88,35.12,87.67,0.4291,0.1883,34.16,16.2,16.2,16.2,Rogers Centre,105,,,,No,No,1,Yes,Yes,RotoWire projected lineup; MLB probable pitchers,lineup projected / unconfirmed,H:2026 P:2026/2025,,,Direct BvP not yet weighted; 2026/2025 Statcast baseline active,7,5,19,1,"Last 7 games: 5/19, 1 HR","platoon edge; pitcher baseline 9.9% barrel, 16.2 HR allowed",neutral batted-ball profile; pitcher allows elevated contact,,
682829,Elly De La Cruz,CIN,TOR,2026-09-27T19:07:00Z,Scheduled,2,Max Scherzer,453286,R,S,14.57,0.2166,93.59,104.4615,0.4821,0.2094,0.3605,75.66,56.36,34.96,24.82,50.71,27.6,9.88,35.12,87.67,0.4291,0.1883,34.16,16.2,16.2,16.2,Rogers Centre,105,,,,No,No,2,Yes,Yes,RotoWire projected lineup; MLB probable pitchers,lineup projected / unconfirmed,H:2026/2025 P:2026/2025,,,Direct BvP not yet weighted; 2026/2025 Statcast baseline active,7,5,25,2,Hot streak: 2 HR in last 7 games,"switch hitter; pitcher baseline 9.9% barrel, 16.2 HR allowed",EV profile; pitcher allows elevated contact,,
701398,Sal Stewart,CIN,TOR,2026-09-27T19:07:00Z,Scheduled,3,Max Scherzer,453286,R,R,13.98,0.2235,91.9,101.6412,0.5159,0.2484,0.3611,72.1,26.37,38.22,31.46,44.87,23.9,9.88,35.12,87.67,0.4291,0.1883,34.16,16.2,16.2,16.2,Rogers Centre,105,,,,No,No,3,Yes,Yes,RotoWire projected lineup; MLB probable pitchers,lineup projected / unconfirmed,H:2026/2025 P:2026/2025,,,Direct BvP not yet weighted; 2026/2025 Statcast baseline active,7,4,29,0,"Last 7 games: 4/29, 0 HR","same-side matchup; pitcher baseline 9.9% barrel, 16.2 HR allowed",neutral batted-ball profile; pitcher allows elevated contact,,
668709,JJ Bleday,CIN,TOR,2026-09-27T19:07:00Z,Scheduled,4,Max Scherzer,453286,R,L,9.06,0.1969,88.49,99.7353,0.3975,0.1718,0.3201,73.0,26.88,46.79,33.06,39.68,21.0,9.88,35.12,87.67,0.4291,0.1883,34.16,16.2,16.2,16.2,Rogers Centre,105,,,,No,No,4,Yes,Yes,RotoWire projected lineup; MLB probable pitchers,lineup projected / unconfirmed,H:2026/2025 P:2026/2025,,,Direct BvP not yet weighted; 2026/2025 Statcast baseline active,7,5,23,2,Hot streak: 2 HR in last 7 games,"platoon edge; pitcher baseline 9.9% barrel, 16.2 HR allowed",neutral batted-ball profile; pitcher allows elevated contact,,
663886,Tyler Stephenson,CIN,TOR,2026-09-27T19:07:00Z,Scheduled,5,Max Scherzer,453286,R,R,13.03,0.1711,90.71,100.3802,0.4221,0.1935,0.3215,70.45,6.93,37.15,33.08,45.63,14.4,9.88,35.12,87.67,0.4291,0.1883,34.16,16.2,16.2,16.2,Rogers Centre,105,,,,No,No,5,Yes,Yes,RotoWire projected lineup; MLB probable pitchers,lineup projected / unconfirmed,H:2026/2025 P:2026/2025,,,Direct BvP not yet weighted; 2026/2025 Statcast baseline active,7,3,23,0,"Last 7 games: 3/23, 0 HR","same-side matchup; pitcher baseline 9.9% barrel, 16.2 HR allowed",neutral batted-ball profile; pitcher allows elevated contact,,
553993,Eugenio Suarez,CIN,TOR,2026-09-27T19:07:00Z,Scheduled,6,Max Scherzer,453286,R,R,13.04,0.2441,89.01,100.0435,0.4042,0.2002,0.3081,72.3,23.98,47.12,35.02,39.62,32.9,9.88,35.12,87.67,0.4291,0.1883,34.16,16.2,16.2,16.2,Rogers Centre,105,,,,No,No,6,Yes,Yes,RotoWire projected lineup; MLB probable pitchers,lineup projected / unconfirmed,H:2026/2025 P:2026/2025,,,Direct BvP not yet weighted; 2026/2025 Statcast baseline active,7,6,25,2,Hot streak: 2 HR in last 7 games,"same-side matchup; pitcher baseline 9.9% barrel, 16.2 HR allowed",fly-ball profile; pitcher allows elevated contact,,
699302,Hector Rodriguez,CIN,TOR,2026-09-27T19:07:00Z,Scheduled,7,Max Scherzer,453286,R,L,6.9,0.185,88.5,99.5624,0.333,0.135,0.254,75.0,51.9,41.6,29.7,35.6,6.0,9.88,35.12,87.67,0.4291,0.1883,34.16,16.2,16.2,16.2,Rogers Centre,105,,,,No,No,7,Yes,Yes,RotoWire projected lineup; MLB probable pitchers,lineup projected / unconfirmed,H:2026 P:2026/2025,,,Direct BvP not yet weighted; 2026/2025 Statcast baseline active,7,7,24,1,"Last 7 games: 7/24, 1 HR","platoon edge; pitcher baseline 9.9% barrel, 16.2 HR allowed",neutral batted-ball profile; pitcher allows elevated contact,,
680574,Matt McLain,CIN,TOR,2026-09-27T19:07:00Z,Scheduled,8,Max Scherzer,453286,R,R,8.71,0.1412,88.1,98.7866,0.362,0.149,0.2931,70.93,9.82,36.13,33.64,37.06,15.0,9.88,35.12,87.67,0.4291,0.1883,34.16,16.2,16.2,16.2,Rogers Centre,105,,,,No,No,8,Yes,Yes,RotoWire projected lineup; MLB probable pitchers,lineup projected / unconfirmed,H:2026/2025 P:2026/2025,,,Direct BvP not yet weighted; 2026/2025 Statcast baseline active,7,5,23,0,"Last 7 games: 5/23, 0 HR","same-side matchup; pitcher baseline 9.9% barrel, 16.2 HR allowed",neutral batted-ball profile; pitcher allows elevated contact,,
663647,Ke'Bryan Hayes,CIN,TOR,2026-09-27T19:07:00Z,Scheduled,9,Max Scherzer,453286,R,R,6.21,0.0801,90.07,99.5886,0.3623,0.1257,0.2855,70.82,7.36,30.25,27.43,39.7,5.0,9.88,35.12,87.67,0.4291,0.1883,34.16,16.2,16.2,16.2,Rogers Centre,105,,,,No,No,9,Yes,Yes,RotoWire projected lineup; MLB probable pitchers,lineup projected / unconfirmed,H:2026/2025 P:2026/2025,,,Direct BvP not yet weighted; 2026/2025 Statcast baseline active,7,1,12,0,"Last 7 games: 1/12, 0 HR","same-side matchup; pitcher baseline 9.9% barrel, 16.2 HR allowed",neutral batted-ball profile; pitcher allows elevated contact,,
543807,George Springer,TOR,CIN,2026-09-27T19:07:00Z,Scheduled,1,Brandon Williamson,682227,L,R,9.41,0.1831,89.02,100.4453,0.4373,0.1841,0.3354,73.38,36.84,41.65,26.58,41.3,20.1,9.3,41.7,88.9,0.467,0.201,27.2,8.0,8.0,8.0,Rogers Centre,105,,,,No,No,1,Yes,Yes,RotoWire projected lineup; MLB probable pitchers,lineup projected / unconfirmed,H:2026/2025 P:2026,,,Direct BvP not yet weighted; 2026/2025 Statcast baseline active,7,4,26,0,"Last 7 games: 4/26, 0 HR","platoon edge; pitcher baseline 9.3% barrel, 8.0 HR allowed",neutral batted-ball profile; pitcher fly-ball pressure modest,,
703520,Brett Bateman,TOR,CIN,2026-09-27T19:07:00Z,Scheduled,2,Brandon Williamson,682227,L,L,1.6,0.097,84.5,94.4695,0.333,0.069,0.31,67.8,2.7,32.5,13.0,19.5,2.0,9.3,41.7,88.9,0.467,0.201,27.2,8.0,8.0,8.0,Rogers Centre,105,,,,No,No,2,Yes,Yes,RotoWire projected lineup; MLB probable pitchers,lineup projected / unconfirmed,H:2026 P:2026,,,Direct BvP not yet weighted; 2026/2025 Statcast baseline active,7,6,20,0,"Last 7 games: 6/20, 0 HR","same-side matchup; pitcher baseline 9.3% barrel, 8.0 HR allowed",neutral batted-ball profile; pitcher fly-ball pressure modest,,
665489,Vladimir Guerrero,TOR,CIN,2026-09-27T19:07:00Z,Scheduled,3,Brandon Williamson,682227,L,R,8.49,0.1197,90.81,103.3398,0.4318,0.1465,0.3469,76.42,63.96,35.04,19.45,46.22,13.2,9.3,41.7,88.9,0.467,0.201,27.2,8.0,8.0,8.0,Rogers Centre,105,,,,No,No,3,Yes,Yes,RotoWire projected lineup; MLB probable pitchers,lineup projected / unconfirmed,H:2026/2025 P:2026,,,Direct BvP not yet weighted; 2026/2025 Statcast baseline active,7,6,25,0,"Last 7 games: 6/25, 0 HR","platoon edge; pitcher baseline 9.3% barrel, 8.0 HR allowed",neutral batted-ball profile; pitcher fly-ball pressure modest,,
672386,Alejandro Kirk,TOR,CIN,2026-09-27T19:07:00Z,Scheduled,4,Brandon Williamson,682227,L,R,5.62,0.1376,88.93,100.3041,0.4016,0.1337,0.3233,71.87,19.44,25.23,20.64,42.4,11.5,9.3,41.7,88.9,0.467,0.201,27.2,8.0,8.0,8.0,Rogers Centre,105,,,,No,No,4,Yes,Yes,RotoWire projected lineup; MLB probable pitchers,lineup projected / unconfirmed,H:2026/2025 P:2026,,,Direct BvP not yet weighted; 2026/2025 Statcast baseline active,7,6,23,0,"Last 7 games: 6/23, 0 HR","platoon edge; pitcher baseline 9.3% barrel, 8.0 HR allowed",neutral batted-ball profile; pitcher fly-ball pressure modest,,
672960,Kazuma Okamoto,TOR,CIN,2026-09-27T19:07:00Z,Scheduled,5,Brandon Williamson,682227,L,R,13.1,0.221,90.6,101.2912,0.447,0.222,0.328,73.1,33.5,50.8,33.8,44.1,33.0,9.3,41.7,88.9,0.467,0.201,27.2,8.0,8.0,8.0,Rogers Centre,105,,,,No,No,5,Yes,Yes,RotoWire projected lineup; MLB probable pitchers,lineup projected / unconfirmed,H:2026 P:2026,,,Direct BvP not yet weighted; 2026/2025 Statcast baseline active,7,5,26,0,"Last 7 games: 5/26, 0 HR","platoon edge; pitcher baseline 9.3% barrel, 8.0 HR allowed",neutral batted-ball profile; pitcher fly-ball pressure modest,,
807727,Charles McAdoo,TOR,CIN,2026-09-27T19:07:00Z,Scheduled,6,Brandon Williamson,682227,L,R,4.3,0.107,85.1,96.3353,0.335,0.094,0.279,73.7,36.2,24.3,22.9,25.7,2.0,9.3,41.7,88.9,0.467,0.201,27.2,8.0,8.0,8.0,Rogers Centre,105,,,,No,No,6,Yes,Yes,RotoWire projected lineup; MLB probable pitchers,lineup projected / unconfirmed,H:2026 P:2026,,,Direct BvP not yet weighted; 2026/2025 Statcast baseline active,7,4,14,0,"Last 7 games: 4/14, 0 HR","platoon edge; pitcher baseline 9.3% barrel, 8.0 HR allowed",neutral batted-ball profile; pitcher fly-ball pressure modest,,
676391,Ernie Clement,TOR,CIN,2026-09-27T19:07:00Z,Scheduled,7,Brandon Williamson,682227,L,R,2.19,0.1098,84.99,94.5847,0.3303,0.0839,0.2673,67.39,2.68,40.1,28.32,22.29,9.0,9.3,41.7,88.9,0.467,0.201,27.2,8.0,8.0,8.0,Rogers Centre,105,,,,No,No,7,Yes,Yes,RotoWire projected lineup; MLB probable pitchers,lineup projected / unconfirmed,H:2026/2025 P:2026,,,Direct BvP not yet weighted; 2026/2025 Statcast baseline active,7,3,24,0,"Last 7 games: 3/24, 0 HR","platoon edge; pitcher baseline 9.3% barrel, 8.0 HR allowed",neutral batted-ball profile; pitcher fly-ball pressure modest,,
664770,Nathan Lukes,TOR,CIN,2026-09-27T19:07:00Z,Scheduled,8,Brandon Williamson,682227,L,L,3.19,0.1226,87.2,96.9548,0.3612,0.1029,0.2996,67.3,3.83,31.63,20.67,31.47,10.6,9.3,41.7,88.9,0.467,0.201,27.2,8.0,8.0,8.0,Rogers Centre,105,,,,No,No,8,Yes,Yes,RotoWire projected lineup; MLB probable pitchers,lineup projected / unconfirmed,H:2026/2025 P:2026,,,Direct BvP not yet weighted; 2026/2025 Statcast baseline active,7,8,23,0,Contact streak: 8/23 over last 7 games,"same-side matchup; pitcher baseline 9.3% barrel, 8.0 HR allowed",neutral batted-ball profile; pitcher fly-ball pressure modest,,
664702,Myles Straw,TOR,CIN,2026-09-27T19:07:00Z,Scheduled,9,Brandon Williamson,682227,L,R,3.06,0.1036,86.57,95.8491,0.351,0.0983,0.2943,68.12,4.61,34.33,26.97,26.19,3.3,9.3,41.7,88.9,0.467,0.201,27.2,8.0,8.0,8.0,Rogers Centre,105,,,,No,No,9,Yes,Yes,RotoWire projected lineup; MLB probable pitchers,lineup projected / unconfirmed,H:2026/2025 P:2026,,,Direct BvP not yet weighted; 2026/2025 Statcast baseline active,7,7,19,0,Contact streak: 7/19 over last 7 games,"platoon edge; pitcher baseline 9.3% barrel, 8.0 HR allowed",neutral batted-ball profile; pitcher fly-ball pressure modest,,
680757,Steven Kwan,CLE,KC,2026-09-27T19:10:00Z,Scheduled,1,Daniel Lynch IV,663738,L,L,0.85,0.0775,84.59,92.8164,0.3499,0.0741,0.3233,62.73,0.45,27.81,23.44,13.14,5.4,7.19,39.63,89.02,0.4196,0.162,24.3,8.7,8.7,8.7,Kauffman Stadium,92,,,,No,No,1,Yes,Yes,RotoWire projected lineup; MLB probable pitchers,lineup projected / unconfirmed,H:2026/2025 P:2026/2025,,,Direct BvP not yet weighted; 2026/2025 Statcast baseline active,7,11,27,0,Contact streak: 11/27 over last 7 games,"same-side matchup; pitcher baseline 7.2% barrel, 8.7 HR allowed",neutral batted-ball profile; pitcher fly-ball pressure modest,,
608070,Jose Ramirez,CLE,KC,2026-09-27T19:10:00Z,Scheduled,2,Daniel Lynch IV,663738,L,S,4.97,0.1591,88.69,99.2749,0.4075,0.1361,0.3301,70.41,12.84,50.41,27.87,38.26,17.4,7.19,39.63,89.02,0.4196,0.162,24.3,8.7,8.7,8.7,Kauffman Stadium,92,,,,No,No,2,Yes,Yes,RotoWire projected lineup; MLB probable pitchers,lineup projected / unconfirmed,H:2026/2025 P:2026/2025,,,Direct BvP not yet weighted; 2026/2025 Statcast baseline active,7,8,29,0,"Last 7 games: 8/29, 0 HR","switch hitter; pitcher baseline 7.2% barrel, 8.7 HR allowed",neutral batted-ball profile; pitcher fly-ball pressure modest,,
800050,Chase DeLauter,CLE,KC,2026-09-27T19:10:00Z,Scheduled,3,Daniel Lynch IV,663738,L,L,6.3,0.17,91.4,101.3425,0.427,0.149,0.346,71.5,18.5,37.7,19.5,46.3,16.0,7.19,39.63,89.02,0.4196,0.162,24.3,8.7,8.7,8.7,Kauffman Stadium,92,,,,No,No,3,Yes,Yes,RotoWire projected lineup; MLB probable pitchers,lineup projected / unconfirmed,H:2026 P:2026/2025,,,Direct BvP not yet weighted; 2026/2025 Statcast baseline active,7,7,28,2,Hot streak: 2 HR in last 7 games,"same-side matchup; pitcher baseline 7.2% barrel, 8.7 HR allowed",neutral batted-ball profile; pitcher fly-ball pressure modest,,
666176,Jo Adell,CLE,KC,2026-09-27T19:10:00Z,Scheduled,4,Daniel Lynch IV,663738,L,R,11.35,0.1846,90.72,102.9644,0.4713,0.2148,0.337,77.46,72.6,39.96,27.56,46.15,26.5,7.19,39.63,89.02,0.4196,0.162,24.3,8.7,8.7,8.7,Kauffman Stadium,92,,,,No,No,4,Yes,Yes,RotoWire projected lineup; MLB probable pitchers,lineup projected / unconfirmed,H:2026/2025 P:2026/2025,,,Direct BvP not yet weighted; 2026/2025 Statcast baseline active,7,6,28,0,"Last 7 games: 6/28, 0 HR","platoon edge; pitcher baseline 7.2% barrel, 8.7 HR allowed",neutral batted-ball profile; pitcher fly-ball pressure modest,,
682657,Angel Martinez,CLE,KC,2026-09-27T19:10:00Z,Scheduled,5,Daniel Lynch IV,663738,L,S,6.16,0.1896,87.45,98.4429,0.3767,0.1354,0.2879,71.01,15.6,45.09,26.52,33.92,15.9,7.19,39.63,89.02,0.4196,0.162,24.3,8.7,8.7,8.7,Kauffman Stadium,92,,,,No,No,5,Yes,Yes,RotoWire projected lineup; MLB probable pitchers,lineup projected / unconfirmed,H:2026/2025 P:2026/2025,,,Direct BvP not yet weighted; 2026/2025 Statcast baseline active,7,10,26,3,Hot streak: 3 HR in last 7 games,"switch hitter; pitcher baseline 7.2% barrel, 8.7 HR allowed",neutral batted-ball profile; pitcher fly-ball pressure modest,,
681807,David Fry,CLE,KC,2026-09-27T19:10:00Z,Scheduled,6,Daniel Lynch IV,663738,L,R,7.35,0.1745,87.23,98.2827,0.2805,0.1164,0.2496,71.03,11.96,52.87,29.17,36.02,8.0,7.19,39.63,89.02,0.4196,0.162,24.3,8.7,8.7,8.7,Kauffman Stadium,92,,,,No,No,6,Yes,Yes,RotoWire projected lineup; MLB probable pitchers,lineup projected / unconfirmed,H:2026/2025 P:2026/2025,,,Direct BvP not yet weighted; 2026/2025 Statcast baseline active,7,5,20,2,Hot streak: 2 HR in last 7 games,"platoon edge; pitcher baseline 7.2% barrel, 8.7 HR allowed",neutral batted-ball profile; pitcher fly-ball pressure modest,,
694197,Angel Genao,CLE,KC,2026-09-27T19:10:00Z,Scheduled,7,Daniel Lynch IV,663738,L,S,4.9,0.082,90.6,100.4383,0.335,0.096,0.288,72.4,24.4,37.3,12.7,51.0,2.0,7.19,39.63,89.02,0.4196,0.162,24.3,8.7,8.7,8.7,Kauffman Stadium,92,,,,No,No,7,Yes,Yes,RotoWire projected lineup; MLB probable pitchers,lineup projected / unconfirmed,H:2026 P:2026/2025,,,Direct BvP not yet weighted; 2026/2025 Statcast baseline active,7,0,6,0,"Last 7 games: 0/6, 0 HR","switch hitter; pitcher baseline 7.2% barrel, 8.7 HR allowed",neutral batted-ball profile; pitcher fly-ball pressure modest,,
595978,Austin Hedges,CLE,KC,2026-09-27T19:10:00Z,Scheduled,8,Daniel Lynch IV,663738,L,R,4.24,0.1265,86.52,97.8146,0.3071,0.0958,0.2728,69.82,9.88,47.67,24.43,32.48,5.7,7.19,39.63,89.02,0.4196,0.162,24.3,8.7,8.7,8.7,Kauffman Stadium,92,,,,No,No,8,Yes,Yes,RotoWire projected lineup; MLB probable pitchers,lineup projected / unconfirmed,H:2026/2025 P:2026/2025,,,Direct BvP not yet weighted; 2026/2025 Statcast baseline active,7,5,22,1,"Last 7 games: 5/22, 1 HR","platoon edge; pitcher baseline 7.2% barrel, 8.7 HR allowed",neutral batted-ball profile; pitcher fly-ball pressure modest,,
677587,Brayan Rocchio,CLE,KC,2026-09-27T19:10:00Z,Scheduled,9,Daniel Lynch IV,663738,L,S,3.02,0.1287,87.3,97.253,0.3524,0.1067,0.2943,69.86,6.52,43.71,25.23,31.65,12.0,7.19,39.63,89.02,0.4196,0.162,24.3,8.7,8.7,8.7,Kauffman Stadium,92,,,,No,No,9,Yes,Yes,RotoWire projected lineup; MLB probable pitchers,lineup projected / unconfirmed,H:2026/2025 P:2026/2025,,,Direct BvP not yet weighted; 2026/2025 Statcast baseline active,7,9,25,2,Hot streak: 2 HR in last 7 games,"switch hitter; pitcher baseline 7.2% barrel, 8.7 HR allowed",neutral batted-ball profile; pitcher fly-ball pressure modest,,
695600,Carter Jensen,KC,CLE,2026-09-27T19:10:00Z,Scheduled,1,Parker Messick,800048,L,L,15.13,0.2346,92.67,103.1481,0.486,0.2333,0.3567,74.17,39.29,41.77,32.1,48.85,19.8,5.17,32.6,87.61,0.346,0.1198,21.4,13.1,13.1,13.1,Kauffman Stadium,92,,,,No,No,1,Yes,Yes,RotoWire projected lineup; MLB probable pitchers,lineup projected / unconfirmed,H:2026/2025 P:2026/2025,,,Direct BvP not yet weighted; 2026/2025 Statcast baseline active,7,9,29,3,Hot streak: 3 HR in last 7 games,"same-side matchup; pitcher baseline 5.2% barrel, 13.1 HR allowed",lift-pull EV profile; pitcher fly-ball pressure modest,,
677951,Bobby Witt,KC,CLE,2026-09-27T19:10:00Z,Scheduled,2,Parker Messick,800048,L,R,11.8,0.1745,92.6,103.4337,0.5073,0.2087,0.3755,74.02,42.58,31.5,26.85,50.04,19.5,5.17,32.6,87.61,0.346,0.1198,21.4,13.1,13.1,13.1,Kauffman Stadium,92,,,,No,No,2,Yes,Yes,RotoWire projected lineup; MLB probable pitchers,lineup projected / unconfirmed,H:2026/2025 P:2026/2025,,,Direct BvP not yet weighted; 2026/2025 Statcast baseline active,7,12,29,0,Contact streak: 12/29 over last 7 games,"platoon edge; pitcher baseline 5.2% barrel, 13.1 HR allowed",EV profile; pitcher fly-ball pressure modest,,
695506,Jac Caglianone,KC,CLE,2026-09-27T19:10:00Z,Scheduled,3,Parker Messick,800048,L,L,12.77,0.1849,92.06,104.7048,0.4786,0.2101,0.3462,77.12,73.15,44.49,21.98,50.8,18.2,5.17,32.6,87.61,0.346,0.1198,21.4,13.1,13.1,13.1,Kauffman Stadium,92,,,,No,No,3,Yes,Yes,RotoWire projected lineup; MLB probable pitchers,lineup projected / unconfirmed,H:2026/2025 P:2026/2025,,,Direct BvP not yet weighted; 2026/2025 Statcast baseline active,7,12,26,0,Contact streak: 12/26 over last 7 games,"same-side matchup; pitcher baseline 5.2% barrel, 13.1 HR allowed",EV profile; pitcher fly-ball pressure modest,,
521692,Salvador Perez,KC,CLE,2026-09-27T19:10:00Z,Scheduled,4,Parker Messick,800048,L,R,11.79,0.1708,89.44,100.8876,0.4661,0.2114,0.3276,71.99,22.28,41.91,30.85,43.83,23.7,5.17,32.6,87.61,0.346,0.1198,21.4,13.1,13.1,13.1,Kauffman Stadium,92,,,,No,No,4,Yes,Yes,RotoWire projected lineup; MLB probable pitchers,lineup projected / unconfirmed,H:2026/2025 P:2026/2025,,,Direct BvP not yet weighted; 2026/2025 Statcast baseline active,7,7,23,2,Hot streak: 2 HR in last 7 games,"platoon edge; pitcher baseline 5.2% barrel, 13.1 HR allowed",neutral batted-ball profile; pitcher fly-ball pressure modest,,
672580,Maikel Garcia,KC,CLE,2026-09-27T19:10:00Z,Scheduled,5,Parker Messick,800048,L,R,4.62,0.1287,90.18,100.2463,0.3828,0.111,0.321,71.69,17.66,34.53,21.32,41.53,6.9,5.17,32.6,87.61,0.346,0.1198,21.4,13.1,13.1,13.1,Kauffman Stadium,92,,,,No,No,5,Yes,Yes,RotoWire projected lineup; MLB probable pitchers,lineup projected / unconfirmed,H:2026/2025 P:2026/2025,,,Direct BvP not yet weighted; 2026/2025 Statcast baseline active,7,6,22,0,"Last 7 games: 6/22, 0 HR","platoon edge; pitcher baseline 5.2% barrel, 13.1 HR allowed",neutral batted-ball profile; pitcher fly-ball pressure modest,,
686469,Vinnie Pasquantino,KC,CLE,2026-09-27T19:10:00Z,Scheduled,6,Parker Messick,800048,L,L,9.54,0.1788,90.2,100.2361,0.4385,0.184,0.3333,71.17,15.45,44.19,30.68,42.46,20.1,5.17,32.6,87.61,0.346,0.1198,21.4,13.1,13.1,13.1,Kauffman Stadium,92,,,,No,No,6,Yes,Yes,RotoWire projected lineup; MLB probable pitchers,lineup projected / unconfirmed,H:2026/2025 P:2026/2025,,,Direct BvP not yet weighted; 2026/2025 Statcast baseline active,7,9,25,2,Hot streak: 2 HR in last 7 games,"same-side matchup; pitcher baseline 5.2% barrel, 13.1 HR allowed",neutral batted-ball profile; pitcher fly-ball pressure modest,,
686555,Isaac Collins,KC,CLE,2026-09-27T19:10:00Z,Scheduled,7,Parker Messick,800048,L,S,4.9,0.1207,88.24,99.7327,0.3191,0.0927,0.301,73.26,29.92,39.49,24.9,39.04,6.9,5.17,32.6,87.61,0.346,0.1198,21.4,13.1,13.1,13.1,Kauffman Stadium,92,,,,No,No,7,Yes,Yes,RotoWire projected lineup; MLB probable pitchers,lineup projected / unconfirmed,H:2026/2025 P:2026/2025,,,Direct BvP not yet weighted; 2026/2025 Statcast baseline active,7,0,18,0,"Last 7 games: 0/18, 0 HR","switch hitter; pitcher baseline 5.2% barrel, 13.1 HR allowed",neutral batted-ball profile; pitcher fly-ball pressure modest,,
686475,Tyler Tolbert,KC,CLE,2026-09-27T19:10:00Z,Scheduled,8,Parker Messick,800048,L,R,2.75,0.1077,85.85,96.2921,0.3227,0.0725,0.299,69.18,3.37,32.61,22.98,28.58,2.4,5.17,32.6,87.61,0.346,0.1198,21.4,13.1,13.1,13.1,Kauffman Stadium,92,,,,No,No,8,Yes,Yes,RotoWire projected lineup; MLB probable pitchers,lineup projected / unconfirmed,H:2026/2025 P:2026/2025,,,Direct BvP not yet weighted; 2026/2025 Statcast baseline active,7,2,10,0,"Last 7 games: 2/10, 0 HR","platoon edge; pitcher baseline 5.2% barrel, 13.1 HR allowed",neutral batted-ball profile; pitcher fly-ball pressure modest,,
664728,Kyle Isbel,KC,CLE,2026-09-27T19:10:00Z,Scheduled,9,Parker Messick,800048,L,L,2.3,0.0994,88.08,98.7573,0.297,0.0749,0.2531,71.1,12.5,33.23,19.64,33.23,5.4,5.17,32.6,87.61,0.346,0.1198,21.4,13.1,13.1,13.1,Kauffman Stadium,92,,,,No,No,9,Yes,Yes,RotoWire projected lineup; MLB probable pitchers,lineup projected / unconfirmed,H:2026/2025 P:2026/2025,,,Direct BvP not yet weighted; 2026/2025 Statcast baseline active,7,4,16,0,"Last 7 games: 4/16, 0 HR","same-side matchup; pitcher baseline 5.2% barrel, 13.1 HR allowed",neutral batted-ball profile; pitcher fly-ball pressure modest,,
804606,Konnor Griffin,PIT,DET,2026-09-27T19:10:00Z,Scheduled,1,River Ryan,689981,R,R,6.7,0.124,88.1,100.4637,0.399,0.141,0.313,75.4,56.1,38.6,18.4,37.3,5.0,0.0,37.5,91.1,0.341,0.081,12.5,0.0,0.0,0.0,Comerica Park,100,,,,No,No,1,Yes,Yes,RotoWire projected lineup; MLB probable pitchers,lineup projected / unconfirmed,H:2026 P:2026,,,Direct BvP not yet weighted; 2026/2025 Statcast baseline active,7,7,28,0,"Last 7 games: 7/28, 0 HR","same-side matchup; pitcher baseline 0.0% barrel, 0.0 HR allowed",neutral batted-ball profile; pitcher fly-ball pressure modest,,
664040,Brandon Lowe,PIT,DET,2026-09-27T19:10:00Z,Scheduled,2,River Ryan,689981,R,L,12.58,0.2294,91.03,101.541,0.4549,0.211,0.3322,73.59,39.18,46.09,32.43,46.04,33.8,0.0,37.5,91.1,0.341,0.081,12.5,0.0,0.0,0.0,Comerica Park,100,,,,No,No,2,Yes,Yes,RotoWire projected lineup; MLB probable pitchers,lineup projected / unconfirmed,H:2026/2025 P:2026,,,Direct BvP not yet weighted; 2026/2025 Statcast baseline active,7,7,27,3,Hot streak: 3 HR in last 7 games,"platoon edge; pitcher baseline 0.0% barrel, 0.0 HR allowed",neutral batted-ball profile; pitcher fly-ball pressure modest,,
668804,Bryan Reynolds,PIT,DET,2026-09-27T19:10:00Z,Scheduled,3,River Ryan,689981,R,S,10.87,0.1612,90.92,101.8797,0.4449,0.189,0.3499,72.62,27.74,39.52,25.81,47.33,16.7,0.0,37.5,91.1,0.341,0.081,12.5,0.0,0.0,0.0,Comerica Park,100,,,,No,No,3,Yes,Yes,RotoWire projected lineup; MLB probable pitchers,lineup projected / unconfirmed,H:2026/2025 P:2026,,,Direct BvP not yet weighted; 2026/2025 Statcast baseline active,7,4,20,0,"Last 7 games: 4/20, 0 HR","switch hitter; pitcher baseline 0.0% barrel, 0.0 HR allowed",neutral batted-ball profile; pitcher fly-ball pressure modest,,
665833,Oneil Cruz,PIT,DET,2026-09-27T19:10:00Z,Scheduled,4,River Ryan,689981,R,L,16.18,0.1976,94.61,106.3709,0.4579,0.2168,0.3436,78.03,74.35,39.25,23.17,54.57,20.0,0.0,37.5,91.1,0.341,0.081,12.5,0.0,0.0,0.0,Comerica Park,100,,,,No,No,4,Yes,Yes,RotoWire projected lineup; MLB probable pitchers,lineup projected / unconfirmed,H:2026/2025 P:2026,,,Direct BvP not yet weighted; 2026/2025 Statcast baseline active,7,9,23,1,Contact streak: 9/23 over last 7 games,"platoon edge; pitcher baseline 0.0% barrel, 0.0 HR allowed",EV profile; pitcher fly-ball pressure modest,,
693304,Nick Gonzales,PIT,DET,2026-09-27T19:10:00Z,Scheduled,5,River Ryan,689981,R,R,3.52,0.0908,87.12,98.1657,0.3792,0.107,0.3148,70.71,12.38,36.66,21.82,35.37,5.7,0.0,37.5,91.1,0.341,0.081,12.5,0.0,0.0,0.0,Comerica Park,100,,,,No,No,5,Yes,Yes,RotoWire projected lineup; MLB probable pitchers,lineup projected / unconfirmed,H:2026/2025 P:2026,,,Direct BvP not yet weighted; 2026/2025 Statcast baseline active,7,5,25,0,"Last 7 games: 5/25, 0 HR","same-side matchup; pitcher baseline 0.0% barrel, 0.0 HR allowed",neutral batted-ball profile; pitcher fly-ball pressure modest,,
656811,Ryan O'Hearn,PIT,DET,2026-09-27T19:10:00Z,Scheduled,6,River Ryan,689981,R,L,7.04,0.17,89.19,99.2687,0.4071,0.153,0.3232,71.03,11.36,38.8,27.59,42.36,17.7,0.0,37.5,91.1,0.341,0.081,12.5,0.0,0.0,0.0,Comerica Park,100,,,,No,No,6,Yes,Yes,RotoWire projected lineup; MLB probable pitchers,lineup projected / unconfirmed,H:2026/2025 P:2026,,,Direct BvP not yet weighted; 2026/2025 Statcast baseline active,7,7,25,0,"Last 7 games: 7/25, 0 HR","platoon edge; pitcher baseline 0.0% barrel, 0.0 HR allowed",neutral batted-ball profile; pitcher fly-ball pressure modest,,
804668,Rafael Flores,PIT,DET,2026-09-27T19:10:00Z,Scheduled,7,River Ryan,689981,R,R,14.25,0.2296,92.14,102.4278,0.5112,0.257,0.3589,73.75,38.55,39.7,37.15,51.65,7.7,0.0,37.5,91.1,0.341,0.081,12.5,0.0,0.0,0.0,Comerica Park,100,,,,No,No,7,Yes,Yes,RotoWire projected lineup; MLB probable pitchers,lineup projected / unconfirmed,H:2026/2025 P:2026,,,Direct BvP not yet weighted; 2026/2025 Statcast baseline active,7,6,24,3,Hot streak: 3 HR in last 7 games,"same-side matchup; pitcher baseline 0.0% barrel, 0.0 HR allowed",lift-pull EV profile; pitcher fly-ball pressure modest,,
687462,Spencer Horwitz,PIT,DET,2026-09-27T19:10:00Z,Scheduled,8,River Ryan,689981,R,L,6.48,0.1326,86.98,97.3808,0.365,0.1304,0.3155,68.61,5.18,39.31,27.84,32.15,10.3,0.0,37.5,91.1,0.341,0.081,12.5,0.0,0.0,0.0,Comerica Park,100,,,,No,No,8,Yes,Yes,RotoWire projected lineup; MLB probable pitchers,lineup projected / unconfirmed,H:2026/2025 P:2026,,,Direct BvP not yet weighted; 2026/2025 Statcast baseline active,7,5,19,0,"Last 7 games: 5/19, 0 HR","platoon edge; pitcher baseline 0.0% barrel, 0.0 HR allowed",neutral batted-ball profile; pitcher fly-ball pressure modest,,
663968,Jake Mangum,PIT,DET,2026-09-27T19:10:00Z,Scheduled,9,River Ryan,689981,R,S,2.42,0.0832,86.32,96.8389,0.3311,0.0843,0.2809,67.79,4.57,28.28,16.05,29.48,4.4,0.0,37.5,91.1,0.341,0.081,12.5,0.0,0.0,0.0,Comerica Park,100,,,,No,No,9,Yes,Yes,RotoWire projected lineup; MLB probable pitchers,lineup projected / unconfirmed,H:2026/2025 P:2026,,,Direct BvP not yet weighted; 2026/2025 Statcast baseline active,7,3,23,1,"Last 7 games: 3/23, 1 HR","switch hitter; pitcher baseline 0.0% barrel, 0.0 HR allowed",neutral batted-ball profile; pitcher fly-ball pressure modest,,
805808,Kevin McGonigle,DET,PIT,2026-09-27T19:10:00Z,Scheduled,1,Jared Jones,683003,R,L,7.1,0.148,87.8,98.4455,0.444,0.18,0.355,71.3,16.0,37.3,35.5,37.5,17.0,7.6,38.2,89.2,0.359,0.146,28.3,12.0,12.0,12.0,Comerica Park,100,,,,No,No,1,Yes,Yes,RotoWire projected lineup; MLB probable pitchers,lineup projected / unconfirmed,H:2026 P:2026,,,Direct BvP not yet weighted; 2026/2025 Statcast baseline active,7,9,32,0,"Last 7 games: 9/32, 0 HR","platoon edge; pitcher baseline 7.6% barrel, 12.0 HR allowed",fly-ball profile; pitcher fly-ball pressure modest,,
650402,Gleyber Torres,DET,PIT,2026-09-27T19:10:00Z,Scheduled,2,Jared Jones,683003,R,R,6.73,0.1114,87.34,97.6798,0.3962,0.1384,0.3364,68.7,5.89,28.37,26.47,34.31,10.4,7.6,38.2,89.2,0.359,0.146,28.3,12.0,12.0,12.0,Comerica Park,100,,,,No,No,2,Yes,Yes,RotoWire projected lineup; MLB probable pitchers,lineup projected / unconfirmed,H:2026/2025 P:2026,,,Direct BvP not yet weighted; 2026/2025 Statcast baseline active,7,4,25,0,"Last 7 games: 4/25, 0 HR","same-side matchup; pitcher baseline 7.6% barrel, 12.0 HR allowed",neutral batted-ball profile; pitcher fly-ball pressure modest,,
701678,Hao-Yu Lee,DET,PIT,2026-09-27T19:10:00Z,Scheduled,3,Jared Jones,683003,R,R,8.6,0.162,89.6,100.2258,0.396,0.16,0.304,71.3,21.1,26.9,26.1,41.2,10.0,7.6,38.2,89.2,0.359,0.146,28.3,12.0,12.0,12.0,Comerica Park,100,,,,No,No,3,Yes,Yes,RotoWire projected lineup; MLB probable pitchers,lineup projected / unconfirmed,H:2026 P:2026,,,Direct BvP not yet weighted; 2026/2025 Statcast baseline active,7,9,30,0,"Last 7 games: 9/30, 0 HR","same-side matchup; pitcher baseline 7.6% barrel, 12.0 HR allowed",neutral batted-ball profile; pitcher fly-ball pressure modest,,
682985,Riley Greene,DET,PIT,2026-09-27T19:10:00Z,Scheduled,4,Jared Jones,683003,R,L,15.49,0.207,89.9,102.3893,0.498,0.2424,0.36,75.6,58.36,39.4,33.38,45.92,25.5,7.6,38.2,89.2,0.359,0.146,28.3,12.0,12.0,12.0,Comerica Park,100,,,,No,No,4,Yes,Yes,RotoWire projected lineup; MLB probable pitchers,lineup projected / unconfirmed,H:2026/2025 P:2026,,,Direct BvP not yet weighted; 2026/2025 Statcast baseline active,7,6,24,1,"Last 7 games: 6/24, 1 HR","platoon edge; pitcher baseline 7.6% barrel, 12.0 HR allowed",neutral batted-ball profile; pitcher fly-ball pressure modest,,
693307,Dillon Dingler,DET,PIT,2026-09-27T19:10:00Z,Scheduled,5,Jared Jones,683003,R,R,9.83,0.1862,89.16,100.6474,0.4692,0.1969,0.3455,71.84,16.04,41.15,28.22,44.09,22.8,7.6,38.2,89.2,0.359,0.146,28.3,12.0,12.0,12.0,Comerica Park,100,,,,No,No,5,Yes,Yes,RotoWire projected lineup; MLB probable pitchers,lineup projected / unconfirmed,H:2026/2025 P:2026,,,Direct BvP not yet weighted; 2026/2025 Statcast baseline active,7,7,26,0,"Last 7 games: 7/26, 0 HR","same-side matchup; pitcher baseline 7.6% barrel, 12.0 HR allowed",neutral batted-ball profile; pitcher fly-ball pressure modest,,
703601,Max Clark,DET,PIT,2026-09-27T19:10:00Z,Scheduled,6,Jared Jones,683003,R,L,2.2,0.148,87.7,98.3911,0.351,0.083,0.318,73.6,31.4,34.5,25.2,38.8,3.0,7.6,38.2,89.2,0.359,0.146,28.3,12.0,12.0,12.0,Comerica Park,100,,,,No,No,6,Yes,Yes,RotoWire projected lineup; MLB probable pitchers,lineup projected / unconfirmed,H:2026 P:2026,,,Direct BvP not yet weighted; 2026/2025 Statcast baseline active,7,7,25,0,"Last 7 games: 7/25, 0 HR","platoon edge; pitcher baseline 7.6% barrel, 12.0 HR allowed",neutral batted-ball profile; pitcher fly-ball pressure modest,,
679529,Spencer Torkelson,DET,PIT,2026-09-27T19:10:00Z,Scheduled,7,Jared Jones,683003,R,R,12.59,0.209,89.71,100.241,0.4119,0.1964,0.32,73.07,25.81,48.05,36.18,42.93,27.5,7.6,38.2,89.2,0.359,0.146,28.3,12.0,12.0,12.0,Comerica Park,100,,,,No,No,7,Yes,Yes,RotoWire projected lineup; MLB probable pitchers,lineup projected / unconfirmed,H:2026/2025 P:2026,,,Direct BvP not yet weighted; 2026/2025 Statcast baseline active,7,5,19,2,Hot streak: 2 HR in last 7 games,"same-side matchup; pitcher baseline 7.6% barrel, 12.0 HR allowed",fly-ball profile; pitcher fly-ball pressure modest,,
814430,Brett Callahan,DET,PIT,2026-09-27T19:10:00Z,Scheduled,8,Jared Jones,683003,R,L,11.1,0.116,89.9,100.5933,0.386,0.168,0.298,75.1,52.1,35.6,31.1,44.4,1.0,7.6,38.2,89.2,0.359,0.146,28.3,12.0,12.0,12.0,Comerica Park,100,,,,No,No,8,Yes,Yes,RotoWire projected lineup; MLB probable pitchers,lineup projected / unconfirmed,H:2026 P:2026,,,Direct BvP not yet weighted; 2026/2025 Statcast baseline active,7,3,13,0,"Last 7 games: 3/13, 0 HR","platoon edge; pitcher baseline 7.6% barrel, 12.0 HR allowed",neutral batted-ball profile; pitcher fly-ball pressure modest,,
807726,John Peck,DET,PIT,2026-09-27T19:10:00Z,Scheduled,9,Jared Jones,683003,R,R,8.2,0.016,89.4,99.3246,0.358,0.13,0.32,72.1,16.3,24.0,18.0,40.0,0.0,7.6,38.2,89.2,0.359,0.146,28.3,12.0,12.0,12.0,Comerica Park,100,,,,No,No,9,Yes,Yes,RotoWire projected lineup; MLB probable pitchers,lineup projected / unconfirmed,H:2026 P:2026,,,Direct BvP not yet weighted; 2026/2025 Statcast baseline active,7,1,20,0,"Last 7 games: 1/20, 0 HR","same-side matchup; pitcher baseline 7.6% barrel, 12.0 HR allowed",neutral batted-ball profile; pitcher fly-ball pressure modest,,
665487,Fernando Tatis,SD,AZ,2026-09-27T19:10:00Z,Scheduled,1,Michael Soroka,647336,R,R,12.19,0.1801,93.02,104.4475,0.4964,0.2079,0.3763,75.58,57.91,34.24,22.36,53.27,25.0,7.68,35.85,88.08,0.386,0.1469,28.15,9.9,9.9,9.9,Petco Park,91,,,,No,No,1,Yes,Yes,RotoWire projected lineup; MLB probable pitchers,lineup projected / unconfirmed,H:2026/2025 P:2026/2025,,,Direct BvP not yet weighted; 2026/2025 Statcast baseline active,7,10,27,2,Hot streak: 2 HR in last 7 games,"same-side matchup; pitcher baseline 7.7% barrel, 9.9 HR allowed",EV profile; pitcher fly-ball pressure modest,,
630105,Jake Cronenworth,SD,AZ,2026-09-27T19:10:00Z,Scheduled,2,Michael Soroka,647336,R,L,4.59,0.1065,87.59,97.7181,0.3208,0.1035,0.2861,71.32,17.67,31.75,24.4,32.28,8.2,7.68,35.85,88.08,0.386,0.1469,28.15,9.9,9.9,9.9,Petco Park,91,,,,No,No,2,Yes,Yes,RotoWire projected lineup; MLB probable pitchers,lineup projected / unconfirmed,H:2026/2025 P:2026/2025,,,Direct BvP not yet weighted; 2026/2025 Statcast baseline active,7,7,25,2,Hot streak: 2 HR in last 7 games,"platoon edge; pitcher baseline 7.7% barrel, 9.9 HR allowed",neutral batted-ball profile; pitcher fly-ball pressure modest,,
592518,Manny Machado,SD,AZ,2026-09-27T19:10:00Z,Scheduled,3,Michael Soroka,647336,R,R,10.66,0.1892,90.94,101.773,0.4425,0.1918,0.3351,74.64,44.72,38.68,28.78,45.9,29.1,7.68,35.85,88.08,0.386,0.1469,28.15,9.9,9.9,9.9,Petco Park,91,,,,No,No,3,Yes,Yes,RotoWire projected lineup; MLB probable pitchers,lineup projected / unconfirmed,H:2026/2025 P:2026/2025,,,Direct BvP not yet weighted; 2026/2025 Statcast baseline active,7,5,29,2,Hot streak: 2 HR in last 7 games,"same-side matchup; pitcher baseline 7.7% barrel, 9.9 HR allowed",neutral batted-ball profile; pitcher fly-ball pressure modest,,
664034,Ty France,SD,AZ,2026-09-27T19:10:00Z,Scheduled,4,Michael Soroka,647336,R,R,8.82,0.1765,90.97,100.8948,0.4243,0.1716,0.328,71.77,19.74,36.57,24.97,46.58,16.8,7.68,35.85,88.08,0.386,0.1469,28.15,9.9,9.9,9.9,Petco Park,91,,,,No,No,4,Yes,Yes,RotoWire projected lineup; MLB probable pitchers,lineup projected / unconfirmed,H:2026/2025 P:2026/2025,,,Direct BvP not yet weighted; 2026/2025 Statcast baseline active,7,5,27,0,"Last 7 games: 5/27, 0 HR","same-side matchup; pitcher baseline 7.7% barrel, 9.9 HR allowed",neutral batted-ball profile; pitcher fly-ball pressure modest,,
701538,Jackson Merrill,SD,AZ,2026-09-27T19:10:00Z,Scheduled,5,Michael Soroka,647336,R,L,12.58,0.1881,90.96,101.2045,0.4907,0.2228,0.347,72.95,28.1,37.7,29.92,46.96,23.0,7.68,35.85,88.08,0.386,0.1469,28.15,9.9,9.9,9.9,Petco Park,91,,,,No,No,5,Yes,Yes,RotoWire projected lineup; MLB probable pitchers,lineup projected / unconfirmed,H:2026/2025 P:2026/2025,,,Direct BvP not yet weighted; 2026/2025 Statcast baseline active,7,6,26,0,"Last 7 games: 6/26, 0 HR","platoon edge; pitcher baseline 7.7% barrel, 9.9 HR allowed",neutral batted-ball profile; pitcher fly-ball pressure modest,,
593428,Xander Bogaerts,SD,AZ,2026-09-27T19:10:00Z,Scheduled,6,Michael Soroka,647336,R,R,5.92,0.1175,89.42,100.2761,0.3871,0.1327,0.3256,72.24,27.73,43.52,23.27,41.37,12.4,7.68,35.85,88.08,0.386,0.1469,28.15,9.9,9.9,9.9,Petco Park,91,,,,No,No,6,Yes,Yes,RotoWire projected lineup; MLB probable pitchers,lineup projected / unconfirmed,H:2026/2025 P:2026/2025,,,Direct BvP not yet weighted; 2026/2025 Statcast baseline active,7,7,20,1,Contact streak: 7/20 over last 7 games,"same-side matchup; pitcher baseline 7.7% barrel, 9.9 HR allowed",neutral batted-ball profile; pitcher fly-ball pressure modest,,
657757,Gavin Sheets,SD,AZ,2026-09-27T19:10:00Z,Scheduled,7,Michael Soroka,647336,R,L,7.64,0.177,88.08,99.5355,0.3977,0.1592,0.3211,74.52,48.3,39.33,23.91,40.62,16.9,7.68,35.85,88.08,0.386,0.1469,28.15,9.9,9.9,9.9,Petco Park,91,,,,No,No,7,Yes,Yes,RotoWire projected lineup; MLB probable pitchers,lineup projected / unconfirmed,H:2026/2025 P:2026/2025,,,Direct BvP not yet weighted; 2026/2025 Statcast baseline active,7,3,17,0,"Last 7 games: 3/17, 0 HR","platoon edge; pitcher baseline 7.7% barrel, 9.9 HR allowed",neutral batted-ball profile; pitcher fly-ball pressure modest,,
669134,Luis Campusano,SD,AZ,2026-09-27T19:10:00Z,Scheduled,8,Michael Soroka,647336,R,R,5.67,0.1183,87.52,98.3374,0.3018,0.1113,0.2913,72.96,30.48,47.12,19.94,35.53,5.6,7.68,35.85,88.08,0.386,0.1469,28.15,9.9,9.9,9.9,Petco Park,91,,,,No,No,8,Yes,Yes,RotoWire projected lineup; MLB probable pitchers,lineup projected / unconfirmed,H:2026/2025 P:2026/2025,,,Direct BvP not yet weighted; 2026/2025 Statcast baseline active,7,5,28,1,"Last 7 games: 5/28, 1 HR","same-side matchup; pitcher baseline 7.7% barrel, 9.9 HR allowed",neutral batted-ball profile; pitcher fly-ball pressure modest,,
669392,Samad Taylor,SD,AZ,2026-09-27T19:10:00Z,Scheduled,9,Michael Soroka,647336,R,R,2.59,0.0658,82.7,94.2189,0.3021,0.0661,0.2726,68.88,3.71,30.6,15.93,21.11,1.4,7.68,35.85,88.08,0.386,0.1469,28.15,9.9,9.9,9.9,Petco Park,91,,,,No,No,9,Yes,Yes,RotoWire projected lineup; MLB probable pitchers,lineup projected / unconfirmed,H:2026/2025 P:2026/2025,,,Direct BvP not yet weighted; 2026/2025 Statcast baseline active,7,6,20,1,"Last 7 games: 6/20, 1 HR","same-side matchup; pitcher baseline 7.7% barrel, 9.9 HR allowed",neutral batted-ball profile; pitcher fly-ball pressure modest,,
687263,Zach Neto,LAA,SEA,2026-09-27T19:10:00Z,Scheduled,1,Logan Gilbert,669302,R,R,12.39,0.2037,90.23,100.4368,0.4362,0.2097,0.3251,71.47,15.79,48.04,34.26,42.96,26.7,9.65,41.35,89.96,0.3831,0.1582,28.12,26.3,26.3,26.3,T-Mobile Park,96,,,,No,No,1,Yes,Yes,RotoWire projected lineup; MLB probable pitchers,lineup projected / unconfirmed,H:2026/2025 P:2026/2025,,,Direct BvP not yet weighted; 2026/2025 Statcast baseline active,7,6,25,1,"Last 7 games: 6/25, 1 HR","same-side matchup; pitcher baseline 9.7% barrel, 26.3 HR allowed",neutral batted-ball profile; pitcher fly-ball pressure modest,,
545361,Mike Trout,LAA,SEA,2026-09-27T19:10:00Z,Scheduled,2,Logan Gilbert,669302,R,R,15.94,0.1874,90.34,102.9785,0.4831,0.2341,0.3741,74.49,45.95,36.51,31.07,47.2,23.2,9.65,41.35,89.96,0.3831,0.1582,28.12,26.3,26.3,26.3,T-Mobile Park,96,,,,No,No,2,Yes,Yes,RotoWire projected lineup; MLB probable pitchers,lineup projected / unconfirmed,H:2026/2025 P:2026/2025,,,Direct BvP not yet weighted; 2026/2025 Statcast baseline active,7,7,24,1,"Last 7 games: 7/24, 1 HR","same-side matchup; pitcher baseline 9.7% barrel, 26.3 HR allowed",neutral batted-ball profile; pitcher fly-ball pressure modest,,
685133,Wade Meckler,LAA,SEA,2026-09-27T19:10:00Z,Scheduled,3,Logan Gilbert,669302,R,L,3.0,0.087,86.9,96.8265,0.36,0.097,0.315,69.0,2.2,33.2,18.9,33.6,3.0,9.65,41.35,89.96,0.3831,0.1582,28.12,26.3,26.3,26.3,T-Mobile Park,96,,,,No,No,3,Yes,Yes,RotoWire projected lineup; MLB probable pitchers,lineup projected / unconfirmed,H:2026 P:2026/2025,,,Direct BvP not yet weighted; 2026/2025 Statcast baseline active,7,11,30,0,Contact streak: 11/30 over last 7 games,"platoon edge; pitcher baseline 9.7% barrel, 26.3 HR allowed",neutral batted-ball profile; pitcher fly-ball pressure modest,,
687093,Vaughn Grissom,LAA,SEA,2026-09-27T19:10:00Z,Scheduled,4,Logan Gilbert,669302,R,R,6.8,0.146,87.4,98.585,0.381,0.136,0.311,70.9,16.0,39.4,24.7,35.6,13.0,9.65,41.35,89.96,0.3831,0.1582,28.12,26.3,26.3,26.3,T-Mobile Park,96,,,,No,No,4,Yes,Yes,RotoWire projected lineup; MLB probable pitchers,lineup projected / unconfirmed,H:2026 P:2026/2025,,,Direct BvP not yet weighted; 2026/2025 Statcast baseline active,7,10,30,2,Hot streak: 2 HR in last 7 games,"same-side matchup; pitcher baseline 9.7% barrel, 26.3 HR allowed",neutral batted-ball profile; pitcher fly-ball pressure modest,,
694208,Moises Ballesteros,LAA,SEA,2026-09-27T19:10:00Z,Scheduled,5,Logan Gilbert,669302,R,L,7.96,0.1347,89.87,100.5944,0.3762,0.1408,0.3032,72.29,29.02,33.87,22.4,42.05,6.9,9.65,41.35,89.96,0.3831,0.1582,28.12,26.3,26.3,26.3,T-Mobile Park,96,,,,No,No,5,Yes,Yes,RotoWire projected lineup; MLB probable pitchers,lineup projected / unconfirmed,H:2026/2025 P:2026/2025,,,Direct BvP not yet weighted; 2026/2025 Statcast baseline active,7,2,25,0,"Last 7 games: 2/25, 0 HR","platoon edge; pitcher baseline 9.7% barrel, 26.3 HR allowed",neutral batted-ball profile; pitcher fly-ball pressure modest,,
694203,Denzer Guzman,LAA,SEA,2026-09-27T19:10:00Z,Scheduled,6,Logan Gilbert,669302,R,R,7.93,0.1327,86.57,98.7414,0.3237,0.1141,0.2511,73.64,37.86,40.88,24.4,37.72,6.2,9.65,41.35,89.96,0.3831,0.1582,28.12,26.3,26.3,26.3,T-Mobile Park,96,,,,No,No,6,Yes,Yes,RotoWire projected lineup; MLB probable pitchers,lineup projected / unconfirmed,H:2026/2025 P:2026/2025,,,Direct BvP not yet weighted; 2026/2025 Statcast baseline active,7,3,23,1,"Last 7 games: 3/23, 1 HR","same-side matchup; pitcher baseline 9.7% barrel, 26.3 HR allowed",neutral batted-ball profile; pitcher fly-ball pressure modest,,
666139,Josh Lowe,LAA,SEA,2026-09-27T19:10:00Z,Scheduled,7,Logan Gilbert,669302,R,L,8.14,0.1516,88.74,99.2107,0.3723,0.1545,0.2884,73.31,33.21,35.57,29.96,38.13,11.7,9.65,41.35,89.96,0.3831,0.1582,28.12,26.3,26.3,26.3,T-Mobile Park,96,,,,No,No,7,Yes,Yes,RotoWire projected lineup; MLB probable pitchers,lineup projected / unconfirmed,H:2026/2025 P:2026/2025,,,Direct BvP not yet weighted; 2026/2025 Statcast baseline active,7,3,19,0,"Last 7 games: 3/19, 0 HR","platoon edge; pitcher baseline 9.7% barrel, 26.3 HR allowed",neutral batted-ball profile; pitcher fly-ball pressure modest,,
642350,Jose Siri,LAA,SEA,2026-09-27T19:10:00Z,Scheduled,8,Logan Gilbert,669302,R,R,15.31,0.1327,87.77,99.6816,0.3725,0.1868,0.2729,73.01,33.47,32.11,42.27,39.88,6.3,9.65,41.35,89.96,0.3831,0.1582,28.12,26.3,26.3,26.3,T-Mobile Park,96,,,,No,No,8,Yes,Yes,RotoWire projected lineup; MLB probable pitchers,lineup projected / unconfirmed,H:2026/2025 P:2026/2025,,,Direct BvP not yet weighted; 2026/2025 Statcast baseline active,7,6,20,1,"Last 7 games: 6/20, 1 HR","same-side matchup; pitcher baseline 9.7% barrel, 26.3 HR allowed",fly-ball profile; pitcher fly-ball pressure modest,,
695681,Christian Moore,LAA,SEA,2026-09-27T19:10:00Z,Scheduled,9,Logan Gilbert,669302,R,R,8.72,0.1153,88.48,99.8564,0.3212,0.1259,0.2603,72.14,25.5,25.24,27.85,38.05,3.5,9.65,41.35,89.96,0.3831,0.1582,28.12,26.3,26.3,26.3,T-Mobile Park,96,,,,No,No,9,Yes,Yes,RotoWire projected lineup; MLB probable pitchers,lineup projected / unconfirmed,H:2026/2025 P:2026/2025,,,Direct BvP not yet weighted; 2026/2025 Statcast baseline active,7,7,22,1,"Last 7 games: 7/22, 1 HR","same-side matchup; pitcher baseline 9.7% barrel, 26.3 HR allowed",neutral batted-ball profile; pitcher fly-ball pressure modest,,
641487,J.P. Crawford,SEA,LAA,2026-09-27T19:10:00Z,Scheduled,1,Yusei Kikuchi,579328,L,L,5.88,0.1239,87.55,98.0365,0.3678,0.1235,0.3217,71.21,18.32,36.4,22.75,34.56,13.4,9.05,44.93,91.07,0.4329,0.1731,23.68,12.1,12.1,12.1,T-Mobile Park,96,,,,No,No,1,Yes,Yes,RotoWire projected lineup; MLB probable pitchers,lineup projected / unconfirmed,H:2026/2025 P:2026/2025,,,Direct BvP not yet weighted; 2026/2025 Statcast baseline active,7,5,29,2,Hot streak: 2 HR in last 7 games,"same-side matchup; pitcher baseline 9.1% barrel, 12.1 HR allowed",neutral batted-ball profile; pitcher fly-ball pressure modest,,
668227,Randy Arozarena,SEA,LAA,2026-09-27T19:10:00Z,Scheduled,2,Yusei Kikuchi,579328,L,R,9.19,0.1978,91.02,101.1648,0.4184,0.1704,0.3417,71.32,24.52,35.03,24.73,45.63,26.3,9.05,44.93,91.07,0.4329,0.1731,23.68,12.1,12.1,12.1,T-Mobile Park,96,,,,No,No,2,Yes,Yes,RotoWire projected lineup; MLB probable pitchers,lineup projected / unconfirmed,H:2026/2025 P:2026/2025,,,Direct BvP not yet weighted; 2026/2025 Statcast baseline active,7,7,25,1,"Last 7 games: 7/25, 1 HR","platoon edge; pitcher baseline 9.1% barrel, 12.1 HR allowed",neutral batted-ball profile; pitcher fly-ball pressure modest,,
686527,Dominic Canzone,SEA,LAA,2026-09-27T19:10:00Z,Scheduled,3,Yusei Kikuchi,579328,L,L,12.96,0.2097,91.46,102.5452,0.5043,0.2262,0.3641,73.94,41.57,39.06,26.37,46.27,19.4,9.05,44.93,91.07,0.4329,0.1731,23.68,12.1,12.1,12.1,T-Mobile Park,96,,,,No,No,3,Yes,Yes,RotoWire projected lineup; MLB probable pitchers,lineup projected / unconfirmed,H:2026/2025 P:2026/2025,,,Direct BvP not yet weighted; 2026/2025 Statcast baseline active,7,10,27,1,Contact streak: 10/27 over last 7 games,"same-side matchup; pitcher baseline 9.1% barrel, 12.1 HR allowed",neutral batted-ball profile; pitcher fly-ball pressure modest,,
663728,Cal Raleigh,SEA,LAA,2026-09-27T19:10:00Z,Scheduled,4,Yusei Kikuchi,579328,L,S,15.86,0.2342,90.46,101.2338,0.4392,0.2383,0.3283,75.06,52.46,52.96,43.06,42.53,34.1,9.05,44.93,91.07,0.4329,0.1731,23.68,12.1,12.1,12.1,T-Mobile Park,96,,,,No,No,4,Yes,Yes,RotoWire projected lineup; MLB probable pitchers,lineup projected / unconfirmed,H:2026/2025 P:2026/2025,,,Direct BvP not yet weighted; 2026/2025 Statcast baseline active,7,2,24,1,"Last 7 games: 2/24, 1 HR","switch hitter; pitcher baseline 9.1% barrel, 12.1 HR allowed",fly-ball profile; pitcher fly-ball pressure modest,,
677594,Julio Rodriguez,SEA,LAA,2026-09-27T19:10:00Z,Scheduled,5,Yusei Kikuchi,579328,L,R,9.17,0.1706,90.75,102.7912,0.4531,0.1866,0.3384,76.54,66.08,38.21,25.56,45.27,25.0,9.05,44.93,91.07,0.4329,0.1731,23.68,12.1,12.1,12.1,T-Mobile Park,96,,,,No,No,5,Yes,Yes,RotoWire projected lineup; MLB probable pitchers,lineup projected / unconfirmed,H:2026/2025 P:2026/2025,,,Direct BvP not yet weighted; 2026/2025 Statcast baseline active,7,10,27,1,Contact streak: 10/27 over last 7 games,"platoon edge; pitcher baseline 9.1% barrel, 12.1 HR allowed",neutral batted-ball profile; pitcher fly-ball pressure modest,,
647304,Josh Naylor,SEA,LAA,2026-09-27T19:10:00Z,Scheduled,6,Yusei Kikuchi,579328,L,L,5.16,0.1117,87.73,98.9376,0.3977,0.1282,0.318,70.34,11.54,41.15,22.57,37.7,13.0,9.05,44.93,91.07,0.4329,0.1731,23.68,12.1,12.1,12.1,T-Mobile Park,96,,,,No,No,6,Yes,Yes,RotoWire projected lineup; MLB probable pitchers,lineup projected / unconfirmed,H:2026/2025 P:2026/2025,,,Direct BvP not yet weighted; 2026/2025 Statcast baseline active,7,1,27,0,"Last 7 games: 1/27, 0 HR","same-side matchup; pitcher baseline 9.1% barrel, 12.1 HR allowed",neutral batted-ball profile; pitcher fly-ball pressure modest,,
703197,Michael Arroyo,SEA,LAA,2026-09-27T19:10:00Z,Scheduled,7,Yusei Kikuchi,579328,L,R,3.4,0.147,88.2,96.8177,0.426,0.112,0.37,73.8,36.7,51.7,24.1,31.0,1.0,9.05,44.93,91.07,0.4329,0.1731,23.68,12.1,12.1,12.1,T-Mobile Park,96,,,,No,No,7,Yes,Yes,RotoWire projected lineup; MLB probable pitchers,lineup projected / unconfirmed,H:2026 P:2026/2025,,,Direct BvP not yet weighted; 2026/2025 Statcast baseline active,7,7,19,0,Contact streak: 7/19 over last 7 games,"platoon edge; pitcher baseline 9.1% barrel, 12.1 HR allowed",neutral batted-ball profile; pitcher fly-ball pressure modest,,
702284,Cole Young,SEA,LAA,2026-09-27T19:10:00Z,Scheduled,8,Yusei Kikuchi,579328,L,L,5.25,0.1234,88.09,98.7569,0.3802,0.1317,0.3096,71.51,21.58,41.84,27.15,35.72,13.1,9.05,44.93,91.07,0.4329,0.1731,23.68,12.1,12.1,12.1,T-Mobile Park,96,,,,No,No,8,Yes,Yes,RotoWire projected lineup; MLB probable pitchers,lineup projected / unconfirmed,H:2026/2025 P:2026/2025,,,Direct BvP not yet weighted; 2026/2025 Statcast baseline active,7,5,24,0,"Last 7 games: 5/24, 0 HR","same-side matchup; pitcher baseline 9.1% barrel, 12.1 HR allowed",neutral batted-ball profile; pitcher fly-ball pressure modest,,
642215,Weston Wilson,SEA,LAA,2026-09-27T19:10:00Z,Scheduled,9,Yusei Kikuchi,579328,L,R,5.82,0.1262,86.39,98.1698,0.3227,0.1144,0.2775,72.64,26.4,46.92,27.11,35.4,4.3,9.05,44.93,91.07,0.4329,0.1731,23.68,12.1,12.1,12.1,T-Mobile Park,96,,,,No,No,9,Yes,Yes,RotoWire projected lineup; MLB probable pitchers,lineup projected / unconfirmed,H:2026/2025 P:2026/2025,,,Direct BvP not yet weighted; 2026/2025 Statcast baseline active,7,0,9,0,"Last 7 games: 0/9, 0 HR","platoon edge; pitcher baseline 9.1% barrel, 12.1 HR allowed",neutral batted-ball profile; pitcher fly-ball pressure modest,,
607043,Brandon Nimmo,TEX,MIN,2026-09-27T19:10:00Z,Scheduled,1,Dean Kremer,665152,R,L,8.94,0.1544,91.97,102.0087,0.4365,0.1726,0.3343,72.34,27.74,33.59,25.56,50.41,17.3,9.33,35.8,88.03,0.4342,0.1959,31.76,18.5,18.5,18.5,Target Field,99,,,,No,No,1,Yes,Yes,RotoWire projected lineup; MLB probable pitchers,lineup projected / unconfirmed,H:2026/2025 P:2026/2025,,,Direct BvP not yet weighted; 2026/2025 Statcast baseline active,7,6,26,0,"Last 7 games: 6/26, 0 HR","platoon edge; pitcher baseline 9.3% barrel, 18.5 HR allowed",neutral batted-ball profile; pitcher allows elevated contact,,
677649,Ezequiel Duran,TEX,MIN,2026-09-27T19:10:00Z,Scheduled,2,Dean Kremer,665152,R,R,4.98,0.1327,87.82,99.0161,0.3475,0.1132,0.2848,72.27,24.52,35.59,21.37,36.29,11.9,9.33,35.8,88.03,0.4342,0.1959,31.76,18.5,18.5,18.5,Target Field,99,,,,No,No,2,Yes,Yes,RotoWire projected lineup; MLB probable pitchers,lineup projected / unconfirmed,H:2026/2025 P:2026/2025,,,Direct BvP not yet weighted; 2026/2025 Statcast baseline active,7,3,24,0,"Last 7 games: 3/24, 0 HR","same-side matchup; pitcher baseline 9.3% barrel, 18.5 HR allowed",neutral batted-ball profile; pitcher allows elevated contact,,
608369,Corey Seager,TEX,MIN,2026-09-27T19:10:00Z,Scheduled,3,Dean Kremer,665152,R,L,14.81,0.1992,92.2,102.6776,0.5088,0.2469,0.365,71.8,15.23,40.99,30.85,50.31,19.6,9.33,35.8,88.03,0.4342,0.1959,31.76,18.5,18.5,18.5,Target Field,99,,,,No,No,3,Yes,Yes,RotoWire projected lineup; MLB probable pitchers,lineup projected / unconfirmed,H:2026/2025 P:2026/2025,,,Direct BvP not yet weighted; 2026/2025 Statcast baseline active,7,4,30,1,"Last 7 games: 4/30, 1 HR","platoon edge; pitcher baseline 9.3% barrel, 18.5 HR allowed",lift-pull EV profile; pitcher allows elevated contact,,
694671,Wyatt Langford,TEX,MIN,2026-09-27T19:10:00Z,Scheduled,4,Dean Kremer,665152,R,R,9.8,0.1865,89.44,100.3886,0.406,0.1729,0.3271,72.89,27.71,43.17,30.81,40.35,18.5,9.33,35.8,88.03,0.4342,0.1959,31.76,18.5,18.5,18.5,Target Field,99,,,,No,No,4,Yes,Yes,RotoWire projected lineup; MLB probable pitchers,lineup projected / unconfirmed,H:2026/2025 P:2026/2025,,,Direct BvP not yet weighted; 2026/2025 Statcast baseline active,7,5,23,0,"Last 7 games: 5/23, 0 HR","same-side matchup; pitcher baseline 9.3% barrel, 18.5 HR allowed",neutral batted-ball profile; pitcher allows elevated contact,,
670032,Nicky Lopez,TEX,MIN,2026-09-27T19:10:00Z,Scheduled,5,Dean Kremer,665152,R,L,0.0,0.0301,84.73,95.2987,0.2683,0.0426,0.261,66.79,1.38,33.66,12.07,27.68,0.7,9.33,35.8,88.03,0.4342,0.1959,31.76,18.5,18.5,18.5,Target Field,99,,,,No,No,5,Yes,Yes,RotoWire projected lineup; MLB probable pitchers,lineup projected / unconfirmed,H:2026/2025 P:2026/2025,,,Direct BvP not yet weighted; 2026/2025 Statcast baseline active,7,2,11,0,"Last 7 games: 2/11, 0 HR","platoon edge; pitcher baseline 9.3% barrel, 18.5 HR allowed",neutral batted-ball profile; pitcher allows elevated contact,,
669394,Jake Burger,TEX,MIN,2026-09-27T19:10:00Z,Scheduled,6,Dean Kremer,665152,R,R,12.78,0.1907,90.19,102.6678,0.4388,0.2054,0.3184,75.37,58.56,41.18,29.02,46.4,24.4,9.33,35.8,88.03,0.4342,0.1959,31.76,18.5,18.5,18.5,Target Field,99,,,,No,No,6,Yes,Yes,RotoWire projected lineup; MLB probable pitchers,lineup projected / unconfirmed,H:2026/2025 P:2026/2025,,,Direct BvP not yet weighted; 2026/2025 Statcast baseline active,7,4,26,2,Hot streak: 2 HR in last 7 games,"same-side matchup; pitcher baseline 9.3% barrel, 18.5 HR allowed",neutral batted-ball profile; pitcher allows elevated contact,,
696030,Alejandro Osuna,TEX,MIN,2026-09-27T19:10:00Z,Scheduled,7,Dean Kremer,665152,R,L,2.22,0.0513,87.43,98.6499,0.3354,0.0756,0.3129,71.55,21.02,27.43,16.49,31.54,1.3,9.33,35.8,88.03,0.4342,0.1959,31.76,18.5,18.5,18.5,Target Field,99,,,,No,No,7,Yes,Yes,RotoWire projected lineup; MLB probable pitchers,lineup projected / unconfirmed,H:2026/2025 P:2026/2025,,,Direct BvP not yet weighted; 2026/2025 Statcast baseline active,7,4,10,0,Contact streak: 4/10 over last 7 games,"platoon edge; pitcher baseline 9.3% barrel, 18.5 HR allowed",neutral batted-ball profile; pitcher allows elevated contact,,
643376,Danny Jansen,TEX,MIN,2026-09-27T19:10:00Z,Scheduled,8,Dean Kremer,665152,R,R,7.05,0.1707,87.6,97.8164,0.3234,0.1325,0.2776,69.78,6.32,53.28,30.73,35.22,9.1,9.33,35.8,88.03,0.4342,0.1959,31.76,18.5,18.5,18.5,Target Field,99,,,,No,No,8,Yes,Yes,RotoWire projected lineup; MLB probable pitchers,lineup projected / unconfirmed,H:2026/2025 P:2026/2025,,,Direct BvP not yet weighted; 2026/2025 Statcast baseline active,7,4,21,1,"Last 7 games: 4/21, 1 HR","same-side matchup; pitcher baseline 9.3% barrel, 18.5 HR allowed",neutral batted-ball profile; pitcher allows elevated contact,,
694497,Evan Carter,TEX,MIN,2026-09-27T19:10:00Z,Scheduled,9,Dean Kremer,665152,R,L,5.2,0.1275,87.26,98.5477,0.332,0.1155,0.2884,71.09,18.49,39.26,27.77,34.74,7.8,9.33,35.8,88.03,0.4342,0.1959,31.76,18.5,18.5,18.5,Target Field,99,,,,No,No,9,Yes,Yes,RotoWire projected lineup; MLB probable pitchers,lineup projected / unconfirmed,H:2026/2025 P:2026/2025,,,Direct BvP not yet weighted; 2026/2025 Statcast baseline active,7,5,21,0,"Last 7 games: 5/21, 0 HR","platoon edge; pitcher baseline 9.3% barrel, 18.5 HR allowed",neutral batted-ball profile; pitcher allows elevated contact,,
807712,Luke Keaschall,MIN,TEX,2026-09-27T19:10:00Z,Scheduled,1,MacKenzie Gore,669022,L,R,4.22,0.1311,85.64,96.7597,0.3717,0.1174,0.3212,68.5,7.31,38.4,27.53,29.8,8.2,9.2,41.93,89.49,0.3933,0.1516,28.0,19.3,19.3,19.3,Target Field,99,,,,No,No,1,Yes,Yes,RotoWire projected lineup; MLB probable pitchers,lineup projected / unconfirmed,H:2026/2025 P:2026/2025,,,Direct BvP not yet weighted; 2026/2025 Statcast baseline active,7,10,27,1,Contact streak: 10/27 over last 7 games,"platoon edge; pitcher baseline 9.2% barrel, 19.3 HR allowed",neutral batted-ball profile; pitcher fly-ball pressure modest,,
668885,Austin Martin,MIN,TEX,2026-09-27T19:10:00Z,Scheduled,2,MacKenzie Gore,669022,L,R,3.75,0.0858,86.62,97.2385,0.3421,0.096,0.3163,68.83,4.27,40.51,20.77,31.53,2.4,9.2,41.93,89.49,0.3933,0.1516,28.0,19.3,19.3,19.3,Target Field,99,,,,No,No,2,Yes,Yes,RotoWire projected lineup; MLB probable pitchers,lineup projected / unconfirmed,H:2026/2025 P:2026/2025,,,Direct BvP not yet weighted; 2026/2025 Statcast baseline active,7,1,17,0,"Last 7 games: 1/17, 0 HR","platoon edge; pitcher baseline 9.2% barrel, 19.3 HR allowed",neutral batted-ball profile; pitcher fly-ball pressure modest,,
680777,Ryan Jeffers,MIN,TEX,2026-09-27T19:10:00Z,Scheduled,3,MacKenzie Gore,669022,L,R,9.17,0.1814,88.88,100.7372,0.4182,0.1752,0.3349,73.14,36.89,37.74,27.68,41.33,12.5,9.2,41.93,89.49,0.3933,0.1516,28.0,19.3,19.3,19.3,Target Field,99,,,,No,No,3,Yes,Yes,RotoWire projected lineup; MLB probable pitchers,lineup projected / unconfirmed,H:2026/2025 P:2026/2025,,,Direct BvP not yet weighted; 2026/2025 Statcast baseline active,7,3,24,0,"Last 7 games: 3/24, 0 HR","platoon edge; pitcher baseline 9.2% barrel, 19.3 HR allowed",neutral batted-ball profile; pitcher fly-ball pressure modest,,
605137,Josh Bell,MIN,TEX,2026-09-27T19:10:00Z,Scheduled,4,MacKenzie Gore,669022,L,S,10.21,0.1653,90.05,101.0078,0.4549,0.1989,0.3408,72.26,28.36,40.87,26.78,43.5,20.6,9.2,41.93,89.49,0.3933,0.1516,28.0,19.3,19.3,19.3,Target Field,99,,,,No,No,4,Yes,Yes,RotoWire projected lineup; MLB probable pitchers,lineup projected / unconfirmed,H:2026/2025 P:2026/2025,,,Direct BvP not yet weighted; 2026/2025 Statcast baseline active,7,8,27,0,"Last 7 games: 8/27, 0 HR","switch hitter; pitcher baseline 9.2% barrel, 19.3 HR allowed",neutral batted-ball profile; pitcher fly-ball pressure modest,,
665019,Kody Clemens,MIN,TEX,2026-09-27T19:10:00Z,Scheduled,5,MacKenzie Gore,669022,L,L,11.37,0.2217,91.78,101.4068,0.4566,0.2069,0.3324,72.06,14.14,46.43,33.04,46.76,24.6,9.2,41.93,89.49,0.3933,0.1516,28.0,19.3,19.3,19.3,Target Field,99,,,,No,No,5,Yes,Yes,RotoWire projected lineup; MLB probable pitchers,lineup projected / unconfirmed,H:2026/2025 P:2026/2025,,,Direct BvP not yet weighted; 2026/2025 Statcast baseline active,7,5,22,1,"Last 7 games: 5/22, 1 HR","same-side matchup; pitcher baseline 9.2% barrel, 19.3 HR allowed",neutral batted-ball profile; pitcher fly-ball pressure modest,,
668904,Royce Lewis,MIN,TEX,2026-09-27T19:10:00Z,Scheduled,6,MacKenzie Gore,669022,L,R,9.96,0.1496,89.73,100.4354,0.393,0.1558,0.3012,74.65,49.89,46.51,30.29,39.88,13.7,9.2,41.93,89.49,0.3933,0.1516,28.0,19.3,19.3,19.3,Target Field,99,,,,No,No,6,Yes,Yes,RotoWire projected lineup; MLB probable pitchers,lineup projected / unconfirmed,H:2026/2025 P:2026/2025,,,Direct BvP not yet weighted; 2026/2025 Statcast baseline active,7,6,29,0,"Last 7 games: 6/29, 0 HR","platoon edge; pitcher baseline 9.2% barrel, 19.3 HR allowed",neutral batted-ball profile; pitcher fly-ball pressure modest,,
686797,Brooks Lee,MIN,TEX,2026-09-27T19:10:00Z,Scheduled,7,MacKenzie Gore,669022,L,S,4.75,0.1641,88.25,97.6683,0.3586,0.1267,0.2813,69.99,8.42,41.92,29.84,35.28,21.6,9.2,41.93,89.49,0.3933,0.1516,28.0,19.3,19.3,19.3,Target Field,99,,,,No,No,7,Yes,Yes,RotoWire projected lineup; MLB probable pitchers,lineup projected / unconfirmed,H:2026/2025 P:2026/2025,,,Direct BvP not yet weighted; 2026/2025 Statcast baseline active,7,9,30,1,"Last 7 games: 9/30, 1 HR","switch hitter; pitcher baseline 9.2% barrel, 19.3 HR allowed",neutral batted-ball profile; pitcher fly-ball pressure modest,,
701785,Kaelen Culpepper,MIN,TEX,2026-09-27T19:10:00Z,Scheduled,8,MacKenzie Gore,669022,L,R,3.4,0.125,87.4,97.5867,0.364,0.119,0.297,73.6,35.2,40.9,23.9,30.7,3.0,9.2,41.93,89.49,0.3933,0.1516,28.0,19.3,19.3,19.3,Target Field,99,,,,No,No,8,Yes,Yes,RotoWire projected lineup; MLB probable pitchers,lineup projected / unconfirmed,H:2026 P:2026/2025,,,Direct BvP not yet weighted; 2026/2025 Statcast baseline active,7,4,21,0,"Last 7 games: 4/21, 0 HR","platoon edge; pitcher baseline 9.2% barrel, 19.3 HR allowed",neutral batted-ball profile; pitcher fly-ball pressure modest,,
691181,Emmanuel Rodriguez,MIN,TEX,2026-09-27T19:10:00Z,Scheduled,9,MacKenzie Gore,669022,L,L,20.7,0.222,90.6,101.7893,0.534,0.283,0.354,76.1,68.6,44.8,31.0,48.3,2.0,9.2,41.93,89.49,0.3933,0.1516,28.0,19.3,19.3,19.3,Target Field,99,,,,No,No,9,Yes,Yes,RotoWire projected lineup; MLB probable pitchers,lineup projected / unconfirmed,H:2026 P:2026/2025,,,Direct BvP not yet weighted; 2026/2025 Statcast baseline active,7,3,22,1,"Last 7 games: 3/22, 1 HR","same-side matchup; pitcher baseline 9.2% barrel, 19.3 HR allowed",neutral batted-ball profile; pitcher fly-ball pressure modest,,
664983,Jake McCarthy,COL,CWS,2026-09-27T19:10:00Z,Scheduled,1,Anthony Kay,641743,L,L,5.44,0.1725,85.12,96.8627,0.3992,0.1364,0.3105,70.96,13.47,37.87,21.38,28.16,11.7,8.3,39.0,88.4,0.419,0.156,22.5,21.0,21.0,21.0,Rate Field,100,,,,No,No,1,Yes,Yes,RotoWire projected lineup; MLB probable pitchers,lineup projected / unconfirmed,H:2026/2025 P:2026,,,Direct BvP not yet weighted; 2026/2025 Statcast baseline active,7,5,28,0,"Last 7 games: 5/28, 0 HR","same-side matchup; pitcher baseline 8.3% barrel, 21.0 HR allowed",neutral batted-ball profile; pitcher fly-ball pressure modest,,
681393,Connor Norby,COL,CWS,2026-09-27T19:10:00Z,Scheduled,2,Anthony Kay,641743,L,R,8.21,0.1352,87.67,98.1726,0.3799,0.1557,0.307,70.28,8.69,41.75,35.21,36.47,7.3,8.3,39.0,88.4,0.419,0.156,22.5,21.0,21.0,21.0,Rate Field,100,,,,No,No,2,Yes,Yes,RotoWire projected lineup; MLB probable pitchers,lineup projected / unconfirmed,H:2026/2025 P:2026,,,Direct BvP not yet weighted; 2026/2025 Statcast baseline active,7,7,21,0,Contact streak: 7/21 over last 7 games,"platoon edge; pitcher baseline 8.3% barrel, 21.0 HR allowed",fly-ball profile; pitcher fly-ball pressure modest,,
696100,Hunter Goodman,COL,CWS,2026-09-27T19:10:00Z,Scheduled,3,Anthony Kay,641743,L,R,14.02,0.2721,90.03,102.3293,0.4595,0.2266,0.322,74.79,46.99,48.21,32.9,45.01,38.0,8.3,39.0,88.4,0.419,0.156,22.5,21.0,21.0,21.0,Rate Field,100,,,,No,No,3,Yes,Yes,RotoWire projected lineup; MLB probable pitchers,lineup projected / unconfirmed,H:2026/2025 P:2026,,,Direct BvP not yet weighted; 2026/2025 Statcast baseline active,7,8,28,3,Hot streak: 3 HR in last 7 games,"platoon edge; pitcher baseline 8.3% barrel, 21.0 HR allowed",neutral batted-ball profile; pitcher fly-ball pressure modest,,
681198,TJ Rumfield,COL,CWS,2026-09-27T19:10:00Z,Scheduled,4,Anthony Kay,641743,L,L,5.0,0.153,84.3,96.1808,0.386,0.125,0.333,68.4,7.5,40.8,28.7,27.9,16.0,8.3,39.0,88.4,0.419,0.156,22.5,21.0,21.0,21.0,Rate Field,100,,,,No,No,4,Yes,Yes,RotoWire projected lineup; MLB probable pitchers,lineup projected / unconfirmed,H:2026 P:2026,,,Direct BvP not yet weighted; 2026/2025 Statcast baseline active,7,7,24,1,"Last 7 games: 7/24, 1 HR","same-side matchup; pitcher baseline 8.3% barrel, 21.0 HR allowed",neutral batted-ball profile; pitcher fly-ball pressure modest,,
694249,Cole Carrigg,COL,CWS,2026-09-27T19:10:00Z,Scheduled,5,Anthony Kay,641743,L,S,6.1,0.191,88.0,99.1475,0.404,0.153,0.315,73.2,34.7,48.0,28.6,37.5,11.0,8.3,39.0,88.4,0.419,0.156,22.5,21.0,21.0,21.0,Rate Field,100,,,,No,No,5,Yes,Yes,RotoWire projected lineup; MLB probable pitchers,lineup projected / unconfirmed,H:2026 P:2026,,,Direct BvP not yet weighted; 2026/2025 Statcast baseline active,7,10,27,1,Contact streak: 10/27 over last 7 games,"switch hitter; pitcher baseline 8.3% barrel, 21.0 HR allowed",neutral batted-ball profile; pitcher fly-ball pressure modest,,
691720,Kyle Karros,COL,CWS,2026-09-27T19:10:00Z,Scheduled,6,Anthony Kay,641743,L,R,6.18,0.1287,89.09,99.6819,0.3621,0.1236,0.3126,69.8,5.58,39.5,24.34,38.81,9.4,8.3,39.0,88.4,0.419,0.156,22.5,21.0,21.0,21.0,Rate Field,100,,,,No,No,6,Yes,Yes,RotoWire projected lineup; MLB probable pitchers,lineup projected / unconfirmed,H:2026/2025 P:2026,,,Direct BvP not yet weighted; 2026/2025 Statcast baseline active,7,4,26,1,"Last 7 games: 4/26, 1 HR","platoon edge; pitcher baseline 8.3% barrel, 21.0 HR allowed",neutral batted-ball profile; pitcher fly-ball pressure modest,,
687597,Jordan Beck,COL,CWS,2026-09-27T19:10:00Z,Scheduled,7,Anthony Kay,641743,L,R,5.47,0.1118,87.12,98.7688,0.3215,0.1052,0.2649,73.69,36.76,40.22,28.04,33.6,5.5,8.3,39.0,88.4,0.419,0.156,22.5,21.0,21.0,21.0,Rate Field,100,,,,No,No,7,Yes,Yes,RotoWire projected lineup; MLB probable pitchers,lineup projected / unconfirmed,H:2026/2025 P:2026,,,Direct BvP not yet weighted; 2026/2025 Statcast baseline active,7,3,15,0,"Last 7 games: 3/15, 0 HR","platoon edge; pitcher baseline 8.3% barrel, 21.0 HR allowed",neutral batted-ball profile; pitcher fly-ball pressure modest,,
691182,Adael Amador,COL,CWS,2026-09-27T19:10:00Z,Scheduled,8,Anthony Kay,641743,L,S,6.06,0.1748,84.24,96.5218,0.3081,0.0999,0.2704,69.34,9.13,50.0,22.64,25.68,3.1,8.3,39.0,88.4,0.419,0.156,22.5,21.0,21.0,21.0,Rate Field,100,,,,No,No,8,Yes,Yes,RotoWire projected lineup; MLB probable pitchers,lineup projected / unconfirmed,H:2026/2025 P:2026,,,Direct BvP not yet weighted; 2026/2025 Statcast baseline active,7,5,21,0,"Last 7 games: 5/21, 0 HR","switch hitter; pitcher baseline 8.3% barrel, 21.0 HR allowed",neutral batted-ball profile; pitcher fly-ball pressure modest,,
678662,Ezequiel Tovar,COL,CWS,2026-09-27T19:10:00Z,Scheduled,9,Anthony Kay,641743,L,R,7.69,0.1379,87.93,99.1051,0.392,0.1555,0.2917,71.95,21.03,36.91,30.48,34.91,11.8,8.3,39.0,88.4,0.419,0.156,22.5,21.0,21.0,21.0,Rate Field,100,,,,No,No,9,Yes,Yes,RotoWire projected lineup; MLB probable pitchers,lineup projected / unconfirmed,H:2026/2025 P:2026,,,Direct BvP not yet weighted; 2026/2025 Statcast baseline active,7,7,24,2,Hot streak: 2 HR in last 7 games,"platoon edge; pitcher baseline 8.3% barrel, 21.0 HR allowed",neutral batted-ball profile; pitcher fly-ball pressure modest,,
678246,Miguel Vargas,CWS,COL,2026-09-27T19:10:00Z,Scheduled,1,Kyle Freeland,607536,L,R,11.92,0.2069,89.98,100.1212,0.4693,0.2144,0.3603,72.91,33.16,44.84,35.31,42.81,27.9,10.59,44.99,90.89,0.487,0.2001,27.54,25.5,25.5,25.5,Rate Field,100,,,,No,No,1,Yes,Yes,RotoWire projected lineup; MLB probable pitchers,lineup projected / unconfirmed,H:2026/2025 P:2026/2025,,,Direct BvP not yet weighted; 2026/2025 Statcast baseline active,7,6,22,1,"Last 7 games: 6/22, 1 HR","platoon edge; pitcher baseline 10.6% barrel, 25.5 HR allowed",fly-ball profile; pitcher fly-ball pressure modest,,
502054,Tommy Pham,CWS,COL,2026-09-27T19:10:00Z,Scheduled,2,Kyle Freeland,607536,L,R,6.67,0.1187,93.63,102.9984,0.3638,0.1357,0.3173,72.46,26.1,53.28,24.63,51.47,3.7,10.59,44.99,90.89,0.487,0.2001,27.54,25.5,25.5,25.5,Rate Field,100,,,,No,No,2,Yes,Yes,RotoWire projected lineup; MLB probable pitchers,lineup projected / unconfirmed,H:2026/2025 P:2026/2025,,,Direct BvP not yet weighted; 2026/2025 Statcast baseline active,7,3,13,1,"Last 7 games: 3/13, 1 HR","platoon edge; pitcher baseline 10.6% barrel, 25.5 HR allowed",EV profile; pitcher fly-ball pressure modest,,
545341,Randal Grichuk,CWS,COL,2026-09-27T19:10:00Z,Scheduled,3,Kyle Freeland,607536,L,R,11.07,0.2416,91.56,102.9705,0.4668,0.1956,0.3302,74.32,44.85,43.84,28.71,49.5,12.5,10.59,44.99,90.89,0.487,0.2001,27.54,25.5,25.5,25.5,Rate Field,100,,,,No,No,3,Yes,Yes,RotoWire projected lineup; MLB probable pitchers,lineup projected / unconfirmed,H:2026/2025 P:2026/2025,,,Direct BvP not yet weighted; 2026/2025 Statcast baseline active,7,6,21,1,"Last 7 games: 6/21, 1 HR","platoon edge; pitcher baseline 10.6% barrel, 25.5 HR allowed",neutral batted-ball profile; pitcher fly-ball pressure modest,,
808959,Munetaka Murakami,CWS,COL,2026-09-27T19:10:00Z,Scheduled,4,Kyle Freeland,607536,L,L,20.3,0.271,93.9,104.4466,0.465,0.263,0.349,74.7,50.1,46.5,38.3,56.6,35.0,10.59,44.99,90.89,0.487,0.2001,27.54,25.5,25.5,25.5,Rate Field,100,,,,No,No,4,Yes,Yes,RotoWire projected lineup; MLB probable pitchers,lineup projected / unconfirmed,H:2026 P:2026/2025,,,Direct BvP not yet weighted; 2026/2025 Statcast baseline active,7,7,26,3,Hot streak: 3 HR in last 7 games,"same-side matchup; pitcher baseline 10.6% barrel, 25.5 HR allowed",lift-pull EV profile; pitcher fly-ball pressure modest,,
805367,Chase Meidroth,CWS,COL,2026-09-27T19:10:00Z,Scheduled,5,Kyle Freeland,607536,L,R,3.7,0.1174,87.5,97.4786,0.3435,0.1003,0.3007,67.05,1.18,38.75,20.68,35.05,12.7,10.59,44.99,90.89,0.487,0.2001,27.54,25.5,25.5,25.5,Rate Field,100,,,,No,No,5,Yes,Yes,RotoWire projected lineup; MLB probable pitchers,lineup projected / unconfirmed,H:2026/2025 P:2026/2025,,,Direct BvP not yet weighted; 2026/2025 Statcast baseline active,7,9,23,2,Hot streak: 2 HR in last 7 games,"platoon edge; pitcher baseline 10.6% barrel, 25.5 HR allowed",neutral batted-ball profile; pitcher fly-ball pressure modest,,
691019,Kyle Teel,CWS,COL,2026-09-27T19:10:00Z,Scheduled,6,Kyle Freeland,607536,L,L,10.86,0.1471,86.48,100.3924,0.3873,0.1692,0.3258,71.29,23.36,40.12,29.94,44.25,5.9,10.59,44.99,90.89,0.487,0.2001,27.54,25.5,25.5,25.5,Rate Field,100,,,,No,No,6,Yes,Yes,RotoWire projected lineup; MLB probable pitchers,lineup projected / unconfirmed,H:2026/2025 P:2026/2025,,,Direct BvP not yet weighted; 2026/2025 Statcast baseline active,7,7,24,1,"Last 7 games: 7/24, 1 HR","same-side matchup; pitcher baseline 10.6% barrel, 25.5 HR allowed",neutral batted-ball profile; pitcher fly-ball pressure modest,,
686668,Brenton Doyle,CWS,COL,2026-09-27T19:10:00Z,Scheduled,7,Kyle Freeland,607536,L,R,8.03,0.1248,89.27,99.9455,0.3366,0.1224,0.2608,71.96,15.23,37.41,24.85,38.3,8.0,10.59,44.99,90.89,0.487,0.2001,27.54,25.5,25.5,25.5,Rate Field,100,,,,No,No,7,Yes,Yes,RotoWire projected lineup; MLB probable pitchers,lineup projected / unconfirmed,H:2026/2025 P:2026/2025,,,Direct BvP not yet weighted; 2026/2025 Statcast baseline active,7,6,20,2,Hot streak: 2 HR in last 7 games,"platoon edge; pitcher baseline 10.6% barrel, 25.5 HR allowed",neutral batted-ball profile; pitcher fly-ball pressure modest,,
695657,Colson Montgomery,CWS,COL,2026-09-27T19:10:00Z,Scheduled,8,Kyle Freeland,607536,L,L,12.82,0.2319,88.84,101.7503,0.4233,0.2143,0.3095,76.72,70.93,49.3,33.37,42.19,28.0,10.59,44.99,90.89,0.487,0.2001,27.54,25.5,25.5,25.5,Rate Field,100,,,,No,No,8,Yes,Yes,RotoWire projected lineup; MLB probable pitchers,lineup projected / unconfirmed,H:2026/2025 P:2026/2025,,,Direct BvP not yet weighted; 2026/2025 Statcast baseline active,7,1,24,0,"Last 7 games: 1/24, 0 HR","same-side matchup; pitcher baseline 10.6% barrel, 25.5 HR allowed",neutral batted-ball profile; pitcher fly-ball pressure modest,,
695731,Braden Montgomery,CWS,COL,2026-09-27T19:10:00Z,Scheduled,9,Kyle Freeland,607536,L,S,4.4,0.125,88.9,100.1023,0.391,0.137,0.326,69.7,8.6,35.7,17.7,41.0,6.0,10.59,44.99,90.89,0.487,0.2001,27.54,25.5,25.5,25.5,Rate Field,100,,,,No,No,9,Yes,Yes,RotoWire projected lineup; MLB probable pitchers,lineup projected / unconfirmed,H:2026 P:2026/2025,,,Direct BvP not yet weighted; 2026/2025 Statcast baseline active,7,11,24,0,Contact streak: 11/24 over last 7 games,"switch hitter; pitcher baseline 10.6% barrel, 25.5 HR allowed",neutral batted-ball profile; pitcher fly-ball pressure modest,,
686948,Drake Baldwin,ATL,MIA,2026-09-27T19:10:00Z,Scheduled,1,Janson Junk,676083,R,L,12.33,0.181,91.56,102.2364,0.4975,0.2206,0.3649,75.37,56.58,32.15,25.88,50.3,23.2,7.45,41.14,90.34,0.4229,0.1592,23.36,12.2,12.2,12.2,loanDepot park,89,,,,No,No,1,Yes,Yes,RotoWire projected lineup; MLB probable pitchers,lineup projected / unconfirmed,H:2026/2025 P:2026/2025,,,Direct BvP not yet weighted; 2026/2025 Statcast baseline active,7,11,30,1,Contact streak: 11/30 over last 7 games,"platoon edge; pitcher baseline 7.5% barrel, 12.2 HR allowed",neutral batted-ball profile; pitcher fly-ball pressure modest,,
660670,Ronald Acuna,ATL,MIA,2026-09-27T19:10:00Z,Scheduled,2,Janson Junk,676083,R,R,13.81,0.2056,90.53,102.9585,0.507,0.2461,0.3753,75.91,61.27,36.58,28.44,46.2,20.3,7.45,41.14,90.34,0.4229,0.1592,23.36,12.2,12.2,12.2,loanDepot park,89,,,,No,No,2,Yes,Yes,RotoWire projected lineup; MLB probable pitchers,lineup projected / unconfirmed,H:2026/2025 P:2026/2025,,,Direct BvP not yet weighted; 2026/2025 Statcast baseline active,7,6,26,2,Hot streak: 2 HR in last 7 games,"same-side matchup; pitcher baseline 7.5% barrel, 12.2 HR allowed",neutral batted-ball profile; pitcher fly-ball pressure modest,,
621566,Matt Olson,ATL,MIA,2026-09-27T19:10:00Z,Scheduled,3,Janson Junk,676083,R,L,14.26,0.24,92.74,103.6793,0.4997,0.2524,0.3537,74.53,47.33,37.51,33.2,52.32,37.4,7.45,41.14,90.34,0.4229,0.1592,23.36,12.2,12.2,12.2,loanDepot park,89,,,,No,No,3,Yes,Yes,RotoWire projected lineup; MLB probable pitchers,lineup projected / unconfirmed,H:2026/2025 P:2026/2025,,,Direct BvP not yet weighted; 2026/2025 Statcast baseline active,7,6,26,1,"Last 7 games: 6/26, 1 HR","platoon edge; pitcher baseline 7.5% barrel, 12.2 HR allowed",EV profile; pitcher fly-ball pressure modest,,
671739,Michael Harris,ATL,MIA,2026-09-27T19:10:00Z,Scheduled,4,Janson Junk,676083,R,L,9.94,0.1859,90.41,103.0958,0.4653,0.1816,0.3339,74.72,47.05,35.66,22.42,46.34,24.2,7.45,41.14,90.34,0.4229,0.1592,23.36,12.2,12.2,12.2,loanDepot park,89,,,,No,No,4,Yes,Yes,RotoWire projected lineup; MLB probable pitchers,lineup projected / unconfirmed,H:2026/2025 P:2026/2025,,,Direct BvP not yet weighted; 2026/2025 Statcast baseline active,7,9,27,0,Contact streak: 9/27 over last 7 games,"platoon edge; pitcher baseline 7.5% barrel, 12.2 HR allowed",neutral batted-ball profile; pitcher fly-ball pressure modest,,
643289,Mauricio Dubon,ATL,MIA,2026-09-27T19:10:00Z,Scheduled,5,Janson Junk,676083,R,R,3.02,0.1168,85.83,96.2299,0.3604,0.0987,0.2955,68.87,4.1,31.89,25.72,28.4,9.8,7.45,41.14,90.34,0.4229,0.1592,23.36,12.2,12.2,12.2,loanDepot park,89,,,,No,No,5,Yes,Yes,RotoWire projected lineup; MLB probable pitchers,lineup projected / unconfirmed,H:2026/2025 P:2026/2025,,,Direct BvP not yet weighted; 2026/2025 Statcast baseline active,7,9,28,0,Contact streak: 9/28 over last 7 games,"same-side matchup; pitcher baseline 7.5% barrel, 12.2 HR allowed",neutral batted-ball profile; pitcher fly-ball pressure modest,,
663586,Austin Riley,ATL,MIA,2026-09-27T19:10:00Z,Scheduled,6,Janson Junk,676083,R,R,13.31,0.1526,91.6,102.743,0.4202,0.1963,0.309,75.83,59.22,40.36,30.8,46.07,18.1,7.45,41.14,90.34,0.4229,0.1592,23.36,12.2,12.2,12.2,loanDepot park,89,,,,No,No,6,Yes,Yes,RotoWire projected lineup; MLB probable pitchers,lineup projected / unconfirmed,H:2026/2025 P:2026/2025,,,Direct BvP not yet weighted; 2026/2025 Statcast baseline active,7,5,26,2,Hot streak: 2 HR in last 7 games,"same-side matchup; pitcher baseline 7.5% barrel, 12.2 HR allowed",neutral batted-ball profile; pitcher fly-ball pressure modest,,
573262,Mike Yastrzemski,ATL,MIA,2026-09-27T19:10:00Z,Scheduled,7,Janson Junk,676083,R,L,7.1,0.1609,90.45,99.6954,0.3826,0.1463,0.315,71.31,8.65,43.17,30.63,42.67,13.5,7.45,41.14,90.34,0.4229,0.1592,23.36,12.2,12.2,12.2,loanDepot park,89,,,,No,No,7,Yes,Yes,RotoWire projected lineup; MLB probable pitchers,lineup projected / unconfirmed,H:2026/2025 P:2026/2025,,,Direct BvP not yet weighted; 2026/2025 Statcast baseline active,7,5,19,2,Hot streak: 2 HR in last 7 games,"platoon edge; pitcher baseline 7.5% barrel, 12.2 HR allowed",neutral batted-ball profile; pitcher fly-ball pressure modest,,
645277,Ozzie Albies,ATL,MIA,2026-09-27T19:10:00Z,Scheduled,8,Janson Junk,676083,R,S,4.2,0.146,87.22,96.6792,0.3467,0.1184,0.2815,68.86,5.67,46.77,31.55,28.6,20.2,7.45,41.14,90.34,0.4229,0.1592,23.36,12.2,12.2,12.2,loanDepot park,89,,,,No,No,8,Yes,Yes,RotoWire projected lineup; MLB probable pitchers,lineup projected / unconfirmed,H:2026/2025 P:2026/2025,,,Direct BvP not yet weighted; 2026/2025 Statcast baseline active,7,3,27,0,"Last 7 games: 3/27, 0 HR","switch hitter; pitcher baseline 7.5% barrel, 12.2 HR allowed",neutral batted-ball profile; pitcher fly-ball pressure modest,,
673490,Ha-Seong Kim,ATL,MIA,2026-09-27T19:10:00Z,Scheduled,9,Janson Junk,676083,R,R,3.1,0.0501,87.04,96.8173,0.2524,0.0685,0.241,71.38,15.14,41.35,27.4,30.7,1.5,7.45,41.14,90.34,0.4229,0.1592,23.36,12.2,12.2,12.2,loanDepot park,89,,,,No,No,9,Yes,Yes,RotoWire projected lineup; MLB probable pitchers,lineup projected / unconfirmed,H:2026/2025 P:2026/2025,,,Direct BvP not yet weighted; 2026/2025 Statcast baseline active,7,1,20,0,"Last 7 games: 1/20, 0 HR","same-side matchup; pitcher baseline 7.5% barrel, 12.2 HR allowed",neutral batted-ball profile; pitcher fly-ball pressure modest,,
669065,Kyle Stowers,MIA,ATL,2026-09-27T19:10:00Z,Scheduled,1,JR Ritchie,702275,R,L,14.69,0.2308,92.08,103.3168,0.467,0.2286,0.3428,75.28,54.18,45.43,32.27,55.08,22.2,9.6,39.6,89.4,0.401,0.167,29.4,12.0,12.0,12.0,loanDepot park,89,,,,No,No,1,Yes,Yes,RotoWire projected lineup; MLB probable pitchers,lineup projected / unconfirmed,H:2026/2025 P:2026,,,Direct BvP not yet weighted; 2026/2025 Statcast baseline active,7,6,25,2,Hot streak: 2 HR in last 7 games,"platoon edge; pitcher baseline 9.6% barrel, 12.0 HR allowed",lift-pull EV profile; pitcher fly-ball pressure modest,,
681715,Heriberto Hernandez,MIA,ATL,2026-09-27T19:10:00Z,Scheduled,2,JR Ritchie,702275,R,R,12.05,0.1965,91.04,101.6399,0.4562,0.2152,0.3401,74.0,43.78,46.26,30.83,47.08,19.8,9.6,39.6,89.4,0.401,0.167,29.4,12.0,12.0,12.0,loanDepot park,89,,,,No,No,2,Yes,Yes,RotoWire projected lineup; MLB probable pitchers,lineup projected / unconfirmed,H:2026/2025 P:2026,,,Direct BvP not yet weighted; 2026/2025 Statcast baseline active,7,4,27,0,"Last 7 games: 4/27, 0 HR","same-side matchup; pitcher baseline 9.6% barrel, 12.0 HR allowed",neutral batted-ball profile; pitcher fly-ball pressure modest,,
672640,Otto Lopez,MIA,ATL,2026-09-27T19:10:00Z,Scheduled,3,JR Ritchie,702275,R,R,6.33,0.129,88.92,100.1538,0.4221,0.1447,0.3279,71.84,23.02,34.19,22.78,40.05,12.2,9.6,39.6,89.4,0.401,0.167,29.4,12.0,12.0,12.0,loanDepot park,89,,,,No,No,3,Yes,Yes,RotoWire projected lineup; MLB probable pitchers,lineup projected / unconfirmed,H:2026/2025 P:2026,,,Direct BvP not yet weighted; 2026/2025 Statcast baseline active,7,7,28,1,"Last 7 games: 7/28, 1 HR","same-side matchup; pitcher baseline 9.6% barrel, 12.0 HR allowed",neutral batted-ball profile; pitcher fly-ball pressure modest,,
665052,Griffin Conine,MIA,ATL,2026-09-27T19:10:00Z,Scheduled,4,JR Ritchie,702275,R,L,15.29,0.2049,90.9,102.8607,0.4607,0.2124,0.3433,74.12,43.06,39.94,24.81,48.52,13.2,9.6,39.6,89.4,0.401,0.167,29.4,12.0,12.0,12.0,loanDepot park,89,,,,No,No,4,Yes,Yes,RotoWire projected lineup; MLB probable pitchers,lineup projected / unconfirmed,H:2026/2025 P:2026,,,Direct BvP not yet weighted; 2026/2025 Statcast baseline active,7,9,23,2,Hot streak: 2 HR in last 7 games,"platoon edge; pitcher baseline 9.6% barrel, 12.0 HR allowed",neutral batted-ball profile; pitcher fly-ball pressure modest,,
691594,Javier Sanoja,MIA,ATL,2026-09-27T19:10:00Z,Scheduled,5,JR Ritchie,702275,R,R,2.57,0.1607,87.45,97.5141,0.3525,0.0865,0.2904,69.0,6.74,38.5,19.32,32.69,9.5,9.6,39.6,89.4,0.401,0.167,29.4,12.0,12.0,12.0,loanDepot park,89,,,,No,No,5,Yes,Yes,RotoWire projected lineup; MLB probable pitchers,lineup projected / unconfirmed,H:2026/2025 P:2026,,,Direct BvP not yet weighted; 2026/2025 Statcast baseline active,7,10,28,2,Hot streak: 2 HR in last 7 games,"same-side matchup; pitcher baseline 9.6% barrel, 12.0 HR allowed",neutral batted-ball profile; pitcher fly-ball pressure modest,,
805300,Jakob Marsee,MIA,ATL,2026-09-27T19:10:00Z,Scheduled,6,JR Ritchie,702275,R,L,5.09,0.1454,87.78,98.5401,0.3664,0.1211,0.3239,70.29,5.23,40.81,23.12,36.57,9.2,9.6,39.6,89.4,0.401,0.167,29.4,12.0,12.0,12.0,loanDepot park,89,,,,No,No,6,Yes,Yes,RotoWire projected lineup; MLB probable pitchers,lineup projected / unconfirmed,H:2026/2025 P:2026,,,Direct BvP not yet weighted; 2026/2025 Statcast baseline active,7,7,24,0,"Last 7 games: 7/24, 0 HR","platoon edge; pitcher baseline 9.6% barrel, 12.0 HR allowed",neutral batted-ball profile; pitcher fly-ball pressure modest,,
691858,Jared Serna,MIA,ATL,2026-09-27T19:10:00Z,Scheduled,7,JR Ritchie,702275,R,R,5.3,0.077,87.1,96.8973,0.179,0.051,0.183,71.4,11.3,31.6,21.1,36.8,0.0,9.6,39.6,89.4,0.401,0.167,29.4,12.0,12.0,12.0,loanDepot park,89,,,,No,No,7,Yes,Yes,RotoWire projected lineup; MLB probable pitchers,lineup projected / unconfirmed,H:2026 P:2026,,,Direct BvP not yet weighted; 2026/2025 Statcast baseline active,7,1,12,0,"Last 7 games: 1/12, 0 HR","same-side matchup; pitcher baseline 9.6% barrel, 12.0 HR allowed",neutral batted-ball profile; pitcher fly-ball pressure modest,,
691788,Joe Mack,MIA,ATL,2026-09-27T19:10:00Z,Scheduled,8,JR Ritchie,702275,R,L,8.4,0.169,88.8,99.584,0.396,0.171,0.292,74.3,43.4,47.6,24.7,38.3,14.0,9.6,39.6,89.4,0.401,0.167,29.4,12.0,12.0,12.0,loanDepot park,89,,,,No,No,8,Yes,Yes,RotoWire projected lineup; MLB probable pitchers,lineup projected / unconfirmed,H:2026 P:2026,,,Direct BvP not yet weighted; 2026/2025 Statcast baseline active,7,4,20,1,"Last 7 games: 4/20, 1 HR","platoon edge; pitcher baseline 9.6% barrel, 12.0 HR allowed",neutral batted-ball profile; pitcher fly-ball pressure modest,,
682663,Agustin Ramirez,MIA,ATL,2026-09-27T19:10:00Z,Scheduled,9,JR Ritchie,702275,R,R,6.31,0.1393,90.17,102.6815,0.3625,0.1252,0.3005,75.62,57.09,42.85,17.86,42.87,9.8,9.6,39.6,89.4,0.401,0.167,29.4,12.0,12.0,12.0,loanDepot park,89,,,,No,No,9,Yes,Yes,RotoWire projected lineup; MLB probable pitchers,lineup projected / unconfirmed,H:2026/2025 P:2026,,,Direct BvP not yet weighted; 2026/2025 Statcast baseline active,7,7,23,0,"Last 7 games: 7/23, 0 HR","same-side matchup; pitcher baseline 9.6% barrel, 12.0 HR allowed",neutral batted-ball profile; pitcher fly-ball pressure modest,,
802139,JJ Wetherholt,STL,MIL,2026-09-27T19:10:00Z,Scheduled,1,Jacob Misiorowski,694819,R,L,7.4,0.123,89.7,99.3752,0.435,0.18,0.347,71.9,19.2,36.3,29.2,44.9,17.0,4.96,34.35,87.74,0.2796,0.0996,25.57,12.2,12.2,12.2,American Family Field,100,,,,No,No,1,Yes,Yes,RotoWire projected lineup; MLB probable pitchers,lineup projected / unconfirmed,H:2026 P:2026/2025,,,Direct BvP not yet weighted; 2026/2025 Statcast baseline active,7,7,25,0,"Last 7 games: 7/25, 0 HR","platoon edge; pitcher baseline 5.0% barrel, 12.2 HR allowed",neutral batted-ball profile; pitcher fly-ball pressure modest,,
671056,Ivan Herrera,STL,MIL,2026-09-27T19:10:00Z,Scheduled,2,Jacob Misiorowski,694819,R,R,7.53,0.1527,89.94,101.329,0.4175,0.1621,0.3451,73.81,42.44,37.24,19.94,42.66,19.0,4.96,34.35,87.74,0.2796,0.0996,25.57,12.2,12.2,12.2,American Family Field,100,,,,No,No,2,Yes,Yes,RotoWire projected lineup; MLB probable pitchers,lineup projected / unconfirmed,H:2026/2025 P:2026/2025,,,Direct BvP not yet weighted; 2026/2025 Statcast baseline active,7,7,28,3,Hot streak: 3 HR in last 7 games,"same-side matchup; pitcher baseline 5.0% barrel, 12.2 HR allowed",neutral batted-ball profile; pitcher fly-ball pressure modest,,
676475,Alec Burleson,STL,MIL,2026-09-27T19:10:00Z,Scheduled,3,Jacob Misiorowski,694819,R,L,10.76,0.1865,91.7,102.057,0.5067,0.2235,0.3653,73.35,35.05,44.1,27.26,47.9,23.6,4.96,34.35,87.74,0.2796,0.0996,25.57,12.2,12.2,12.2,American Family Field,100,,,,No,No,3,Yes,Yes,RotoWire projected lineup; MLB probable pitchers,lineup projected / unconfirmed,H:2026/2025 P:2026/2025,,,Direct BvP not yet weighted; 2026/2025 Statcast baseline active,7,5,25,3,Hot streak: 3 HR in last 7 games,"platoon edge; pitcher baseline 5.0% barrel, 12.2 HR allowed",neutral batted-ball profile; pitcher fly-ball pressure modest,,
691023,Jordan Walker,STL,MIL,2026-09-27T19:10:00Z,Scheduled,4,Jacob Misiorowski,694819,R,R,12.58,0.1659,92.58,104.7145,0.433,0.1858,0.3214,78.94,83.19,37.75,23.7,50.0,22.1,4.96,34.35,87.74,0.2796,0.0996,25.57,12.2,12.2,12.2,American Family Field,100,,,,No,No,4,Yes,Yes,RotoWire projected lineup; MLB probable pitchers,lineup projected / unconfirmed,H:2026/2025 P:2026/2025,,,Direct BvP not yet weighted; 2026/2025 Statcast baseline active,7,3,27,1,"Last 7 games: 3/27, 1 HR","same-side matchup; pitcher baseline 5.0% barrel, 12.2 HR allowed",EV profile; pitcher fly-ball pressure modest,,
699024,Leo Bernal,STL,MIL,2026-09-27T19:10:00Z,Scheduled,5,Jacob Misiorowski,694819,R,S,8.8,0.161,92.6,101.9305,0.463,0.195,0.33,73.6,31.1,39.7,35.3,55.9,4.0,4.96,34.35,87.74,0.2796,0.0996,25.57,12.2,12.2,12.2,American Family Field,100,,,,No,No,5,Yes,Yes,RotoWire projected lineup; MLB probable pitchers,lineup projected / unconfirmed,H:2026 P:2026/2025,,,Direct BvP not yet weighted; 2026/2025 Statcast baseline active,7,5,28,1,"Last 7 games: 5/28, 1 HR","switch hitter; pitcher baseline 5.0% barrel, 12.2 HR allowed",lift-pull EV profile; pitcher fly-ball pressure modest,,
663494,Bryan Torres,STL,MIL,2026-09-27T19:10:00Z,Scheduled,6,Jacob Misiorowski,694819,R,L,3.1,0.102,86.5,95.647,0.329,0.1,0.288,65.8,1.0,48.5,23.1,26.2,4.0,4.96,34.35,87.74,0.2796,0.0996,25.57,12.2,12.2,12.2,American Family Field,100,,,,No,No,6,Yes,Yes,RotoWire projected lineup; MLB probable pitchers,lineup projected / unconfirmed,H:2026 P:2026/2025,,,Direct BvP not yet weighted; 2026/2025 Statcast baseline active,7,0,17,0,"Last 7 games: 0/17, 0 HR","platoon edge; pitcher baseline 5.0% barrel, 12.2 HR allowed",neutral batted-ball profile; pitcher fly-ball pressure modest,,
695336,Thomas Saggese,STL,MIL,2026-09-27T19:10:00Z,Scheduled,7,Jacob Misiorowski,694819,R,R,8.61,0.1092,90.55,100.5499,0.3853,0.1481,0.3006,71.48,17.55,29.41,27.25,43.26,3.4,4.96,34.35,87.74,0.2796,0.0996,25.57,12.2,12.2,12.2,American Family Field,100,,,,No,No,7,Yes,Yes,RotoWire projected lineup; MLB probable pitchers,lineup projected / unconfirmed,H:2026/2025 P:2026/2025,,,Direct BvP not yet weighted; 2026/2025 Statcast baseline active,7,1,23,0,"Last 7 games: 1/23, 0 HR","same-side matchup; pitcher baseline 5.0% barrel, 12.2 HR allowed",neutral batted-ball profile; pitcher fly-ball pressure modest,,
701675,Nathan Church,STL,MIL,2026-09-27T19:10:00Z,Scheduled,8,Jacob Misiorowski,694819,R,L,4.43,0.1039,86.62,97.4595,0.3322,0.1039,0.2722,69.46,7.92,34.15,22.09,33.45,7.3,4.96,34.35,87.74,0.2796,0.0996,25.57,12.2,12.2,12.2,American Family Field,100,,,,No,No,8,Yes,Yes,RotoWire projected lineup; MLB probable pitchers,lineup projected / unconfirmed,H:2026/2025 P:2026/2025,,,Direct BvP not yet weighted; 2026/2025 Statcast baseline active,7,4,22,0,"Last 7 games: 4/22, 0 HR","platoon edge; pitcher baseline 5.0% barrel, 12.2 HR allowed",neutral batted-ball profile; pitcher fly-ball pressure modest,,
665877,Jose Fermin,STL,MIL,2026-09-27T19:10:00Z,Scheduled,9,Jacob Misiorowski,694819,R,R,1.47,0.1158,86.4,96.4107,0.3467,0.0892,0.3047,68.0,3.02,47.2,23.96,30.8,4.5,4.96,34.35,87.74,0.2796,0.0996,25.57,12.2,12.2,12.2,American Family Field,100,,,,No,No,9,Yes,Yes,RotoWire projected lineup; MLB probable pitchers,lineup projected / unconfirmed,H:2026/2025 P:2026/2025,,,Direct BvP not yet weighted; 2026/2025 Statcast baseline active,7,7,17,0,Contact streak: 7/17 over last 7 games,"same-side matchup; pitcher baseline 5.0% barrel, 12.2 HR allowed",neutral batted-ball profile; pitcher fly-ball pressure modest,,
669003,Garrett Mitchell,MIL,STL,2026-09-27T19:10:00Z,Scheduled,1,Andre Pallante,669467,R,L,10.06,0.1349,92.36,103.8654,0.4131,0.1582,0.3321,77.22,77.72,33.02,16.71,49.41,7.7,5.27,35.91,87.8,0.3845,0.1279,17.12,14.0,14.0,14.0,American Family Field,100,,,,No,No,1,Yes,Yes,RotoWire projected lineup; MLB probable pitchers,lineup projected / unconfirmed,H:2026/2025 P:2026/2025,,,Direct BvP not yet weighted; 2026/2025 Statcast baseline active,7,4,24,0,"Last 7 games: 4/24, 0 HR","platoon edge; pitcher baseline 5.3% barrel, 14.0 HR allowed",EV profile; pitcher fly-ball pressure modest,,
694192,Jackson Chourio,MIL,STL,2026-09-27T19:10:00Z,Scheduled,2,Andre Pallante,669467,R,R,11.66,0.1958,90.91,101.919,0.4596,0.2014,0.3322,74.25,44.52,31.36,29.48,45.59,23.8,5.27,35.91,87.8,0.3845,0.1279,17.12,14.0,14.0,14.0,American Family Field,100,,,,No,No,2,Yes,Yes,RotoWire projected lineup; MLB probable pitchers,lineup projected / unconfirmed,H:2026/2025 P:2026/2025,,,Direct BvP not yet weighted; 2026/2025 Statcast baseline active,7,6,20,1,"Last 7 games: 6/20, 1 HR","same-side matchup; pitcher baseline 5.3% barrel, 14.0 HR allowed",neutral batted-ball profile; pitcher fly-ball pressure modest,,
668930,Brice Turang,MIL,STL,2026-09-27T19:10:00Z,Scheduled,3,Andre Pallante,669467,R,L,7.86,0.1729,90.47,100.4077,0.4283,0.1719,0.3413,70.25,13.27,28.07,23.57,43.27,20.1,5.27,35.91,87.8,0.3845,0.1279,17.12,14.0,14.0,14.0,American Family Field,100,,,,No,No,3,Yes,Yes,RotoWire projected lineup; MLB probable pitchers,lineup projected / unconfirmed,H:2026/2025 P:2026/2025,,,Direct BvP not yet weighted; 2026/2025 Statcast baseline active,7,8,25,2,Hot streak: 2 HR in last 7 games,"platoon edge; pitcher baseline 5.3% barrel, 14.0 HR allowed",neutral batted-ball profile; pitcher fly-ball pressure modest,,
661388,William Contreras,MIL,STL,2026-09-27T19:10:00Z,Scheduled,4,Andre Pallante,669467,R,R,7.87,0.1446,90.54,101.6393,0.4266,0.1702,0.3322,73.41,36.44,36.04,24.43,45.42,17.7,5.27,35.91,87.8,0.3845,0.1279,17.12,14.0,14.0,14.0,American Family Field,100,,,,No,No,4,Yes,Yes,RotoWire projected lineup; MLB probable pitchers,lineup projected / unconfirmed,H:2026/2025 P:2026/2025,,,Direct BvP not yet weighted; 2026/2025 Statcast baseline active,7,6,24,1,"Last 7 games: 6/24, 1 HR","same-side matchup; pitcher baseline 5.3% barrel, 14.0 HR allowed",neutral batted-ball profile; pitcher fly-ball pressure modest,,
641343,Jake Bauers,MIL,STL,2026-09-27T19:10:00Z,Scheduled,5,Andre Pallante,669467,R,L,13.77,0.2032,91.98,102.9574,0.4626,0.2167,0.3652,76.5,69.09,39.78,30.26,50.08,20.3,5.27,35.91,87.8,0.3845,0.1279,17.12,14.0,14.0,14.0,American Family Field,100,,,,No,No,5,Yes,Yes,RotoWire projected lineup; MLB probable pitchers,lineup projected / unconfirmed,H:2026/2025 P:2026/2025,,,Direct BvP not yet weighted; 2026/2025 Statcast baseline active,7,5,24,0,"Last 7 games: 5/24, 0 HR","platoon edge; pitcher baseline 5.3% barrel, 14.0 HR allowed",neutral batted-ball profile; pitcher fly-ball pressure modest,,
592885,Christian Yelich,MIL,STL,2026-09-27T19:10:00Z,Scheduled,6,Andre Pallante,669467,R,L,9.88,0.1572,89.36,101.0122,0.4033,0.1681,0.316,73.23,32.32,34.38,19.16,44.16,17.1,5.27,35.91,87.8,0.3845,0.1279,17.12,14.0,14.0,14.0,American Family Field,100,,,,No,No,6,Yes,Yes,RotoWire projected lineup; MLB probable pitchers,lineup projected / unconfirmed,H:2026/2025 P:2026/2025,,,Direct BvP not yet weighted; 2026/2025 Statcast baseline active,7,4,25,1,"Last 7 games: 4/25, 1 HR","platoon edge; pitcher baseline 5.3% barrel, 14.0 HR allowed",neutral batted-ball profile; pitcher fly-ball pressure modest,,
687401,Joey Ortiz,MIL,STL,2026-09-27T19:10:00Z,Scheduled,7,Andre Pallante,669467,R,R,3.7,0.1185,87.91,99.2209,0.3403,0.0967,0.2904,73.0,30.57,31.91,19.68,36.16,8.4,5.27,35.91,87.8,0.3845,0.1279,17.12,14.0,14.0,14.0,American Family Field,100,,,,No,No,7,Yes,Yes,RotoWire projected lineup; MLB probable pitchers,lineup projected / unconfirmed,H:2026/2025 P:2026/2025,,,Direct BvP not yet weighted; 2026/2025 Statcast baseline active,7,7,26,0,"Last 7 games: 7/26, 0 HR","same-side matchup; pitcher baseline 5.3% barrel, 14.0 HR allowed",neutral batted-ball profile; pitcher fly-ball pressure modest,,
800325,Luis Lara,MIL,STL,2026-09-27T19:10:00Z,Scheduled,8,Andre Pallante,669467,R,S,3.4,0.079,88.0,98.8409,0.331,0.075,0.293,71.4,16.7,30.6,15.0,41.5,1.0,5.27,35.91,87.8,0.3845,0.1279,17.12,14.0,14.0,14.0,American Family Field,100,,,,No,No,8,Yes,Yes,RotoWire projected lineup; MLB probable pitchers,lineup projected / unconfirmed,H:2026 P:2026/2025,,,Direct BvP not yet weighted; 2026/2025 Statcast baseline active,7,4,26,0,"Last 7 games: 4/26, 0 HR","switch hitter; pitcher baseline 5.3% barrel, 14.0 HR allowed",neutral batted-ball profile; pitcher fly-ball pressure modest,,
806198,Cooper Pratt,MIL,STL,2026-09-27T19:10:00Z,Scheduled,9,Andre Pallante,669467,R,R,3.2,0.09,87.2,96.6495,0.362,0.097,0.316,69.9,8.7,33.0,21.3,27.7,3.0,5.27,35.91,87.8,0.3845,0.1279,17.12,14.0,14.0,14.0,American Family Field,100,,,,No,No,9,Yes,Yes,RotoWire projected lineup; MLB probable pitchers,lineup projected / unconfirmed,H:2026 P:2026/2025,,,Direct BvP not yet weighted; 2026/2025 Statcast baseline active,7,6,20,0,"Last 7 games: 6/20, 0 HR","same-side matchup; pitcher baseline 5.3% barrel, 14.0 HR allowed",neutral batted-ball profile; pitcher fly-ball pressure modest,,
