rank,hitter_id,player,team,opponent,game_start_time,game_status,batting_order,pitcher,pitcher_id,pitcher_hand,hr_score,tier,play_type,reason_tags,power_score,pitcher_score,environment_score,lineup_score,platoon_score,recent_form_score,confirmed_lineup,rotowire_confirmed_lineup,rotowire_batting_order,rotowire_player_found,lineup_disagreement,lineup_sources_used,source_warnings,stat_years_used,bvp_pa,bvp_hr,bvp_note,recent_games,recent_hits,recent_abs,recent_hr,recent_form_note,split_matchup_note,pitch_mix_note,barrel_pct,hard_hit_pct,avg_exit_velocity,ev50,xslg,xiso,xwoba,bat_speed,fast_swing_pct,pull_pct,fb_pct,hr_total,iso,pitcher_barrel_pct_allowed,pitcher_hard_hit_pct_allowed,pitcher_avg_exit_velocity_allowed,pitcher_xslg_allowed,pitcher_xiso_allowed,pitcher_fb_pct_allowed,wind_direction,weather_temp,ballpark,odds
1,670541,Yordan Alvarez,HOU,CWS,2026-09-02T00:10:00Z,Scheduled,2,Sean Burke,680732,R,64.0,Tier 3,Watch List,"Projected Lineup, Elite Power, Strong Barrel, Premium Lineup Spot, Platoon Edge",80.3,44.8,27.6,95.5,80.0,40.7,No,No,2,Yes,Yes,RotoWire projected lineup; MLB probable pitchers,lineup projected / unconfirmed,H:2026/2025 P:2026/2025,,,Direct BvP not yet weighted; 2026/2025 Statcast baseline active,7,7,26,1,"Last 7 games: 7/26, 1 HR","platoon edge; pitcher baseline 8.5% barrel, 19.5 HR allowed",lift-pull EV profile; pitcher allows elevated contact,15.9,53.39,94.56,104.9952,0.6288,0.3154,0.435,76.17,61.87,40.81,36.66,27.7,0.2501,8.47,39.2,89.32,0.3968,0.1641,30.98,,,Daikin Park,
2,621566,Matt Olson,ATL,WSH,2026-09-01T22:45:00Z,Scheduled,3,Jake Irvin,663623,R,63.2,Tier 3,Watch List,"Projected Lineup, Strong Barrel, Premium Lineup Spot, Platoon Edge",67.3,62.2,28.2,92.1,80.0,33.7,No,No,3,Yes,Yes,RotoWire projected lineup; MLB probable pitchers,lineup projected / unconfirmed,H:2026/2025 P:2026/2025,,,Direct BvP not yet weighted; 2026/2025 Statcast baseline active,7,6,27,1,"Last 7 games: 6/27, 1 HR","platoon edge; pitcher baseline 11.4% barrel, 21.2 HR allowed",lift-pull EV profile; pitcher fly-ball pressure modest,15.1,51.34,92.88,103.8581,0.513,0.2629,0.3614,74.53,47.89,38.49,33.27,34.6,0.2519,11.44,45.49,89.49,0.4679,0.2141,29.16,,,Nationals Park,
3,660271,Shohei Ohtani,LAD,STL,2026-09-02T02:10:00Z,Scheduled,1,Michael McGreevy,700241,R,63.1,Tier 3,Watch List,"Projected Lineup, Elite Power, Strong Barrel, Premium Lineup Spot, Platoon Edge",79.3,54.5,27.6,88.7,80.0,2.0,No,No,1,Yes,Yes,RotoWire projected lineup; MLB probable pitchers,lineup projected / unconfirmed,H:2026/2025 P:2026/2025,,,Direct BvP not yet weighted; 2026/2025 Statcast baseline active,7,4,30,0,"Last 7 games: 4/30, 0 HR","platoon edge; pitcher baseline 9.6% barrel, 17.6 HR allowed",lift-pull EV profile; pitcher fly-ball pressure modest,18.18,53.94,93.85,104.4905,0.5888,0.3022,0.4089,75.03,53.29,46.63,31.92,37.5,0.2763,9.64,41.64,90.08,0.4759,0.1963,26.27,,,UNIQLO Field at Dodger Stadium,
4,808959,Munetaka Murakami,CWS,HOU,2026-09-02T00:10:00Z,Scheduled,2,Ronel Blanco,669854,R,62.8,Tier 3,Watch List,"Projected Lineup, Elite Power, Strong Barrel, Premium Lineup Spot, Platoon Edge",78.6,50.2,27.6,95.5,80.0,1.6,No,No,2,Yes,Yes,RotoWire projected lineup; MLB probable pitchers,lineup projected / unconfirmed,H:2026 P:2026/2025,,,Direct BvP not yet weighted; 2026/2025 Statcast baseline active,7,3,23,0,"Last 7 games: 3/23, 0 HR","platoon edge; pitcher baseline 10.8% barrel, 7.0 HR allowed",lift-pull EV profile; pitcher allows elevated contact,19.6,57.0,93.9,104.3785,0.486,0.272,0.36,74.8,51.2,43.5,37.9,29.0,0.279,10.78,34.91,88.14,0.4345,0.2026,38.47,,,Daikin Park,
5,701398,Sal Stewart,CIN,SD,2026-09-01T22:40:00Z,Scheduled,3,Randy Vásquez,681190,R,61.8,Tier 3,Watch List,"Projected Lineup, Strong Barrel, Premium Lineup Spot, Hot Hitter/Streak",60.6,59.4,39.3,92.1,50.0,85.2,No,No,3,Yes,Yes,RotoWire projected lineup; MLB probable pitchers,lineup projected / unconfirmed,H:2026/2025 P:2026/2025,,,Direct BvP not yet weighted; 2026/2025 Statcast baseline active,7,9,28,4,Hot streak: 4 HR in last 7 games,"same-side matchup; pitcher baseline 10.4% barrel, 15.3 HR allowed",neutral batted-ball profile; pitcher fly-ball pressure modest,14.82,42.98,91.69,101.3089,0.5257,0.2589,0.3653,72.17,26.86,38.64,33.14,23.2,0.2431,10.41,42.52,90.64,0.4929,0.2112,27.9,,,Great American Ball Park,
6,691406,Junior Caminero,TB,NYM,2026-09-01T22:40:00Z,Scheduled,3,Sean Manaea,640455,L,61.6,Tier 3,Watch List,"Projected Lineup, Strong Barrel, Premium Lineup Spot, Platoon Edge, Hot Hitter/Streak",62.5,54.4,27.6,92.1,78.0,76.4,No,No,3,Yes,Yes,RotoWire projected lineup; MLB probable pitchers,lineup projected / unconfirmed,H:2026/2025 P:2026/2025,,,Direct BvP not yet weighted; 2026/2025 Statcast baseline active,7,10,26,2,Hot streak: 2 HR in last 7 games,"platoon edge; pitcher baseline 10.5% barrel, 17.9 HR allowed",EV profile; pitcher fly-ball pressure modest,13.37,50.7,92.82,105.3066,0.4996,0.2306,0.3607,79.34,84.62,45.94,23.7,39.4,0.2612,10.51,42.25,89.45,0.4381,0.189,28.89,,,Tropicana Field,
7,700250,Ben Rice,NYY,LAA,2026-09-02T01:38:00Z,Scheduled,2,Grayson Rodriguez,680570,R,61.1,Tier 3,Watch List,"Projected Lineup, Strong Barrel, Premium Lineup Spot, Platoon Edge",64.9,52.7,28.2,95.5,80.0,44.8,No,No,2,Yes,Yes,RotoWire projected lineup; MLB probable pitchers,lineup projected / unconfirmed,H:2026/2025 P:2026,,,Direct BvP not yet weighted; 2026/2025 Statcast baseline active,7,8,27,1,"Last 7 games: 8/27, 1 HR","platoon edge; pitcher baseline 9.1% barrel, 10.0 HR allowed",lift-pull EV profile; pitcher fly-ball pressure modest,15.05,50.92,92.53,102.5611,0.5229,0.2534,0.3798,72.98,28.5,45.8,30.81,32.3,0.2643,9.1,45.0,90.6,0.461,0.189,27.3,,,Angel Stadium,
8,695491,Joshua Baez,STL,LAD,2026-09-02T02:10:00Z,Scheduled,5,Eric Lauer,641778,L,60.7,Tier 3,Watch List,"Projected Lineup, Strong Barrel, Platoon Edge",71.3,54.7,27.6,81.9,78.0,27.6,No,No,5,Yes,Yes,RotoWire projected lineup; MLB probable pitchers,lineup projected / unconfirmed,H:2026 P:2026/2025,,,Direct BvP not yet weighted; 2026/2025 Statcast baseline active,7,4,22,1,"Last 7 games: 4/22, 1 HR","platoon edge; pitcher baseline 10.1% barrel, 21.3 HR allowed",lift-pull EV profile; pitcher allows elevated contact,15.2,54.5,93.4,102.5947,0.458,0.26,0.299,77.7,75.2,39.4,42.4,5.0,0.314,10.06,37.35,89.13,0.4498,0.2028,36.9,,,UNIQLO Field at Dodger Stadium,
9,686948,Drake Baldwin,ATL,WSH,2026-09-01T22:45:00Z,Scheduled,1,Jake Irvin,663623,R,60.6,Tier 3,Watch List,"Projected Lineup, Strong Barrel, Premium Lineup Spot, Platoon Edge",56.5,62.2,28.2,88.7,80.0,63.3,No,No,1,Yes,Yes,RotoWire projected lineup; MLB probable pitchers,lineup projected / unconfirmed,H:2026/2025 P:2026/2025,,,Direct BvP not yet weighted; 2026/2025 Statcast baseline active,7,13,30,1,Contact streak: 13/30 over last 7 games,"platoon edge; pitcher baseline 11.4% barrel, 21.2 HR allowed",neutral batted-ball profile; pitcher fly-ball pressure modest,12.33,51.14,91.77,102.3639,0.4919,0.2164,0.3649,75.3,56.51,32.5,25.04,21.1,0.1817,11.44,45.49,89.49,0.4679,0.2141,29.16,,,Nationals Park,
10,682829,Elly De La Cruz,CIN,SD,2026-09-01T22:40:00Z,Scheduled,2,Randy Vásquez,681190,R,60.0,Tier 3,Watch List,"Projected Lineup, Strong Barrel, Premium Lineup Spot, Platoon Edge",54.5,57.8,39.3,95.5,75.0,43.1,No,No,2,Yes,Yes,RotoWire projected lineup; MLB probable pitchers,lineup projected / unconfirmed,H:2026/2025 P:2026/2025,,,Direct BvP not yet weighted; 2026/2025 Statcast baseline active,7,11,27,0,Contact streak: 11/27 over last 7 games,"switch hitter; pitcher baseline 10.4% barrel, 15.3 HR allowed",EV profile; pitcher fly-ball pressure modest,12.68,48.82,92.96,103.9903,0.4562,0.1898,0.3486,75.38,54.05,34.68,24.68,21.3,0.1984,10.41,42.52,90.64,0.4929,0.2112,27.9,,,Great American Ball Park,
11,682987,Spencer Jones,NYY,LAA,2026-09-02T01:38:00Z,Scheduled,6,Grayson Rodriguez,680570,R,58.5,Longshot,Watch List,"Projected Lineup, Strong Barrel, Platoon Edge",67.6,52.7,28.2,71.7,80.0,42.0,No,No,6,Yes,Yes,RotoWire projected lineup; MLB probable pitchers,lineup projected / unconfirmed,H:2026 P:2026,,,Direct BvP not yet weighted; 2026/2025 Statcast baseline active,7,5,18,1,"Last 7 games: 5/18, 1 HR","platoon edge; pitcher baseline 9.1% barrel, 10.0 HR allowed",EV profile; pitcher fly-ball pressure modest,14.7,56.5,94.1,104.1874,0.456,0.218,0.329,77.5,75.3,33.0,34.9,7.0,0.18,9.1,45.0,90.6,0.461,0.189,27.3,,,Angel Stadium,
12,665742,Juan Soto,NYM,TB,2026-09-01T22:40:00Z,Scheduled,2,Freddy Peralta,642547,R,58.3,Longshot,Watch List,"Projected Lineup, Strong Barrel, Premium Lineup Spot, Platoon Edge",71.9,34.8,27.6,95.5,80.0,30.3,No,No,2,Yes,Yes,RotoWire projected lineup; MLB probable pitchers,lineup projected / unconfirmed,H:2026/2025 P:2026/2025,,,Direct BvP not yet weighted; 2026/2025 Statcast baseline active,7,4,20,1,"Last 7 games: 4/20, 1 HR","platoon edge; pitcher baseline 7.1% barrel, 21.7 HR allowed",lift-pull EV profile; pitcher fly-ball pressure modest,15.47,50.61,93.03,103.0597,0.5968,0.3021,0.4248,72.62,31.56,39.32,32.89,28.3,0.2606,7.06,37.09,87.65,0.375,0.1466,28.34,,,Tropicana Field,
13,660670,Ronald Acuna,ATL,WSH,2026-09-01T22:45:00Z,Scheduled,2,Jake Irvin,663623,R,58.1,Longshot,Watch List,"Projected Lineup, Strong Barrel, Premium Lineup Spot",58.3,62.2,28.2,95.5,50.0,36.0,No,No,2,Yes,Yes,RotoWire projected lineup; MLB probable pitchers,lineup projected / unconfirmed,H:2026/2025 P:2026/2025,,,Direct BvP not yet weighted; 2026/2025 Statcast baseline active,7,9,25,0,Contact streak: 9/25 over last 7 games,"same-side matchup; pitcher baseline 11.4% barrel, 21.2 HR allowed",neutral batted-ball profile; pitcher fly-ball pressure modest,13.74,47.46,90.95,103.0299,0.4923,0.2342,0.3739,76.12,63.16,36.3,27.32,15.4,0.1874,11.44,45.49,89.49,0.4679,0.2141,29.16,,,Nationals Park,
14,671277,Luis Garcia,NYY,LAA,2026-09-02T01:38:00Z,Scheduled,3,Grayson Rodriguez,680570,R,57.7,Longshot,Watch List,"Projected Lineup, Strong Barrel, Premium Lineup Spot, Platoon Edge, Hot Hitter/Streak",50.7,52.7,28.2,92.1,80.0,79.8,No,No,3,Yes,Yes,RotoWire projected lineup; MLB probable pitchers,lineup projected / unconfirmed,H:2026/2025 P:2026,,,Direct BvP not yet weighted; 2026/2025 Statcast baseline active,7,11,27,2,Hot streak: 2 HR in last 7 games,"platoon edge; pitcher baseline 9.1% barrel, 10.0 HR allowed",neutral batted-ball profile; pitcher fly-ball pressure modest,11.38,46.36,91.32,101.9777,0.4959,0.21,0.3502,73.66,39.41,41.71,22.4,24.4,0.2349,9.1,45.0,90.6,0.461,0.189,27.3,,,Angel Stadium,
15,663728,Cal Raleigh,SEA,BOS,2026-09-01T22:45:00Z,Scheduled,4,,,,57.6,Longshot,Watch List,"Projected Lineup, Strong Barrel, Premium Lineup Spot, Platoon Edge, Hot Hitter/Streak",60.0,40.2,28.7,90.4,75.0,89.2,No,No,4,Yes,Yes,RotoWire projected lineup; MLB probable pitchers,lineup projected / unconfirmed,H:2026/2025 P:,,,Direct BvP not yet weighted; 2026/2025 Statcast baseline active,7,8,23,6,Hot streak: 6 HR in last 7 games,"switch hitter; pitcher baseline 0.0% barrel, 0.0 HR allowed",fly-ball profile; pitcher fly-ball pressure modest,16.14,41.55,90.25,101.1769,0.4399,0.2418,0.3283,75.06,52.18,54.85,42.85,31.3,0.23,,,,,,,,,Fenway Park,
16,656941,Kyle Schwarber,PHI,AZ,2026-09-02T01:40:00Z,Scheduled,1,Eduardo Rodriguez,593958,L,57.2,Longshot,Watch List,"Projected Lineup, Elite Power, Strong Barrel, Premium Lineup Spot",76.1,38.6,28.2,88.7,50.0,32.5,No,No,1,Yes,Yes,RotoWire projected lineup; MLB probable pitchers,lineup projected / unconfirmed,H:2026/2025 P:2026/2025,,,Direct BvP not yet weighted; 2026/2025 Statcast baseline active,7,6,28,1,"Last 7 games: 6/28, 1 HR","same-side matchup; pitcher baseline 7.9% barrel, 17.3 HR allowed",lift-pull EV profile; pitcher fly-ball pressure modest,18.35,53.09,93.04,104.2437,0.5222,0.2805,0.3765,77.16,75.49,53.93,33.25,44.8,0.295,7.92,34.29,87.64,0.4265,0.1678,27.19,,,Chase Field,
17,805811,Bryce Eldridge,SF,PIT,2026-09-01T22:40:00Z,Scheduled,3,Paul Skenes,694973,R,57.0,Longshot,Watch List,"Projected Lineup, Strong Barrel, Premium Lineup Spot, Platoon Edge",69.7,29.6,24.3,92.1,80.0,63.3,No,No,3,Yes,Yes,RotoWire projected lineup; MLB probable pitchers,lineup projected / unconfirmed,H:2026/2025 P:2026/2025,,,Direct BvP not yet weighted; 2026/2025 Statcast baseline active,7,12,28,1,Contact streak: 12/28 over last 7 games,"platoon edge; pitcher baseline 6.8% barrel, 13.1 HR allowed",lift-pull EV profile; pitcher fly-ball pressure modest,15.83,57.32,93.43,103.3383,0.4806,0.2491,0.3573,73.0,28.57,38.41,37.54,10.5,0.1546,6.85,39.4,88.16,0.3343,0.1253,23.43,,,PNC Park,
18,663886,Tyler Stephenson,CIN,SD,2026-09-01T22:40:00Z,Scheduled,5,Randy Vásquez,681190,R,56.8,Longshot,Watch List,"Projected Lineup, Strong Barrel, Hot Hitter/Streak",51.6,59.4,39.3,81.9,50.0,72.7,No,No,5,Yes,Yes,RotoWire projected lineup; MLB probable pitchers,lineup projected / unconfirmed,H:2026/2025 P:2026/2025,,,Direct BvP not yet weighted; 2026/2025 Statcast baseline active,7,9,25,2,Hot streak: 2 HR in last 7 games,"same-side matchup; pitcher baseline 10.4% barrel, 15.3 HR allowed",neutral batted-ball profile; pitcher fly-ball pressure modest,13.24,46.61,90.92,100.5149,0.441,0.2054,0.3292,70.52,7.07,37.08,33.43,13.7,0.1809,10.41,42.52,90.64,0.4929,0.2112,27.9,,,Great American Ball Park,
19,691023,Jordan Walker,STL,LAD,2026-09-02T02:10:00Z,Scheduled,3,Eric Lauer,641778,L,56.7,Longshot,Watch List,"Projected Lineup, Strong Barrel, Premium Lineup Spot, Platoon Edge",55.8,54.7,27.6,92.1,78.0,20.9,No,No,3,Yes,Yes,RotoWire projected lineup; MLB probable pitchers,lineup projected / unconfirmed,H:2026/2025 P:2026/2025,,,Direct BvP not yet weighted; 2026/2025 Statcast baseline active,7,7,27,0,"Last 7 games: 7/27, 0 HR","platoon edge; pitcher baseline 10.1% barrel, 21.3 HR allowed",EV profile; pitcher allows elevated contact,12.72,48.74,92.37,104.4845,0.447,0.1942,0.3298,78.87,82.91,37.4,24.47,20.7,0.175,10.06,37.35,89.13,0.4498,0.2028,36.9,,,UNIQLO Field at Dodger Stadium,
20,671739,Michael Harris,ATL,WSH,2026-09-01T22:45:00Z,Scheduled,5,Jake Irvin,663623,R,56.4,Longshot,Watch List,"Projected Lineup, Strong Barrel, Platoon Edge, Hot Hitter/Streak",45.4,62.2,28.2,81.9,80.0,72.7,No,No,5,Yes,Yes,RotoWire projected lineup; MLB probable pitchers,lineup projected / unconfirmed,H:2026/2025 P:2026/2025,,,Direct BvP not yet weighted; 2026/2025 Statcast baseline active,7,9,25,2,Hot streak: 2 HR in last 7 games,"platoon edge; pitcher baseline 11.4% barrel, 21.2 HR allowed",neutral batted-ball profile; pitcher fly-ball pressure modest,10.08,46.83,90.34,103.2093,0.4646,0.1823,0.3339,74.72,47.26,36.64,22.14,21.4,0.1887,11.44,45.49,89.49,0.4679,0.2141,29.16,,,Nationals Park,
21,694192,Jackson Chourio,MIL,CHC,2026-09-01T23:40:00Z,Scheduled,1,Matthew Boyd,571510,L,56.4,Longshot,Watch List,"Projected Lineup, Strong Barrel, Premium Lineup Spot, Platoon Edge, Hot Hitter/Streak",52.1,46.2,29.8,88.7,78.0,83.9,No,No,1,Yes,Yes,RotoWire projected lineup; MLB probable pitchers,lineup projected / unconfirmed,H:2026/2025 P:2026/2025,,,Direct BvP not yet weighted; 2026/2025 Statcast baseline active,7,10,32,3,Hot streak: 3 HR in last 7 games,"platoon edge; pitcher baseline 9.8% barrel, 16.2 HR allowed",neutral batted-ball profile; pitcher fly-ball pressure modest,12.15,46.22,91.19,101.986,0.4624,0.2077,0.3315,74.25,44.03,30.73,28.78,20.3,0.1944,9.77,38.14,88.22,0.4323,0.1741,26.41,,,Wrigley Field,
22,665487,Fernando Tatis,SD,CIN,2026-09-01T22:40:00Z,Scheduled,1,Nick Lodolo,666157,L,56.0,Longshot,Watch List,"Projected Lineup, Strong Barrel, Premium Lineup Spot, Platoon Edge",56.0,50.6,39.3,88.7,78.0,1.4,No,No,1,Yes,Yes,RotoWire projected lineup; MLB probable pitchers,lineup projected / unconfirmed,H:2026/2025 P:2026/2025,,,Direct BvP not yet weighted; 2026/2025 Statcast baseline active,7,4,31,0,"Last 7 games: 4/31, 0 HR","platoon edge; pitcher baseline 9.3% barrel, 17.1 HR allowed",EV profile; pitcher fly-ball pressure modest,11.84,53.06,92.95,104.4835,0.4845,0.196,0.3721,75.58,57.98,35.08,22.08,19.4,0.1633,9.32,39.73,89.78,0.4639,0.1837,25.98,,,Great American Ball Park,
23,665833,Oneil Cruz,PIT,SF,2026-09-01T22:40:00Z,Scheduled,5,Logan Webb,657277,R,55.8,Longshot,Watch List,"Projected Lineup, Strong Barrel, Platoon Edge",74.4,30.2,24.3,81.9,80.0,34.9,No,No,5,Yes,Yes,RotoWire projected lineup; MLB probable pitchers,lineup projected / unconfirmed,H:2026/2025 P:2026/2025,,,Direct BvP not yet weighted; 2026/2025 Statcast baseline active,7,6,26,1,"Last 7 games: 6/26, 1 HR","platoon edge; pitcher baseline 6.5% barrel, 11.9 HR allowed",EV profile; pitcher fly-ball pressure modest,17.93,56.95,95.59,106.9683,0.4733,0.2322,0.3478,78.38,76.52,40.44,24.78,17.9,0.2081,6.48,38.87,88.51,0.3805,0.1282,19.56,,,PNC Park,
24,695506,Jac Caglianone,KC,MIA,2026-09-01T23:40:00Z,Scheduled,3,Tyler Phillips,663969,R,55.6,Longshot,Watch List,"Projected Lineup, Strong Barrel, Premium Lineup Spot, Platoon Edge",59.4,40.8,23.2,92.1,80.0,53.6,No,No,3,Yes,Yes,RotoWire projected lineup; MLB probable pitchers,lineup projected / unconfirmed,H:2026/2025 P:2026/2025,,,Direct BvP not yet weighted; 2026/2025 Statcast baseline active,7,11,31,1,Contact streak: 11/31 over last 7 games,"platoon edge; pitcher baseline 7.3% barrel, 12.2 HR allowed",EV profile; pitcher fly-ball pressure modest,13.54,51.08,92.06,104.8237,0.4884,0.2192,0.349,77.26,74.34,43.79,22.61,18.2,0.1919,7.27,43.54,89.76,0.405,0.1506,25.59,,,Kauffman Stadium,
25,592518,Manny Machado,SD,CIN,2026-09-01T22:40:00Z,Scheduled,2,Nick Lodolo,666157,L,55.5,Longshot,Watch List,"Projected Lineup, Strong Barrel, Premium Lineup Spot, Platoon Edge",47.9,50.6,39.3,95.5,78.0,24.9,No,No,2,Yes,Yes,RotoWire projected lineup; MLB probable pitchers,lineup projected / unconfirmed,H:2026/2025 P:2026/2025,,,Direct BvP not yet weighted; 2026/2025 Statcast baseline active,7,8,28,0,"Last 7 games: 8/28, 0 HR","platoon edge; pitcher baseline 9.3% barrel, 17.1 HR allowed",neutral batted-ball profile; pitcher fly-ball pressure modest,10.45,46.81,91.15,101.9271,0.4432,0.1904,0.3365,74.64,44.37,39.66,27.45,24.9,0.185,9.32,39.73,89.78,0.4639,0.1837,25.98,,,Great American Ball Park,
26,699302,Hector Rodriguez,CIN,SD,2026-09-01T22:40:00Z,Scheduled,1,Randy Vásquez,681190,R,55.5,Longshot,Watch List,"Projected Lineup, Strong Barrel, Premium Lineup Spot, Platoon Edge, Hot Hitter/Streak",35.0,59.4,39.3,88.7,80.0,83.6,No,No,1,Yes,Yes,RotoWire projected lineup; MLB probable pitchers,lineup projected / unconfirmed,H:2026 P:2026/2025,,,Direct BvP not yet weighted; 2026/2025 Statcast baseline active,7,9,29,3,Hot streak: 3 HR in last 7 games,"platoon edge; pitcher baseline 10.4% barrel, 15.3 HR allowed",neutral batted-ball profile; pitcher fly-ball pressure modest,10.9,32.6,87.8,99.0015,0.379,0.173,0.296,74.8,53.3,41.3,26.1,4.0,0.229,10.41,42.52,90.64,0.4929,0.2112,27.9,,,Great American Ball Park,
27,646240,Rafael Devers,SF,PIT,2026-09-01T22:40:00Z,Scheduled,2,Paul Skenes,694973,R,55.5,Longshot,Watch List,"Projected Lineup, Strong Barrel, Premium Lineup Spot, Platoon Edge, Hot Hitter/Streak",58.4,29.6,24.3,95.5,80.0,98.1,No,No,2,Yes,Yes,RotoWire projected lineup; MLB probable pitchers,lineup projected / unconfirmed,H:2026/2025 P:2026/2025,,,Direct BvP not yet weighted; 2026/2025 Statcast baseline active,7,11,27,3,Hot streak: 3 HR in last 7 games,"platoon edge; pitcher baseline 6.8% barrel, 13.1 HR allowed",EV profile; pitcher fly-ball pressure modest,12.57,52.18,93.01,103.1508,0.4618,0.2252,0.3411,71.81,20.44,33.91,33.46,30.8,0.2319,6.85,39.4,88.16,0.3343,0.1253,23.43,,,PNC Park,
28,641343,Jake Bauers,MIL,CHC,2026-09-01T23:40:00Z,Scheduled,4,Matthew Boyd,571510,L,55.0,Longshot,Watch List,"Projected Lineup, Strong Barrel, Premium Lineup Spot",60.6,46.2,29.8,90.4,50.0,45.3,No,No,4,Yes,Yes,RotoWire projected lineup; MLB probable pitchers,lineup projected / unconfirmed,H:2026/2025 P:2026/2025,,,Direct BvP not yet weighted; 2026/2025 Statcast baseline active,7,6,20,1,"Last 7 games: 6/20, 1 HR","same-side matchup; pitcher baseline 9.8% barrel, 16.2 HR allowed",lift-pull EV profile; pitcher fly-ball pressure modest,13.77,50.99,92.19,103.0923,0.4696,0.2195,0.3659,76.57,69.93,41.04,30.75,18.2,0.2067,9.77,38.14,88.22,0.4323,0.1741,26.41,,,Wrigley Field,
29,624413,Pete Alonso,BAL,COL,2026-09-02T00:40:00Z,Scheduled,2,Gabriel Hughes,687312,R,54.6,Longshot,Watch List,"Projected Lineup, Strong Barrel, Premium Lineup Spot",72.8,17.7,38.7,95.5,50.0,53.3,No,No,2,Yes,Yes,RotoWire projected lineup; MLB probable pitchers,lineup projected / unconfirmed,H:2026/2025 P:2026,,,Direct BvP not yet weighted; 2026/2025 Statcast baseline active,7,6,26,2,Hot streak: 2 HR in last 7 games,"same-side matchup; pitcher baseline 4.6% barrel, 5.0 HR allowed",EV profile; pitcher fly-ball pressure modest,15.4,56.29,93.99,104.2624,0.5538,0.2724,0.3902,74.78,48.79,36.08,30.6,33.8,0.2387,4.6,28.9,87.5,0.355,0.121,27.6,,,Coors Field,
30,696100,Hunter Goodman,COL,BAL,2026-09-02T00:40:00Z,Scheduled,4,Kyle Bradish,680694,R,54.6,Longshot,Watch List,"Projected Lineup, Strong Barrel, Premium Lineup Spot",59.1,36.8,38.7,90.4,50.0,64.8,No,No,4,Yes,Yes,RotoWire projected lineup; MLB probable pitchers,lineup projected / unconfirmed,H:2026/2025 P:2026/2025,,,Direct BvP not yet weighted; 2026/2025 Statcast baseline active,7,8,26,2,Hot streak: 2 HR in last 7 games,"same-side matchup; pitcher baseline 8.3% barrel, 12.1 HR allowed",neutral batted-ball profile; pitcher fly-ball pressure modest,15.35,45.99,90.45,102.6876,0.4679,0.2343,0.3269,75.0,49.58,48.28,32.62,34.5,0.2742,8.31,38.27,88.75,0.3788,0.1443,23.36,,,Coors Field,
31,664034,Ty France,SD,CIN,2026-09-01T22:40:00Z,Scheduled,3,Nick Lodolo,666157,L,54.5,Longshot,Watch List,"Projected Lineup, Premium Lineup Spot, Platoon Edge",42.6,50.6,39.3,92.1,78.0,50.3,No,No,3,Yes,Yes,RotoWire projected lineup; MLB probable pitchers,lineup projected / unconfirmed,H:2026/2025 P:2026/2025,,,Direct BvP not yet weighted; 2026/2025 Statcast baseline active,7,8,24,1,Contact streak: 8/24 over last 7 games,"platoon edge; pitcher baseline 9.3% barrel, 17.1 HR allowed",neutral batted-ball profile; pitcher fly-ball pressure modest,9.24,46.86,91.18,101.0728,0.4271,0.1751,0.3301,71.77,19.46,35.38,25.74,15.4,0.1849,9.32,39.73,89.78,0.4639,0.1837,25.98,,,Great American Ball Park,
32,695600,Carter Jensen,KC,MIA,2026-09-01T23:40:00Z,Scheduled,1,Tyler Phillips,663969,R,54.3,Longshot,Watch List,"Projected Lineup, Strong Barrel, Premium Lineup Spot, Platoon Edge",56.1,40.8,23.2,88.7,80.0,57.8,No,No,1,Yes,Yes,RotoWire projected lineup; MLB probable pitchers,lineup projected / unconfirmed,H:2026/2025 P:2026/2025,,,Direct BvP not yet weighted; 2026/2025 Statcast baseline active,7,6,23,2,Hot streak: 2 HR in last 7 games,"platoon edge; pitcher baseline 7.3% barrel, 12.2 HR allowed",lift-pull EV profile; pitcher fly-ball pressure modest,13.59,48.36,92.39,102.7972,0.444,0.2025,0.3378,74.1,38.59,40.16,30.84,14.2,0.2066,7.27,43.54,89.76,0.405,0.1506,25.59,,,Kauffman Stadium,
33,677800,Wilyer Abreu,BOS,SEA,2026-09-01T22:45:00Z,Scheduled,4,Bryan Woo,693433,R,54.1,Longshot,Watch List,"Projected Lineup, Strong Barrel, Premium Lineup Spot, Platoon Edge",53.4,44.4,28.7,90.4,80.0,33.7,No,No,4,Yes,Yes,RotoWire projected lineup; MLB probable pitchers,lineup projected / unconfirmed,H:2026/2025 P:2026/2025,,,Direct BvP not yet weighted; 2026/2025 Statcast baseline active,7,6,27,1,"Last 7 games: 6/27, 1 HR","platoon edge; pitcher baseline 8.0% barrel, 19.7 HR allowed",fly-ball profile; pitcher fly-ball pressure modest,12.44,44.27,90.1,101.3969,0.4778,0.2243,0.3476,73.89,38.73,38.95,36.68,22.7,0.215,7.98,43.34,89.66,0.387,0.1548,28.62,,,Fenway Park,
34,701538,Jackson Merrill,SD,CIN,2026-09-01T22:40:00Z,Scheduled,4,Nick Lodolo,666157,L,53.8,Longshot,Watch List,"Projected Lineup, Strong Barrel, Premium Lineup Spot",50.5,50.6,39.3,90.4,50.0,37.8,No,No,4,Yes,Yes,RotoWire projected lineup; MLB probable pitchers,lineup projected / unconfirmed,H:2026/2025 P:2026/2025,,,Direct BvP not yet weighted; 2026/2025 Statcast baseline active,7,7,28,1,"Last 7 games: 7/28, 1 HR","same-side matchup; pitcher baseline 9.3% barrel, 17.1 HR allowed",neutral batted-ball profile; pitcher fly-ball pressure modest,11.74,45.35,90.4,100.7132,0.4739,0.2151,0.3372,72.88,27.33,37.56,30.27,20.2,0.1832,9.32,39.73,89.78,0.4639,0.1837,25.98,,,Great American Ball Park,
35,699013,Esmerlyn Valdez,PIT,SF,2026-09-01T22:40:00Z,Scheduled,4,Logan Webb,657277,R,53.8,Longshot,Watch List,"Projected Lineup, Strong Barrel, Premium Lineup Spot",70.8,30.2,24.3,90.4,50.0,48.7,No,No,4,Yes,Yes,RotoWire projected lineup; MLB probable pitchers,lineup projected / unconfirmed,H:2026 P:2026/2025,,,Direct BvP not yet weighted; 2026/2025 Statcast baseline active,7,5,25,2,Hot streak: 2 HR in last 7 games,"same-side matchup; pitcher baseline 6.5% barrel, 11.9 HR allowed",fly-ball profile; pitcher fly-ball pressure modest,20.3,48.8,91.8,102.6424,0.447,0.245,0.336,74.9,51.4,37.4,41.5,16.0,0.291,6.48,38.87,88.51,0.3805,0.1282,19.56,,,PNC Park,
36,668723,Ryan Vilade,TB,NYM,2026-09-01T22:40:00Z,Scheduled,2,Sean Manaea,640455,L,53.6,Longshot,Watch List,"Projected Lineup, Premium Lineup Spot, Platoon Edge",46.6,54.4,27.6,95.5,78.0,12.0,No,No,2,Yes,Yes,RotoWire projected lineup; MLB probable pitchers,lineup projected / unconfirmed,H:2026/2025 P:2026/2025,,,Direct BvP not yet weighted; 2026/2025 Statcast baseline active,7,3,15,0,"Last 7 games: 3/15, 0 HR","platoon edge; pitcher baseline 10.5% barrel, 17.9 HR allowed",neutral batted-ball profile; pitcher fly-ball pressure modest,9.21,50.71,91.77,102.86,0.4152,0.173,0.3202,75.77,58.0,24.85,24.96,7.7,0.1498,10.51,42.25,89.45,0.4381,0.189,28.89,,,Tropicana Field,
37,701350,Roman Anthony,BOS,SEA,2026-09-01T22:45:00Z,Scheduled,1,Bryan Woo,693433,R,53.3,Longshot,Watch List,"Projected Lineup, Strong Barrel, Premium Lineup Spot, Platoon Edge",50.6,44.4,28.7,88.7,80.0,39.7,No,No,1,Yes,Yes,RotoWire projected lineup; MLB probable pitchers,lineup projected / unconfirmed,H:2026/2025 P:2026/2025,,,Direct BvP not yet weighted; 2026/2025 Statcast baseline active,7,10,26,0,Contact streak: 10/26 over last 7 games,"platoon edge; pitcher baseline 8.0% barrel, 19.7 HR allowed",EV profile; pitcher fly-ball pressure modest,10.91,51.34,92.96,102.7628,0.4322,0.1714,0.3566,75.42,53.09,37.62,22.65,3.1,0.1192,7.98,43.34,89.66,0.387,0.1548,28.62,,,Fenway Park,
38,518692,Freddie Freeman,LAD,STL,2026-09-02T02:10:00Z,Scheduled,2,Michael McGreevy,700241,R,53.2,Longshot,Watch List,"Projected Lineup, Premium Lineup Spot, Platoon Edge",40.9,54.5,27.6,95.5,80.0,37.6,No,No,2,Yes,Yes,RotoWire projected lineup; MLB probable pitchers,lineup projected / unconfirmed,H:2026/2025 P:2026/2025,,,Direct BvP not yet weighted; 2026/2025 Statcast baseline active,7,10,27,0,Contact streak: 10/27 over last 7 games,"platoon edge; pitcher baseline 9.6% barrel, 17.6 HR allowed",neutral batted-ball profile; pitcher fly-ball pressure modest,8.86,43.18,90.06,100.329,0.4782,0.1881,0.3668,70.08,8.12,36.05,27.42,17.7,0.172,9.64,41.64,90.08,0.4759,0.1963,26.27,,,UNIQLO Field at Dodger Stadium,
39,660821,Jesus Sanchez,TOR,CLE,2026-09-01T22:40:00Z,Scheduled,5,Gavin Williams,668909,R,53.1,Longshot,Watch List,"Projected Lineup, Strong Barrel, Platoon Edge",46.6,57.2,27.6,81.9,80.0,24.9,No,No,5,Yes,Yes,RotoWire projected lineup; MLB probable pitchers,lineup projected / unconfirmed,H:2026/2025 P:2026/2025,,,Direct BvP not yet weighted; 2026/2025 Statcast baseline active,7,4,14,0,"Last 7 games: 4/14, 0 HR","platoon edge; pitcher baseline 11.1% barrel, 25.8 HR allowed",neutral batted-ball profile; pitcher fly-ball pressure modest,11.17,45.36,90.95,102.0711,0.4375,0.1818,0.3286,74.26,47.82,34.31,24.79,9.8,0.1608,11.1,46.61,90.33,0.4113,0.181,25.86,,,Progressive Field,
40,686527,Dominic Canzone,SEA,BOS,2026-09-01T22:45:00Z,Scheduled,2,,,,53.0,Longshot,Watch List,"Projected Lineup, Strong Barrel, Premium Lineup Spot",55.1,41.2,28.7,95.5,60.0,37.8,No,No,2,Yes,Yes,RotoWire projected lineup; MLB probable pitchers,lineup projected / unconfirmed,H:2026/2025 P:,,,Direct BvP not yet weighted; 2026/2025 Statcast baseline active,7,7,28,1,"Last 7 games: 7/28, 1 HR","handedness incomplete; pitcher baseline 0.0% barrel, 0.0 HR allowed",neutral batted-ball profile; pitcher fly-ball pressure modest,12.96,46.13,91.53,102.5424,0.4966,0.222,0.3606,74.08,42.06,40.32,25.95,17.3,0.2097,,,,,,,,,Fenway Park,
41,691718,Pete Crow-Armstrong,CHC,MIL,2026-09-01T23:40:00Z,Scheduled,1,Robert Gasser,688107,L,52.9,Longshot,Watch List,"Projected Lineup, Strong Barrel, Premium Lineup Spot, Hot Hitter/Streak",56.8,36.0,29.8,88.7,50.0,82.5,No,No,1,Yes,Yes,RotoWire projected lineup; MLB probable pitchers,lineup projected / unconfirmed,H:2026/2025 P:2026/2025,,,Direct BvP not yet weighted; 2026/2025 Statcast baseline active,7,10,33,5,Hot streak: 5 HR in last 7 games,"same-side matchup; pitcher baseline 7.6% barrel, 9.4 HR allowed",fly-ball profile; pitcher fly-ball pressure modest,13.17,46.85,89.99,101.6408,0.4897,0.2372,0.3539,74.24,44.46,49.95,35.92,35.9,0.276,7.6,36.84,88.41,0.3953,0.1579,27.03,,,Wrigley Field,
42,678246,Miguel Vargas,CWS,HOU,2026-09-02T00:10:00Z,Scheduled,3,Ronel Blanco,669854,R,52.9,Longshot,Watch List,"Projected Lineup, Strong Barrel, Premium Lineup Spot",53.9,50.2,27.6,92.1,50.0,30.0,No,No,3,Yes,Yes,RotoWire projected lineup; MLB probable pitchers,lineup projected / unconfirmed,H:2026/2025 P:2026/2025,,,Direct BvP not yet weighted; 2026/2025 Statcast baseline active,7,8,25,0,Contact streak: 8/25 over last 7 games,"same-side matchup; pitcher baseline 10.8% barrel, 7.0 HR allowed",fly-ball profile; pitcher allows elevated contact,12.76,44.49,90.4,100.5061,0.4854,0.227,0.368,72.91,33.09,44.07,35.17,25.1,0.2188,10.78,34.91,88.14,0.4345,0.2026,38.47,,,Daikin Park,
43,676475,Alec Burleson,STL,LAD,2026-09-02T02:10:00Z,Scheduled,4,Eric Lauer,641778,L,52.9,Longshot,Watch List,"Projected Lineup, Strong Barrel, Premium Lineup Spot",52.8,54.7,27.6,90.4,50.0,20.9,No,No,4,Yes,Yes,RotoWire projected lineup; MLB probable pitchers,lineup projected / unconfirmed,H:2026/2025 P:2026/2025,,,Direct BvP not yet weighted; 2026/2025 Statcast baseline active,7,7,27,0,"Last 7 games: 7/27, 0 HR","same-side matchup; pitcher baseline 10.1% barrel, 21.3 HR allowed",neutral batted-ball profile; pitcher allows elevated contact,10.55,47.9,91.77,101.9985,0.5116,0.2228,0.3695,73.21,34.42,43.61,27.26,20.1,0.1823,10.06,37.35,89.13,0.4498,0.2028,36.9,,,UNIQLO Field at Dodger Stadium,
44,673548,Seiya Suzuki,CHC,MIL,2026-09-01T23:40:00Z,Scheduled,2,Robert Gasser,688107,L,52.8,Longshot,Watch List,"Projected Lineup, Strong Barrel, Premium Lineup Spot, Platoon Edge, Hot Hitter/Streak",46.9,36.0,29.8,95.5,78.0,76.7,No,No,2,Yes,Yes,RotoWire projected lineup; MLB probable pitchers,lineup projected / unconfirmed,H:2026/2025 P:2026/2025,,,Direct BvP not yet weighted; 2026/2025 Statcast baseline active,7,12,31,2,Hot streak: 2 HR in last 7 games,"platoon edge; pitcher baseline 7.6% barrel, 9.4 HR allowed",neutral batted-ball profile; pitcher fly-ball pressure modest,12.26,41.56,89.34,101.0353,0.4464,0.1994,0.3408,73.37,37.32,42.53,31.2,25.7,0.219,7.6,36.84,88.41,0.3953,0.1579,27.03,,,Wrigley Field,
45,695657,Colson Montgomery,CWS,HOU,2026-09-02T00:10:00Z,Scheduled,6,Ronel Blanco,669854,R,52.8,Longshot,Watch List,"Projected Lineup, Strong Barrel, Platoon Edge",51.5,50.2,27.6,71.7,80.0,47.5,No,No,6,Yes,Yes,RotoWire projected lineup; MLB probable pitchers,lineup projected / unconfirmed,H:2026/2025 P:2026/2025,,,Direct BvP not yet weighted; 2026/2025 Statcast baseline active,7,5,26,2,Hot streak: 2 HR in last 7 games,"platoon edge; pitcher baseline 10.8% barrel, 7.0 HR allowed",neutral batted-ball profile; pitcher allows elevated contact,12.96,42.68,88.98,101.8021,0.4338,0.2199,0.3123,76.65,69.6,48.67,33.72,25.9,0.2375,10.78,34.91,88.14,0.4345,0.2026,38.47,,,Daikin Park,
46,545361,Mike Trout,LAA,NYY,2026-09-02T01:38:00Z,Scheduled,2,Gerrit Cole,543037,R,52.8,Longshot,Watch List,"Projected Lineup, Strong Barrel, Premium Lineup Spot",60.6,39.9,28.2,95.5,50.0,22.4,No,No,2,Yes,Yes,RotoWire projected lineup; MLB probable pitchers,lineup projected / unconfirmed,H:2026/2025 P:2026,,,Direct BvP not yet weighted; 2026/2025 Statcast baseline active,7,7,26,0,"Last 7 games: 7/26, 0 HR","same-side matchup; pitcher baseline 7.9% barrel, 13.0 HR allowed",neutral batted-ball profile; pitcher fly-ball pressure modest,15.94,46.57,90.13,102.846,0.4859,0.2397,0.3727,74.63,47.7,36.44,32.82,21.8,0.1951,7.9,42.3,90.2,0.363,0.129,28.7,,,Angel Stadium,
47,665019,Kody Clemens,MIN,DET,2026-09-01T23:40:00Z,Scheduled,3,Troy Melton,675512,R,52.7,Longshot,Watch List,"Projected Lineup, Strong Barrel, Premium Lineup Spot, Platoon Edge",53.3,34.1,27.1,92.1,80.0,54.7,No,No,3,Yes,Yes,RotoWire projected lineup; MLB probable pitchers,lineup projected / unconfirmed,H:2026/2025 P:2026/2025,,,Direct BvP not yet weighted; 2026/2025 Statcast baseline active,7,6,25,2,Hot streak: 2 HR in last 7 games,"platoon edge; pitcher baseline 6.7% barrel, 9.1 HR allowed",lift-pull EV profile; pitcher fly-ball pressure modest,11.93,47.18,92.13,101.5416,0.4615,0.2118,0.3331,72.06,14.56,46.01,33.46,21.1,0.2224,6.71,40.59,89.33,0.3689,0.1449,24.91,,,Target Field,
48,668709,JJ Bleday,CIN,SD,2026-09-01T22:40:00Z,Scheduled,4,Randy Vásquez,681190,R,52.5,Longshot,Watch List,"Projected Lineup, Premium Lineup Spot, Platoon Edge",37.8,59.4,39.3,90.4,80.0,0.8,No,No,4,Yes,Yes,RotoWire projected lineup; MLB probable pitchers,lineup projected / unconfirmed,H:2026/2025 P:2026/2025,,,Direct BvP not yet weighted; 2026/2025 Statcast baseline active,7,3,24,0,"Last 7 games: 3/24, 0 HR","platoon edge; pitcher baseline 10.4% barrel, 15.3 HR allowed",neutral batted-ball profile; pitcher fly-ball pressure modest,9.13,39.47,88.63,99.8427,0.4066,0.176,0.3271,73.07,27.72,45.74,32.92,18.9,0.2053,10.41,42.52,90.64,0.4929,0.2112,27.9,,,Great American Ball Park,
49,669065,Kyle Stowers,MIA,KC,2026-09-01T23:40:00Z,Scheduled,1,Randy Dobnak,677976,R,52.4,Longshot,Watch List,"Projected Lineup, Strong Barrel, Premium Lineup Spot, Platoon Edge",62.3,31.4,23.2,88.7,80.0,24.9,No,No,1,Yes,Yes,RotoWire projected lineup; MLB probable pitchers,lineup projected / unconfirmed,H:2026/2025 P:2026/2025,,,Direct BvP not yet weighted; 2026/2025 Statcast baseline active,7,6,21,0,"Last 7 games: 6/21, 0 HR","platoon edge; pitcher baseline 4.4% barrel, 2.4 HR allowed",neutral batted-ball profile; pitcher fly-ball pressure modest,14.27,54.59,91.94,103.3199,0.4663,0.2237,0.3435,75.28,55.16,46.34,32.06,18.7,0.2273,4.41,44.75,91.11,0.4129,0.1268,21.43,,,Kauffman Stadium,
50,663757,Trent Grisham,NYY,LAA,2026-09-02T01:38:00Z,Scheduled,1,Grayson Rodriguez,680570,R,52.3,Longshot,Watch List,"Projected Lineup, Strong Barrel, Premium Lineup Spot, Platoon Edge",47.9,52.7,28.2,88.7,80.0,0.0,No,No,1,Yes,Yes,RotoWire projected lineup; MLB probable pitchers,lineup projected / unconfirmed,H:2026/2025 P:2026,,,Direct BvP not yet weighted; 2026/2025 Statcast baseline active,7,1,24,0,"Last 7 games: 1/24, 0 HR","platoon edge; pitcher baseline 9.1% barrel, 10.0 HR allowed",neutral batted-ball profile; pitcher fly-ball pressure modest,11.12,45.7,90.75,100.7584,0.4518,0.2059,0.3476,70.79,9.51,45.7,31.33,22.8,0.201,9.1,45.0,90.6,0.461,0.189,27.3,,,Angel Stadium,
51,543807,George Springer,TOR,CLE,2026-09-01T22:40:00Z,Scheduled,4,Gavin Williams,668909,R,52.0,Longshot,Watch List,"Projected Lineup, Premium Lineup Spot, Hot Hitter/Streak",39.0,57.2,27.6,90.4,50.0,81.7,No,No,4,Yes,Yes,RotoWire projected lineup; MLB probable pitchers,lineup projected / unconfirmed,H:2026/2025 P:2026/2025,,,Direct BvP not yet weighted; 2026/2025 Statcast baseline active,7,11,23,2,Hot streak: 2 HR in last 7 games,"same-side matchup; pitcher baseline 11.1% barrel, 25.8 HR allowed",neutral batted-ball profile; pitcher fly-ball pressure modest,9.55,40.32,88.81,100.0257,0.4345,0.1827,0.3354,73.17,34.32,41.16,26.23,19.4,0.1922,11.1,46.61,90.33,0.4113,0.181,25.86,,,Progressive Field,
52,672960,Kazuma Okamoto,TOR,CLE,2026-09-01T22:40:00Z,Scheduled,6,Gavin Williams,668909,R,52.0,Longshot,Watch List,"Projected Lineup, Strong Barrel",51.9,57.2,27.6,71.7,50.0,48.7,No,No,6,Yes,Yes,RotoWire projected lineup; MLB probable pitchers,lineup projected / unconfirmed,H:2026 P:2026/2025,,,Direct BvP not yet weighted; 2026/2025 Statcast baseline active,7,4,20,2,Hot streak: 2 HR in last 7 games,"same-side matchup; pitcher baseline 11.1% barrel, 25.8 HR allowed",neutral batted-ball profile; pitcher fly-ball pressure modest,13.4,43.5,90.4,101.302,0.433,0.216,0.32,73.1,34.7,50.8,33.7,28.0,0.217,11.1,46.61,90.33,0.4113,0.181,25.86,,,Progressive Field,
53,666018,Jonathan Aranda,TB,NYM,2026-09-01T22:40:00Z,Scheduled,5,Sean Manaea,640455,L,51.8,Longshot,Watch List,"Projected Lineup, Strong Barrel",48.7,54.4,27.6,81.9,50.0,52.0,No,No,5,Yes,Yes,RotoWire projected lineup; MLB probable pitchers,lineup projected / unconfirmed,H:2026/2025 P:2026/2025,,,Direct BvP not yet weighted; 2026/2025 Statcast baseline active,7,6,27,2,Hot streak: 2 HR in last 7 games,"same-side matchup; pitcher baseline 10.5% barrel, 17.9 HR allowed",neutral batted-ball profile; pitcher fly-ball pressure modest,10.8,48.27,91.67,101.2682,0.4653,0.1946,0.3582,70.22,12.48,32.57,30.2,16.1,0.152,10.51,42.25,89.45,0.4381,0.189,28.89,,,Tropicana Field,
54,694673,Abimelec Ortiz,WSH,ATL,2026-09-01T22:45:00Z,Scheduled,2,AJ Smith-Shawver,700363,R,51.8,Longshot,Watch List,"Projected Lineup, Premium Lineup Spot, Platoon Edge",47.3,43.7,28.2,95.5,80.0,18.0,No,No,2,Yes,Yes,RotoWire projected lineup; MLB probable pitchers,lineup projected / unconfirmed,H:2026 P:2026/2025,,,Direct BvP not yet weighted; 2026/2025 Statcast baseline active,7,6,25,0,"Last 7 games: 6/25, 0 HR","platoon edge; pitcher baseline 8.5% barrel, 1.9 HR allowed",neutral batted-ball profile; pitcher fly-ball pressure modest,9.5,41.3,90.3,100.0956,0.459,0.217,0.314,75.6,60.3,44.4,33.3,5.0,0.214,8.47,41.7,89.65,0.4365,0.1646,29.38,,,Nationals Park,
55,650490,Yandy Diaz,TB,NYM,2026-09-01T22:40:00Z,Scheduled,1,Sean Manaea,640455,L,51.7,Longshot,Watch List,"Projected Lineup, Premium Lineup Spot, Platoon Edge",41.0,54.4,27.6,88.7,78.0,31.4,No,No,1,Yes,Yes,RotoWire projected lineup; MLB probable pitchers,lineup projected / unconfirmed,H:2026/2025 P:2026/2025,,,Direct BvP not yet weighted; 2026/2025 Statcast baseline active,7,6,29,1,"Last 7 games: 6/29, 1 HR","platoon edge; pitcher baseline 10.5% barrel, 17.9 HR allowed",neutral batted-ball profile; pitcher fly-ball pressure modest,7.39,49.07,91.46,103.2288,0.4523,0.1649,0.3554,73.5,37.3,23.18,19.3,21.5,0.168,10.51,42.25,89.45,0.4381,0.189,28.89,,,Tropicana Field,
56,547180,Bryce Harper,PHI,AZ,2026-09-02T01:40:00Z,Scheduled,3,Eduardo Rodriguez,593958,L,51.2,Longshot,Watch List,"Projected Lineup, Strong Barrel, Premium Lineup Spot",52.3,38.6,28.2,92.1,50.0,61.4,No,No,3,Yes,Yes,RotoWire projected lineup; MLB probable pitchers,lineup projected / unconfirmed,H:2026/2025 P:2026/2025,,,Direct BvP not yet weighted; 2026/2025 Statcast baseline active,7,11,27,1,Contact streak: 11/27 over last 7 games,"same-side matchup; pitcher baseline 7.9% barrel, 17.3 HR allowed",neutral batted-ball profile; pitcher fly-ball pressure modest,11.53,45.61,90.67,101.9072,0.499,0.2261,0.3848,74.1,44.73,37.49,27.45,27.0,0.2337,7.92,34.29,87.64,0.4265,0.1678,27.19,,,Chase Field,
57,661388,William Contreras,MIL,CHC,2026-09-01T23:40:00Z,Scheduled,3,Matthew Boyd,571510,L,50.9,Longshot,Watch List,"Projected Lineup, Premium Lineup Spot, Platoon Edge",38.3,46.2,29.8,92.1,78.0,55.9,No,No,3,Yes,Yes,RotoWire projected lineup; MLB probable pitchers,lineup projected / unconfirmed,H:2026/2025 P:2026/2025,,,Direct BvP not yet weighted; 2026/2025 Statcast baseline active,7,10,27,1,Contact streak: 10/27 over last 7 games,"platoon edge; pitcher baseline 9.8% barrel, 16.2 HR allowed",neutral batted-ball profile; pitcher fly-ball pressure modest,7.45,45.21,90.4,101.5794,0.4266,0.1674,0.3336,73.34,36.09,36.11,24.15,14.2,0.1313,9.77,38.14,88.22,0.4323,0.1741,26.41,,,Wrigley Field,
58,695734,Daylen Lile,WSH,ATL,2026-09-01T22:45:00Z,Scheduled,4,AJ Smith-Shawver,700363,R,50.8,Longshot,Watch List,"Projected Lineup, Premium Lineup Spot, Platoon Edge, Hot Hitter/Streak",34.0,43.7,28.2,90.4,80.0,100.0,No,No,4,Yes,Yes,RotoWire projected lineup; MLB probable pitchers,lineup projected / unconfirmed,H:2026/2025 P:2026/2025,,,Direct BvP not yet weighted; 2026/2025 Statcast baseline active,7,11,22,4,Hot streak: 4 HR in last 7 games,"platoon edge; pitcher baseline 8.5% barrel, 1.9 HR allowed",neutral batted-ball profile; pitcher fly-ball pressure modest,7.58,38.42,88.69,98.9591,0.4392,0.1663,0.3312,70.64,9.08,41.01,33.04,15.3,0.1829,8.47,41.7,89.65,0.4365,0.1646,29.38,,,Nationals Park,
59,681715,Heriberto Hernandez,MIA,KC,2026-09-01T23:40:00Z,Scheduled,2,Randy Dobnak,677976,R,50.7,Longshot,Watch List,"Projected Lineup, Strong Barrel, Premium Lineup Spot, Hot Hitter/Streak",54.7,31.4,23.2,95.5,50.0,75.9,No,No,2,Yes,Yes,RotoWire projected lineup; MLB probable pitchers,lineup projected / unconfirmed,H:2026/2025 P:2026/2025,,,Direct BvP not yet weighted; 2026/2025 Statcast baseline active,7,7,27,3,Hot streak: 3 HR in last 7 games,"same-side matchup; pitcher baseline 4.4% barrel, 2.4 HR allowed",neutral batted-ball profile; pitcher fly-ball pressure modest,12.82,47.01,90.97,101.6932,0.47,0.2229,0.3459,74.07,44.9,46.75,30.2,18.4,0.2161,4.41,44.75,91.11,0.4129,0.1268,21.43,,,Kauffman Stadium,
60,553993,Eugenio Suarez,CIN,SD,2026-09-01T22:40:00Z,Scheduled,6,Randy Vásquez,681190,R,50.6,Longshot,Watch List,"Projected Lineup, Strong Barrel",41.0,59.4,39.3,71.7,50.0,48.7,No,No,6,Yes,Yes,RotoWire projected lineup; MLB probable pitchers,lineup projected / unconfirmed,H:2026/2025 P:2026/2025,,,Direct BvP not yet weighted; 2026/2025 Statcast baseline active,7,5,25,2,Hot streak: 2 HR in last 7 games,"same-side matchup; pitcher baseline 10.4% barrel, 15.3 HR allowed",neutral batted-ball profile; pitcher fly-ball pressure modest,11.92,38.78,88.94,99.9412,0.3769,0.1785,0.2941,72.02,21.95,48.59,34.25,28.7,0.2336,10.41,42.52,90.64,0.4929,0.2112,27.9,,,Great American Ball Park,
61,665052,Griffin Conine,MIA,KC,2026-09-01T23:40:00Z,Scheduled,3,Randy Dobnak,677976,R,50.6,Longshot,Watch List,"Projected Lineup, Strong Barrel, Premium Lineup Spot, Platoon Edge",58.3,31.4,23.2,92.1,80.0,4.5,No,No,3,Yes,Yes,RotoWire projected lineup; MLB probable pitchers,lineup projected / unconfirmed,H:2026/2025 P:2026/2025,,,Direct BvP not yet weighted; 2026/2025 Statcast baseline active,7,3,20,0,"Last 7 games: 3/20, 0 HR","platoon edge; pitcher baseline 4.4% barrel, 2.4 HR allowed",neutral batted-ball profile; pitcher fly-ball pressure modest,15.01,50.55,91.67,103.4716,0.4607,0.2152,0.3475,74.26,43.62,42.74,23.9,10.4,0.2196,4.41,44.75,91.11,0.4129,0.1268,21.43,,,Kauffman Stadium,
62,643217,Andrew Benintendi,CWS,HOU,2026-09-02T00:10:00Z,Scheduled,4,Ronel Blanco,669854,R,50.6,Longshot,Watch List,"Projected Lineup, Premium Lineup Spot, Platoon Edge",37.6,50.2,27.6,90.4,80.0,42.3,No,No,4,Yes,Yes,RotoWire projected lineup; MLB probable pitchers,lineup projected / unconfirmed,H:2026/2025 P:2026/2025,,,Direct BvP not yet weighted; 2026/2025 Statcast baseline active,7,7,25,1,"Last 7 games: 7/25, 1 HR","platoon edge; pitcher baseline 10.8% barrel, 7.0 HR allowed",neutral batted-ball profile; pitcher allows elevated contact,9.49,42.01,88.7,98.8096,0.4181,0.1753,0.3158,69.61,4.43,49.68,31.78,15.8,0.1861,10.78,34.91,88.14,0.4345,0.2026,38.47,,,Daikin Park,
63,677951,Bobby Witt,KC,MIA,2026-09-01T23:40:00Z,Scheduled,2,Tyler Phillips,663969,R,50.4,Longshot,Watch List,"Projected Lineup, Strong Barrel, Premium Lineup Spot",56.5,40.8,23.2,95.5,50.0,13.0,No,No,2,Yes,Yes,RotoWire projected lineup; MLB probable pitchers,lineup projected / unconfirmed,H:2026/2025 P:2026/2025,,,Direct BvP not yet weighted; 2026/2025 Statcast baseline active,7,6,29,0,"Last 7 games: 6/29, 0 HR","same-side matchup; pitcher baseline 7.3% barrel, 12.2 HR allowed",EV profile; pitcher fly-ball pressure modest,12.01,50.39,92.6,103.5978,0.5101,0.2115,0.3769,73.95,42.3,30.03,26.85,18.1,0.1787,7.27,43.54,89.76,0.405,0.1506,25.59,,,Kauffman Stadium,
64,671056,Ivan Herrera,STL,LAD,2026-09-02T02:10:00Z,Scheduled,2,Eric Lauer,641778,L,49.9,Longshot,Watch List,"Projected Lineup, Premium Lineup Spot, Platoon Edge",33.7,54.7,27.6,95.5,78.0,22.4,No,No,2,Yes,Yes,RotoWire projected lineup; MLB probable pitchers,lineup projected / unconfirmed,H:2026/2025 P:2026/2025,,,Direct BvP not yet weighted; 2026/2025 Statcast baseline active,7,7,26,0,"Last 7 games: 7/26, 0 HR","platoon edge; pitcher baseline 10.1% barrel, 21.3 HR allowed",neutral batted-ball profile; pitcher allows elevated contact,7.11,42.59,89.8,101.2767,0.4077,0.1516,0.3423,73.81,42.44,37.38,19.52,15.5,0.1464,10.06,37.35,89.13,0.4498,0.2028,36.9,,,UNIQLO Field at Dodger Stadium,
65,664040,Brandon Lowe,PIT,SF,2026-09-01T22:40:00Z,Scheduled,2,Logan Webb,657277,R,49.8,Longshot,Watch List,"Projected Lineup, Strong Barrel, Premium Lineup Spot, Platoon Edge",51.5,30.2,24.3,95.5,80.0,27.6,No,No,2,Yes,Yes,RotoWire projected lineup; MLB probable pitchers,lineup projected / unconfirmed,H:2026/2025 P:2026/2025,,,Direct BvP not yet weighted; 2026/2025 Statcast baseline active,7,4,22,1,"Last 7 games: 4/22, 1 HR","platoon edge; pitcher baseline 6.5% barrel, 11.9 HR allowed",neutral batted-ball profile; pitcher fly-ball pressure modest,12.3,46.18,91.1,101.4342,0.4402,0.1998,0.3252,73.66,39.95,46.72,32.92,28.9,0.2245,6.48,38.87,88.51,0.3805,0.1282,19.56,,,PNC Park,
66,687263,Zach Neto,LAA,NYY,2026-09-02T01:38:00Z,Scheduled,1,Gerrit Cole,543037,R,49.5,Longshot,Watch List,"Projected Lineup, Strong Barrel, Premium Lineup Spot",48.5,39.9,28.2,88.7,50.0,56.2,No,No,1,Yes,Yes,RotoWire projected lineup; MLB probable pitchers,lineup projected / unconfirmed,H:2026/2025 P:2026,,,Direct BvP not yet weighted; 2026/2025 Statcast baseline active,7,7,28,2,Hot streak: 2 HR in last 7 games,"same-side matchup; pitcher baseline 7.9% barrel, 13.0 HR allowed",neutral batted-ball profile; pitcher fly-ball pressure modest,12.46,42.68,90.02,100.3336,0.432,0.2111,0.3174,71.33,14.18,47.2,34.89,23.9,0.203,7.9,42.3,90.2,0.363,0.129,28.7,,,Angel Stadium,
67,596019,Francisco Lindor,NYM,TB,2026-09-01T22:40:00Z,Scheduled,3,Freddy Peralta,642547,R,49.3,Longshot,Watch List,"Projected Lineup, Premium Lineup Spot, Platoon Edge",46.2,32.9,27.6,92.1,75.0,46.4,No,No,3,Yes,Yes,RotoWire projected lineup; MLB probable pitchers,lineup projected / unconfirmed,H:2026/2025 P:2026/2025,,,Direct BvP not yet weighted; 2026/2025 Statcast baseline active,7,5,27,2,Hot streak: 2 HR in last 7 games,"switch hitter; pitcher baseline 7.1% barrel, 21.7 HR allowed",neutral batted-ball profile; pitcher fly-ball pressure modest,9.32,46.57,90.92,100.2716,0.4505,0.201,0.3422,72.02,22.53,44.76,31.42,19.1,0.1934,7.06,37.09,87.65,0.375,0.1466,28.34,,,Tropicana Field,
68,666176,Jo Adell,CLE,TOR,2026-09-01T22:40:00Z,Scheduled,4,Spencer Arrighetti,681293,R,49.3,Longshot,Watch List,"Projected Lineup, Strong Barrel, Premium Lineup Spot",54.2,38.1,27.6,90.4,50.0,19.5,No,No,4,Yes,Yes,RotoWire projected lineup; MLB probable pitchers,lineup projected / unconfirmed,H:2026/2025 P:2026/2025,,,Direct BvP not yet weighted; 2026/2025 Statcast baseline active,7,7,28,0,"Last 7 games: 7/28, 0 HR","same-side matchup; pitcher baseline 8.4% barrel, 11.6 HR allowed",neutral batted-ball profile; pitcher fly-ball pressure modest,11.91,46.22,90.65,102.9867,0.4811,0.2218,0.3419,77.32,71.55,38.84,27.63,25.1,0.1909,8.38,35.23,87.7,0.4071,0.1644,28.51,,,Progressive Field,
69,677594,Julio Rodriguez,SEA,BOS,2026-09-01T22:45:00Z,Scheduled,3,,,,49.2,Longshot,Watch List,"Projected Lineup, Premium Lineup Spot",46.8,41.2,28.7,92.1,60.0,26.2,No,No,3,Yes,Yes,RotoWire projected lineup; MLB probable pitchers,lineup projected / unconfirmed,H:2026/2025 P:,,,Direct BvP not yet weighted; 2026/2025 Statcast baseline active,7,5,29,1,"Last 7 games: 5/29, 1 HR","handedness incomplete; pitcher baseline 0.0% barrel, 0.0 HR allowed",neutral batted-ball profile; pitcher fly-ball pressure modest,9.66,44.64,90.47,102.6055,0.4615,0.1943,0.3419,76.61,67.13,37.86,26.68,23.6,0.172,,,,,,,,,Fenway Park,
70,681508,Mickey Gasper,BOS,SEA,2026-09-01T22:45:00Z,Scheduled,2,Bryan Woo,693433,R,49.1,Longshot,Watch List,"Projected Lineup, Premium Lineup Spot, Platoon Edge, Hot Hitter/Streak",28.7,42.3,28.7,95.5,75.0,100.0,No,No,2,Yes,Yes,RotoWire projected lineup; MLB probable pitchers,lineup projected / unconfirmed,H:2026/2025 P:2026/2025,,,Direct BvP not yet weighted; 2026/2025 Statcast baseline active,7,7,15,3,Hot streak: 3 HR in last 7 games,"switch hitter; pitcher baseline 8.0% barrel, 19.7 HR allowed",neutral batted-ball profile; pitcher fly-ball pressure modest,6.55,36.03,88.57,98.7087,0.3866,0.1496,0.3228,71.65,13.54,40.52,31.06,4.1,0.1538,7.98,43.34,89.66,0.387,0.1548,28.62,,,Fenway Park,
71,663586,Austin Riley,ATL,WSH,2026-09-01T22:45:00Z,Scheduled,8,Jake Irvin,663623,R,49.1,Longshot,Watch List,"Projected Lineup, Strong Barrel",53.3,62.2,28.2,47.9,50.0,22.9,No,No,8,Yes,Yes,RotoWire projected lineup; MLB probable pitchers,lineup projected / unconfirmed,H:2026/2025 P:2026/2025,,,Direct BvP not yet weighted; 2026/2025 Statcast baseline active,7,6,22,0,"Last 7 games: 6/22, 0 HR","same-side matchup; pitcher baseline 11.4% barrel, 21.2 HR allowed",neutral batted-ball profile; pitcher fly-ball pressure modest,13.03,46.63,91.67,102.8917,0.4167,0.1942,0.3083,75.76,58.8,40.36,31.85,15.3,0.1491,11.44,45.49,89.49,0.4679,0.2141,29.16,,,Nationals Park,
72,665862,Jazz Chisholm,NYY,LAA,2026-09-02T01:38:00Z,Scheduled,7,Grayson Rodriguez,680570,R,49.0,Longshot,Watch List,"Projected Lineup, Strong Barrel, Platoon Edge",43.5,52.7,28.2,59.8,80.0,43.8,No,No,7,Yes,Yes,RotoWire projected lineup; MLB probable pitchers,lineup projected / unconfirmed,H:2026/2025 P:2026,,,Direct BvP not yet weighted; 2026/2025 Statcast baseline active,7,7,17,0,Contact streak: 7/17 over last 7 games,"platoon edge; pitcher baseline 9.1% barrel, 10.0 HR allowed",neutral batted-ball profile; pitcher fly-ball pressure modest,10.66,42.53,90.26,100.484,0.4033,0.1833,0.3093,73.34,33.65,50.86,30.54,21.9,0.1928,9.1,45.0,90.6,0.461,0.189,27.3,,,Angel Stadium,
73,665489,Vladimir Guerrero,TOR,CLE,2026-09-01T22:40:00Z,Scheduled,2,Gavin Williams,668909,R,48.8,Longshot,Watch List,"Projected Lineup, Premium Lineup Spot",38.9,57.2,27.6,95.5,50.0,4.2,No,No,2,Yes,Yes,RotoWire projected lineup; MLB probable pitchers,lineup projected / unconfirmed,H:2026/2025 P:2026/2025,,,Direct BvP not yet weighted; 2026/2025 Statcast baseline active,7,4,27,0,"Last 7 games: 4/27, 0 HR","same-side matchup; pitcher baseline 11.1% barrel, 25.8 HR allowed",neutral batted-ball profile; pitcher fly-ball pressure modest,8.21,45.24,90.67,103.0272,0.4297,0.1423,0.3469,76.42,63.61,35.46,19.24,11.8,0.1176,11.1,46.61,90.33,0.4113,0.181,25.86,,,Progressive Field,
74,691777,Max Muncy,LAD,STL,2026-09-02T02:10:00Z,Scheduled,4,Michael McGreevy,700241,R,48.3,Longshot,Watch List,"Projected Lineup, Strong Barrel, Premium Lineup Spot",36.1,54.5,27.6,90.4,50.0,39.5,No,No,4,Yes,Yes,RotoWire projected lineup; MLB probable pitchers,lineup projected / unconfirmed,H:2026/2025 P:2026/2025,,,Direct BvP not yet weighted; 2026/2025 Statcast baseline active,7,6,23,1,"Last 7 games: 6/23, 1 HR","same-side matchup; pitcher baseline 9.6% barrel, 17.6 HR allowed",neutral batted-ball profile; pitcher fly-ball pressure modest,10.94,40.03,88.92,100.9081,0.3607,0.1479,0.2824,73.8,43.09,41.49,23.07,7.6,0.1594,9.64,41.64,90.08,0.4759,0.1963,26.27,,,UNIQLO Field at Dodger Stadium,
75,680869,Zack Gelof,ATH,TEX,2026-09-02T00:05:00Z,Scheduled,2,MacKenzie Gore,669022,L,48.2,Longshot,Watch List,"Projected Lineup, Premium Lineup Spot, Platoon Edge",36.3,46.4,27.6,95.5,78.0,10.8,No,No,2,Yes,Yes,RotoWire projected lineup; MLB probable pitchers,lineup projected / unconfirmed,H:2026/2025 P:2026/2025,,,Direct BvP not yet weighted; 2026/2025 Statcast baseline active,7,5,26,0,"Last 7 games: 5/26, 0 HR","platoon edge; pitcher baseline 9.3% barrel, 18.6 HR allowed",neutral batted-ball profile; pitcher fly-ball pressure modest,9.21,43.56,88.52,99.5953,0.3634,0.1627,0.2771,73.22,27.92,38.83,27.38,10.4,0.1631,9.34,42.21,89.49,0.3884,0.1502,28.21,,,Globe Life Field,
76,669394,Jake Burger,TEX,ATH,2026-09-02T00:05:00Z,Scheduled,5,Brady Basso,669620,L,47.6,Longshot,Watch List,"Projected Lineup, Strong Barrel, Platoon Edge",50.8,20.5,27.6,81.9,78.0,66.7,No,No,5,Yes,Yes,RotoWire projected lineup; MLB probable pitchers,lineup projected / unconfirmed,H:2026/2025 P:2026/2025,,,Direct BvP not yet weighted; 2026/2025 Statcast baseline active,7,8,25,2,Hot streak: 2 HR in last 7 games,"platoon edge; pitcher baseline 4.4% barrel, 2.1 HR allowed",neutral batted-ball profile; pitcher fly-ball pressure modest,12.36,47.38,90.26,102.7858,0.4346,0.1984,0.3149,75.44,58.42,41.74,28.04,20.9,0.1872,4.42,37.52,89.1,0.3585,0.0902,24.85,,,Globe Life Field,
77,641355,Cody Bellinger,NYY,LAA,2026-09-02T01:38:00Z,Scheduled,4,Grayson Rodriguez,680570,R,47.6,Longshot,Watch List,"Projected Lineup, Premium Lineup Spot, Platoon Edge",29.5,52.7,28.2,90.4,80.0,22.4,No,No,4,Yes,Yes,RotoWire projected lineup; MLB probable pitchers,lineup projected / unconfirmed,H:2026/2025 P:2026,,,Direct BvP not yet weighted; 2026/2025 Statcast baseline active,7,7,26,0,"Last 7 games: 7/26, 0 HR","platoon edge; pitcher baseline 9.1% barrel, 10.0 HR allowed",neutral batted-ball profile; pitcher fly-ball pressure modest,6.66,36.78,88.65,98.4488,0.4187,0.1519,0.3384,69.82,4.12,41.98,31.92,17.1,0.173,9.1,45.0,90.6,0.461,0.189,27.3,,,Angel Stadium,
78,682985,Riley Greene,DET,MIN,2026-09-01T23:40:00Z,Scheduled,5,Andrew Morris,702193,R,47.5,Longshot,Watch List,"Projected Lineup, Strong Barrel, Platoon Edge",60.2,12.5,27.1,81.9,80.0,37.8,No,No,5,Yes,Yes,RotoWire projected lineup; MLB probable pitchers,lineup projected / unconfirmed,H:2026/2025 P:2026,,,Direct BvP not yet weighted; 2026/2025 Statcast baseline active,7,6,24,1,"Last 7 games: 6/24, 1 HR","platoon edge; pitcher baseline 3.1% barrel, 4.0 HR allowed",neutral batted-ball profile; pitcher fly-ball pressure modest,15.35,47.46,90.32,102.5276,0.4819,0.2312,0.3537,75.6,57.87,38.91,33.1,22.0,0.1944,3.1,33.0,86.3,0.319,0.093,27.7,,,Target Field,
79,800050,Chase DeLauter,CLE,TOR,2026-09-01T22:40:00Z,Scheduled,2,Spencer Arrighetti,681293,R,47.4,Longshot,Watch List,"Projected Lineup, Premium Lineup Spot, Platoon Edge",34.3,38.1,27.6,95.5,80.0,45.0,No,No,2,Yes,Yes,RotoWire projected lineup; MLB probable pitchers,lineup projected / unconfirmed,H:2026 P:2026/2025,,,Direct BvP not yet weighted; 2026/2025 Statcast baseline active,7,9,21,0,Contact streak: 9/21 over last 7 games,"platoon edge; pitcher baseline 8.4% barrel, 11.6 HR allowed",neutral batted-ball profile; pitcher fly-ball pressure modest,6.1,45.8,91.4,101.4154,0.422,0.148,0.342,71.4,17.6,36.8,19.5,13.0,0.161,8.38,35.23,87.7,0.4071,0.1644,28.51,,,Progressive Field,
80,608369,Corey Seager,TEX,ATH,2026-09-02T00:05:00Z,Scheduled,2,Brady Basso,669620,L,47.4,Longshot,Watch List,"Projected Lineup, Strong Barrel, Premium Lineup Spot",60.5,20.5,27.6,95.5,50.0,10.8,No,No,2,Yes,Yes,RotoWire projected lineup; MLB probable pitchers,lineup projected / unconfirmed,H:2026/2025 P:2026/2025,,,Direct BvP not yet weighted; 2026/2025 Statcast baseline active,7,5,26,0,"Last 7 games: 5/26, 0 HR","same-side matchup; pitcher baseline 4.4% barrel, 2.1 HR allowed",lift-pull EV profile; pitcher fly-ball pressure modest,14.46,49.89,92.06,102.5789,0.4962,0.2399,0.3622,71.73,14.88,40.99,31.06,15.4,0.1908,4.42,37.52,89.1,0.3585,0.0902,24.85,,,Globe Life Field,
81,695336,Thomas Saggese,STL,LAD,2026-09-02T02:10:00Z,Scheduled,6,Eric Lauer,641778,L,47.4,Longshot,Watch List,"Projected Lineup, Platoon Edge",30.1,54.7,27.6,71.7,78.0,63.3,No,No,6,Yes,Yes,RotoWire projected lineup; MLB probable pitchers,lineup projected / unconfirmed,H:2026/2025 P:2026/2025,,,Direct BvP not yet weighted; 2026/2025 Statcast baseline active,7,6,12,1,Contact streak: 6/12 over last 7 games,"platoon edge; pitcher baseline 10.1% barrel, 21.3 HR allowed",neutral batted-ball profile; pitcher allows elevated contact,8.19,39.13,88.87,100.0019,0.3727,0.1439,0.2859,71.41,17.48,37.25,22.14,1.3,0.0854,10.06,37.35,89.13,0.4498,0.2028,36.9,,,UNIQLO Field at Dodger Stadium,
82,683734,Andrew Vaughn,MIL,CHC,2026-09-01T23:40:00Z,Scheduled,5,Matthew Boyd,571510,L,47.2,Longshot,Watch List,"Projected Lineup, Platoon Edge",34.1,46.2,29.8,81.9,78.0,37.3,No,No,5,Yes,Yes,RotoWire projected lineup; MLB probable pitchers,lineup projected / unconfirmed,H:2026/2025 P:2026/2025,,,Direct BvP not yet weighted; 2026/2025 Statcast baseline active,7,7,19,0,Contact streak: 7/19 over last 7 games,"platoon edge; pitcher baseline 9.8% barrel, 16.2 HR allowed",neutral batted-ball profile; pitcher fly-ball pressure modest,7.31,44.27,90.41,100.0973,0.4146,0.1437,0.3413,70.46,13.36,35.12,24.62,7.7,0.1444,9.77,38.14,88.22,0.4323,0.1741,26.41,,,Wrigley Field,
83,703607,Henry Bolte,ATH,TEX,2026-09-02T00:05:00Z,Scheduled,1,MacKenzie Gore,669022,L,47.0,Longshot,Watch List,"Projected Lineup, Premium Lineup Spot, Platoon Edge",34.0,46.4,27.6,88.7,78.0,22.0,No,No,1,Yes,Yes,RotoWire projected lineup; MLB probable pitchers,lineup projected / unconfirmed,H:2026 P:2026/2025,,,Direct BvP not yet weighted; 2026/2025 Statcast baseline active,7,8,30,0,"Last 7 games: 8/30, 0 HR","platoon edge; pitcher baseline 9.3% barrel, 18.6 HR allowed",neutral batted-ball profile; pitcher fly-ball pressure modest,6.7,47.7,90.9,104.3822,0.355,0.112,0.304,77.0,72.6,32.3,15.7,6.0,0.1,9.34,42.21,89.49,0.3884,0.1502,28.21,,,Globe Life Field,
84,682928,CJ Abrams,WSH,ATL,2026-09-01T22:45:00Z,Scheduled,1,AJ Smith-Shawver,700363,R,46.9,Longshot,Watch List,"Projected Lineup, Premium Lineup Spot, Platoon Edge",38.2,43.7,28.2,88.7,80.0,0.0,No,No,1,Yes,Yes,RotoWire projected lineup; MLB probable pitchers,lineup projected / unconfirmed,H:2026/2025 P:2026/2025,,,Direct BvP not yet weighted; 2026/2025 Statcast baseline active,7,2,28,0,"Last 7 games: 2/28, 0 HR","platoon edge; pitcher baseline 8.5% barrel, 1.9 HR allowed",neutral batted-ball profile; pitcher fly-ball pressure modest,9.14,40.32,89.19,99.7816,0.4199,0.1742,0.3237,72.82,27.68,43.59,28.94,26.0,0.2201,8.47,41.7,89.65,0.4365,0.1646,29.38,,,Nationals Park,
85,672386,Alejandro Kirk,TOR,CLE,2026-09-01T22:40:00Z,Scheduled,3,Gavin Williams,668909,R,46.7,Longshot,Watch List,"Projected Lineup, Premium Lineup Spot",29.5,57.2,27.6,92.1,50.0,34.9,No,No,3,Yes,Yes,RotoWire projected lineup; MLB probable pitchers,lineup projected / unconfirmed,H:2026/2025 P:2026/2025,,,Direct BvP not yet weighted; 2026/2025 Statcast baseline active,7,6,26,1,"Last 7 games: 6/26, 1 HR","same-side matchup; pitcher baseline 11.1% barrel, 25.8 HR allowed",neutral batted-ball profile; pitcher fly-ball pressure modest,5.69,43.24,89.21,100.3023,0.4072,0.1386,0.3261,71.94,20.0,25.44,21.97,10.1,0.1418,11.1,46.61,90.33,0.4113,0.181,25.86,,,Progressive Field,
86,521692,Salvador Perez,KC,MIA,2026-09-01T23:40:00Z,Scheduled,4,Tyler Phillips,663969,R,46.7,Longshot,Watch List,"Projected Lineup, Strong Barrel, Premium Lineup Spot",45.9,40.8,23.2,90.4,50.0,22.0,No,No,4,Yes,Yes,RotoWire projected lineup; MLB probable pitchers,lineup projected / unconfirmed,H:2026/2025 P:2026/2025,,,Direct BvP not yet weighted; 2026/2025 Statcast baseline active,7,8,30,0,"Last 7 games: 8/30, 0 HR","same-side matchup; pitcher baseline 7.3% barrel, 12.2 HR allowed",neutral batted-ball profile; pitcher fly-ball pressure modest,11.37,43.62,89.16,100.6533,0.4528,0.2051,0.3192,71.92,21.79,41.56,30.85,20.9,0.1673,7.27,43.54,89.76,0.405,0.1506,25.59,,,Kauffman Stadium,
87,668227,Randy Arozarena,SEA,BOS,2026-09-01T22:45:00Z,Scheduled,1,,,,46.6,Longshot,Watch List,"Projected Lineup, Premium Lineup Spot",38.6,41.2,28.7,88.7,60.0,37.8,No,No,1,Yes,Yes,RotoWire projected lineup; MLB probable pitchers,lineup projected / unconfirmed,H:2026/2025 P:,,,Direct BvP not yet weighted; 2026/2025 Statcast baseline active,7,6,24,1,"Last 7 games: 6/24, 1 HR","handedness incomplete; pitcher baseline 0.0% barrel, 0.0 HR allowed",neutral batted-ball profile; pitcher fly-ball pressure modest,8.7,44.37,90.81,100.9291,0.4128,0.1648,0.3389,71.32,24.8,33.98,24.24,22.1,0.1859,,,,,,,,,Fenway Park,
88,691781,Brady House,WSH,ATL,2026-09-01T22:45:00Z,Scheduled,5,AJ Smith-Shawver,700363,R,46.6,Longshot,Watch List,Projected Lineup,41.1,43.7,28.2,81.9,50.0,46.0,No,No,5,Yes,Yes,RotoWire projected lineup; MLB probable pitchers,lineup projected / unconfirmed,H:2026/2025 P:2026/2025,,,Direct BvP not yet weighted; 2026/2025 Statcast baseline active,7,7,23,1,"Last 7 games: 7/23, 1 HR","same-side matchup; pitcher baseline 8.5% barrel, 1.9 HR allowed",neutral batted-ball profile; pitcher fly-ball pressure modest,9.06,47.14,89.94,101.81,0.4253,0.1651,0.3204,73.31,31.09,32.89,26.14,8.2,0.1412,8.47,41.7,89.65,0.4365,0.1646,29.38,,,Nationals Park,
89,596142,Gary Sanchez,MIL,CHC,2026-09-01T23:40:00Z,Scheduled,6,Matthew Boyd,571510,L,46.6,Longshot,Watch List,"Projected Lineup, Platoon Edge",39.4,46.2,29.8,71.7,78.0,18.3,No,No,6,Yes,Yes,RotoWire projected lineup; MLB probable pitchers,lineup projected / unconfirmed,H:2026/2025 P:2026/2025,,,Direct BvP not yet weighted; 2026/2025 Statcast baseline active,7,1,18,1,"Last 7 games: 1/18, 1 HR","platoon edge; pitcher baseline 9.8% barrel, 16.2 HR allowed",neutral batted-ball profile; pitcher fly-ball pressure modest,9.36,42.26,89.52,100.861,0.4126,0.1859,0.3346,71.78,24.84,46.68,27.09,9.2,0.2115,9.77,38.14,88.22,0.4323,0.1741,26.41,,,Wrigley Field,
90,593428,Xander Bogaerts,SD,CIN,2026-09-01T22:40:00Z,Scheduled,5,Nick Lodolo,666157,L,46.5,Longshot,Watch List,"Projected Lineup, Platoon Edge",28.9,50.6,39.3,81.9,78.0,8.1,No,No,5,Yes,Yes,RotoWire projected lineup; MLB probable pitchers,lineup projected / unconfirmed,H:2026/2025 P:2026/2025,,,Direct BvP not yet weighted; 2026/2025 Statcast baseline active,7,4,23,0,"Last 7 games: 4/23, 0 HR","platoon edge; pitcher baseline 9.3% barrel, 17.1 HR allowed",neutral batted-ball profile; pitcher fly-ball pressure modest,6.41,40.6,89.07,100.0688,0.3871,0.1348,0.3242,72.38,28.01,43.31,23.41,11.0,0.1112,9.32,39.73,89.78,0.4639,0.1837,25.98,,,Great American Ball Park,
91,662139,Daulton Varsho,HOU,CWS,2026-09-02T00:10:00Z,Scheduled,5,Sean Burke,680732,R,46.5,Longshot,Watch List,"Projected Lineup, Platoon Edge",35.2,44.8,27.6,81.9,80.0,27.1,No,No,5,Yes,Yes,RotoWire projected lineup; MLB probable pitchers,lineup projected / unconfirmed,H:2026/2025 P:2026/2025,,,Direct BvP not yet weighted; 2026/2025 Statcast baseline active,7,5,28,1,"Last 7 games: 5/28, 1 HR","platoon edge; pitcher baseline 8.5% barrel, 19.5 HR allowed",neutral batted-ball profile; pitcher allows elevated contact,9.18,38.55,87.73,99.5409,0.3967,0.1655,0.2997,73.71,35.97,41.01,30.5,13.0,0.1861,8.47,39.2,89.32,0.3968,0.1641,30.98,,,Daikin Park,
92,686611,Dylan Crews,WSH,ATL,2026-09-01T22:45:00Z,Scheduled,3,AJ Smith-Shawver,700363,R,46.4,Longshot,Watch List,"Projected Lineup, Premium Lineup Spot",39.6,43.7,28.2,92.1,50.0,24.9,No,No,3,Yes,Yes,RotoWire projected lineup; MLB probable pitchers,lineup projected / unconfirmed,H:2026/2025 P:2026/2025,,,Direct BvP not yet weighted; 2026/2025 Statcast baseline active,7,8,28,0,"Last 7 games: 8/28, 0 HR","same-side matchup; pitcher baseline 8.5% barrel, 1.9 HR allowed",neutral batted-ball profile; pitcher fly-ball pressure modest,9.52,41.29,89.98,100.9012,0.4042,0.1685,0.3105,73.9,38.28,34.22,27.63,10.0,0.1433,8.47,41.7,89.65,0.4365,0.1646,29.38,,,Nationals Park,
93,686469,Vinnie Pasquantino,KC,MIA,2026-09-01T23:40:00Z,Scheduled,5,Tyler Phillips,663969,R,46.4,Longshot,Watch List,"Projected Lineup, Platoon Edge",38.3,40.8,23.2,81.9,80.0,36.3,No,No,5,Yes,Yes,RotoWire projected lineup; MLB probable pitchers,lineup projected / unconfirmed,H:2026/2025 P:2026/2025,,,Direct BvP not yet weighted; 2026/2025 Statcast baseline active,7,6,25,1,"Last 7 games: 6/25, 1 HR","platoon edge; pitcher baseline 7.3% barrel, 12.2 HR allowed",neutral batted-ball profile; pitcher fly-ball pressure modest,8.56,42.53,89.99,100.1602,0.4273,0.1742,0.3298,70.96,14.75,44.4,28.51,15.9,0.1592,7.27,43.54,89.76,0.405,0.1506,25.59,,,Kauffman Stadium,
94,668930,Brice Turang,MIL,CHC,2026-09-01T23:40:00Z,Scheduled,2,Matthew Boyd,571510,L,46.4,Longshot,Watch List,"Projected Lineup, Premium Lineup Spot",36.2,46.2,29.8,95.5,50.0,21.0,No,No,2,Yes,Yes,RotoWire projected lineup; MLB probable pitchers,lineup projected / unconfirmed,H:2026/2025 P:2026/2025,,,Direct BvP not yet weighted; 2026/2025 Statcast baseline active,7,4,29,1,"Last 7 games: 4/29, 1 HR","same-side matchup; pitcher baseline 9.8% barrel, 16.2 HR allowed",neutral batted-ball profile; pitcher fly-ball pressure modest,7.72,43.13,90.47,100.371,0.4248,0.1698,0.3371,70.18,13.27,27.72,24.13,17.3,0.1652,9.77,38.14,88.22,0.4323,0.1741,26.41,,,Wrigley Field,
95,668804,Bryan Reynolds,PIT,SF,2026-09-01T22:40:00Z,Scheduled,3,Logan Webb,657277,R,46.3,Longshot,Watch List,"Projected Lineup, Strong Barrel, Premium Lineup Spot, Platoon Edge",45.6,28.9,24.3,92.1,75.0,19.5,No,No,3,Yes,Yes,RotoWire projected lineup; MLB probable pitchers,lineup projected / unconfirmed,H:2026/2025 P:2026/2025,,,Direct BvP not yet weighted; 2026/2025 Statcast baseline active,7,7,28,0,"Last 7 games: 7/28, 0 HR","switch hitter; pitcher baseline 6.5% barrel, 11.9 HR allowed",neutral batted-ball profile; pitcher fly-ball pressure modest,10.59,46.84,90.85,101.8862,0.4365,0.1855,0.3457,72.62,28.16,39.31,25.25,15.3,0.1584,6.48,38.87,88.51,0.3805,0.1282,19.56,,,PNC Park,
96,669221,Sean Murphy,ATL,WSH,2026-09-01T22:45:00Z,Scheduled,7,Jake Irvin,663623,R,46.3,Longshot,Watch List,"Projected Lineup, Strong Barrel, Hot Hitter/Streak",31.8,62.2,28.2,59.8,50.0,74.9,No,No,7,Yes,Yes,RotoWire projected lineup; MLB probable pitchers,lineup projected / unconfirmed,H:2026/2025 P:2026/2025,,,Direct BvP not yet weighted; 2026/2025 Statcast baseline active,7,9,24,2,Hot streak: 2 HR in last 7 games,"same-side matchup; pitcher baseline 11.4% barrel, 21.2 HR allowed",neutral batted-ball profile; pitcher fly-ball pressure modest,10.04,38.9,86.58,100.6281,0.3597,0.1622,0.2657,72.04,24.9,48.63,25.09,6.2,0.1778,11.44,45.49,89.49,0.4679,0.2141,29.16,,,Nationals Park,
97,665161,Jeremy Pena,HOU,CWS,2026-09-02T00:10:00Z,Scheduled,1,Sean Burke,680732,R,46.1,Longshot,Watch List,"Projected Lineup, Premium Lineup Spot, Hot Hitter/Streak",31.4,44.8,27.6,88.7,50.0,78.4,No,No,1,Yes,Yes,RotoWire projected lineup; MLB probable pitchers,lineup projected / unconfirmed,H:2026/2025 P:2026/2025,,,Direct BvP not yet weighted; 2026/2025 Statcast baseline active,7,8,29,3,Hot streak: 3 HR in last 7 games,"same-side matchup; pitcher baseline 8.5% barrel, 19.5 HR allowed",neutral batted-ball profile; pitcher allows elevated contact,6.94,40.45,88.48,99.9282,0.4271,0.1522,0.3326,72.23,14.62,45.92,24.08,17.0,0.1919,8.47,39.2,89.32,0.3968,0.1641,30.98,,,Daikin Park,
98,687952,Christian Encarnacion-Strand,BAL,COL,2026-09-02T00:40:00Z,Scheduled,6,Gabriel Hughes,687312,R,46.1,Longshot,Watch List,"Projected Lineup, Strong Barrel",56.4,17.7,38.7,71.7,50.0,58.0,No,No,6,Yes,Yes,RotoWire projected lineup; MLB probable pitchers,lineup projected / unconfirmed,H:2026/2025 P:2026,,,Direct BvP not yet weighted; 2026/2025 Statcast baseline active,7,10,26,1,Contact streak: 10/26 over last 7 games,"same-side matchup; pitcher baseline 4.6% barrel, 5.0 HR allowed",neutral batted-ball profile; pitcher fly-ball pressure modest,13.97,42.18,90.84,101.7825,0.489,0.25,0.3238,73.6,36.76,44.69,29.93,6.7,0.2131,4.6,28.9,87.5,0.355,0.121,27.6,,,Coors Field,
99,605141,Mookie Betts,LAD,STL,2026-09-02T02:10:00Z,Scheduled,3,Michael McGreevy,700241,R,45.9,Longshot,Watch List,"Projected Lineup, Premium Lineup Spot",30.8,54.5,27.6,92.1,50.0,23.4,No,No,3,Yes,Yes,RotoWire projected lineup; MLB probable pitchers,lineup projected / unconfirmed,H:2026/2025 P:2026/2025,,,Direct BvP not yet weighted; 2026/2025 Statcast baseline active,7,8,29,0,"Last 7 games: 8/29, 0 HR","same-side matchup; pitcher baseline 9.6% barrel, 17.6 HR allowed",neutral batted-ball profile; pitcher fly-ball pressure modest,6.55,36.64,89.66,98.3175,0.4206,0.1504,0.3265,69.53,8.67,39.4,34.22,17.2,0.1599,9.64,41.64,90.08,0.4759,0.1963,26.27,,,UNIQLO Field at Dodger Stadium,
100,608324,Alex Bregman,CHC,MIL,2026-09-01T23:40:00Z,Scheduled,3,Robert Gasser,688107,L,45.8,Longshot,Watch List,"Projected Lineup, Premium Lineup Spot, Platoon Edge, Hot Hitter/Streak",26.8,36.0,29.8,92.1,78.0,79.2,No,No,3,Yes,Yes,RotoWire projected lineup; MLB probable pitchers,lineup projected / unconfirmed,H:2026/2025 P:2026/2025,,,Direct BvP not yet weighted; 2026/2025 Statcast baseline active,7,9,32,4,Hot streak: 4 HR in last 7 games,"platoon edge; pitcher baseline 7.6% barrel, 9.4 HR allowed",neutral batted-ball profile; pitcher fly-ball pressure modest,5.62,39.36,88.7,98.2823,0.3885,0.1418,0.3216,70.16,4.87,46.79,27.23,19.4,0.1736,7.6,36.84,88.41,0.3953,0.1579,27.03,,,Wrigley Field,
101,683002,Gunnar Henderson,BAL,COL,2026-09-02T00:40:00Z,Scheduled,3,Gabriel Hughes,687312,R,45.8,Longshot,Watch List,"Projected Lineup, Premium Lineup Spot, Platoon Edge",38.1,17.7,38.7,92.1,80.0,62.4,No,No,3,Yes,Yes,RotoWire projected lineup; MLB probable pitchers,lineup projected / unconfirmed,H:2026/2025 P:2026,,,Direct BvP not yet weighted; 2026/2025 Statcast baseline active,7,7,24,2,Hot streak: 2 HR in last 7 games,"platoon edge; pitcher baseline 4.6% barrel, 5.0 HR allowed",neutral batted-ball profile; pitcher fly-ball pressure modest,7.69,45.84,90.49,101.4033,0.4082,0.1539,0.3263,74.67,47.1,41.08,23.31,20.5,0.1787,4.6,28.9,87.5,0.355,0.121,27.6,,,Coors Field,
102,669224,Austin Wells,NYY,LAA,2026-09-02T01:38:00Z,Scheduled,8,Grayson Rodriguez,680570,R,45.6,Longshot,Watch List,"Projected Lineup, Platoon Edge",36.1,52.7,28.2,47.9,80.0,58.1,No,No,8,Yes,Yes,RotoWire projected lineup; MLB probable pitchers,lineup projected / unconfirmed,H:2026/2025 P:2026,,,Direct BvP not yet weighted; 2026/2025 Statcast baseline active,7,5,19,2,Hot streak: 2 HR in last 7 games,"platoon edge; pitcher baseline 9.1% barrel, 10.0 HR allowed",neutral batted-ball profile; pitcher fly-ball pressure modest,7.68,43.38,89.62,100.6818,0.3682,0.157,0.2916,72.98,27.95,46.17,33.21,13.3,0.1575,9.1,45.0,90.6,0.461,0.189,27.3,,,Angel Stadium,
103,605137,Josh Bell,MIN,DET,2026-09-01T23:40:00Z,Scheduled,5,Troy Melton,675512,R,45.5,Longshot,Watch List,"Projected Lineup, Strong Barrel, Platoon Edge",43.8,33.1,27.1,81.9,75.0,15.3,No,No,5,Yes,Yes,RotoWire projected lineup; MLB probable pitchers,lineup projected / unconfirmed,H:2026/2025 P:2026/2025,,,Direct BvP not yet weighted; 2026/2025 Statcast baseline active,7,6,27,0,"Last 7 games: 6/27, 0 HR","switch hitter; pitcher baseline 6.7% barrel, 9.1 HR allowed",neutral batted-ball profile; pitcher fly-ball pressure modest,10.28,43.01,89.91,100.8689,0.45,0.1975,0.3373,72.4,28.85,41.5,26.92,18.5,0.1702,6.71,40.59,89.33,0.3689,0.1449,24.91,,,Target Field,
104,694212,Samuel Basallo,BAL,COL,2026-09-02T00:40:00Z,Scheduled,5,Gabriel Hughes,687312,R,45.5,Longshot,Watch List,"Projected Lineup, Strong Barrel, Platoon Edge",46.9,17.7,38.7,81.9,80.0,25.3,No,No,5,Yes,Yes,RotoWire projected lineup; MLB probable pitchers,lineup projected / unconfirmed,H:2026/2025 P:2026,,,Direct BvP not yet weighted; 2026/2025 Statcast baseline active,7,4,24,1,"Last 7 games: 4/24, 1 HR","platoon edge; pitcher baseline 4.6% barrel, 5.0 HR allowed",neutral batted-ball profile; pitcher fly-ball pressure modest,11.56,43.49,90.01,102.1054,0.424,0.1959,0.3092,74.8,49.14,42.39,28.77,13.1,0.1881,4.6,28.9,87.5,0.355,0.121,27.6,,,Coors Field,
105,663656,Kyle Tucker,LAD,STL,2026-09-02T02:10:00Z,Scheduled,6,Michael McGreevy,700241,R,45.5,Longshot,Watch List,"Projected Lineup, Platoon Edge",31.9,54.5,27.6,71.7,80.0,10.6,No,No,6,Yes,Yes,RotoWire projected lineup; MLB probable pitchers,lineup projected / unconfirmed,H:2026/2025 P:2026/2025,,,Direct BvP not yet weighted; 2026/2025 Statcast baseline active,7,4,21,0,"Last 7 games: 4/21, 0 HR","platoon edge; pitcher baseline 9.6% barrel, 17.6 HR allowed",neutral batted-ball profile; pitcher fly-ball pressure modest,7.09,38.02,89.12,98.7946,0.4081,0.1493,0.3391,71.51,20.59,43.1,32.63,14.3,0.1497,9.64,41.64,90.08,0.4759,0.1963,26.27,,,UNIQLO Field at Dodger Stadium,
106,663993,Nathaniel Lowe,CLE,TOR,2026-09-01T22:40:00Z,Scheduled,5,Spencer Arrighetti,681293,R,45.4,Longshot,Watch List,"Projected Lineup, Platoon Edge",36.7,38.1,27.6,81.9,80.0,28.1,No,No,5,Yes,Yes,RotoWire projected lineup; MLB probable pitchers,lineup projected / unconfirmed,H:2026/2025 P:2026/2025,,,Direct BvP not yet weighted; 2026/2025 Statcast baseline active,7,5,27,1,"Last 7 games: 5/27, 1 HR","platoon edge; pitcher baseline 8.4% barrel, 11.6 HR allowed",neutral batted-ball profile; pitcher fly-ball pressure modest,8.33,41.36,89.14,100.8513,0.4171,0.1632,0.324,74.0,38.94,34.96,26.55,15.9,0.1887,8.38,35.23,87.7,0.4071,0.1644,28.51,,,Progressive Field,
107,665953,Andres Chaparro,WSH,ATL,2026-09-01T22:45:00Z,Scheduled,7,AJ Smith-Shawver,700363,R,45.3,Longshot,Watch List,"Projected Lineup, Strong Barrel",47.6,43.7,28.2,59.8,50.0,39.5,No,No,7,Yes,Yes,RotoWire projected lineup; MLB probable pitchers,lineup projected / unconfirmed,H:2026/2025 P:2026/2025,,,Direct BvP not yet weighted; 2026/2025 Statcast baseline active,7,6,23,1,"Last 7 games: 6/23, 1 HR","same-side matchup; pitcher baseline 8.5% barrel, 1.9 HR allowed",neutral batted-ball profile; pitcher fly-ball pressure modest,13.13,44.03,88.52,101.1119,0.4314,0.203,0.3336,74.28,43.77,50.62,26.3,6.6,0.2104,8.47,41.7,89.65,0.4365,0.1646,29.38,,,Nationals Park,
108,621438,Tyrone Taylor,CHC,MIL,2026-09-01T23:40:00Z,Scheduled,4,Robert Gasser,688107,L,45.1,Longshot,Watch List,"Projected Lineup, Premium Lineup Spot, Platoon Edge",27.9,36.0,29.8,90.4,78.0,63.3,No,No,4,Yes,Yes,RotoWire projected lineup; MLB probable pitchers,lineup projected / unconfirmed,H:2026/2025 P:2026/2025,,,Direct BvP not yet weighted; 2026/2025 Statcast baseline active,7,14,24,1,Contact streak: 14/24 over last 7 games,"platoon edge; pitcher baseline 7.6% barrel, 9.4 HR allowed",neutral batted-ball profile; pitcher fly-ball pressure modest,7.65,34.61,86.5,98.2991,0.4053,0.1567,0.3092,71.21,12.63,50.05,30.56,7.6,0.1856,7.6,36.84,88.41,0.3953,0.1579,27.03,,,Wrigley Field,
109,650489,Willi Castro,COL,BAL,2026-09-02T00:40:00Z,Scheduled,2,Kyle Bradish,680694,R,45.1,Longshot,Watch List,"Projected Lineup, Premium Lineup Spot, Platoon Edge",30.3,35.5,38.7,95.5,75.0,12.0,No,No,2,Yes,Yes,RotoWire projected lineup; MLB probable pitchers,lineup projected / unconfirmed,H:2026/2025 P:2026/2025,,,Direct BvP not yet weighted; 2026/2025 Statcast baseline active,7,5,25,0,"Last 7 games: 5/25, 0 HR","switch hitter; pitcher baseline 8.3% barrel, 12.1 HR allowed",neutral batted-ball profile; pitcher fly-ball pressure modest,7.62,39.19,87.33,100.1115,0.3855,0.1491,0.3095,72.51,25.9,42.6,29.92,13.8,0.1526,8.31,38.27,88.75,0.3788,0.1443,23.36,,,Coors Field,
110,622761,Jorge Mateo,TB,NYM,2026-09-01T22:40:00Z,Scheduled,6,Sean Manaea,640455,L,45.0,Longshot,Watch List,"Projected Lineup, Platoon Edge",31.1,54.4,27.6,71.7,78.0,8.5,No,No,6,Yes,Yes,RotoWire projected lineup; MLB probable pitchers,lineup projected / unconfirmed,H:2026/2025 P:2026/2025,,,Direct BvP not yet weighted; 2026/2025 Statcast baseline active,7,3,17,0,"Last 7 games: 3/17, 0 HR","platoon edge; pitcher baseline 10.5% barrel, 17.9 HR allowed",neutral batted-ball profile; pitcher fly-ball pressure modest,7.67,40.55,87.82,99.7035,0.3754,0.1447,0.2844,73.3,31.39,37.39,28.46,3.8,0.1261,10.51,42.25,89.45,0.4381,0.189,28.89,,,Tropicana Field,
111,608070,Jose Ramirez,CLE,TOR,2026-09-01T22:40:00Z,Scheduled,3,Spencer Arrighetti,681293,R,45.0,Longshot,Watch List,"Projected Lineup, Premium Lineup Spot, Platoon Edge",29.5,36.8,27.6,92.1,75.0,52.1,No,No,3,Yes,Yes,RotoWire projected lineup; MLB probable pitchers,lineup projected / unconfirmed,H:2026/2025 P:2026/2025,,,Direct BvP not yet weighted; 2026/2025 Statcast baseline active,7,10,29,1,Contact streak: 10/29 over last 7 games,"switch hitter; pitcher baseline 8.4% barrel, 11.6 HR allowed",neutral batted-ball profile; pitcher fly-ball pressure modest,5.32,40.57,89.32,99.6286,0.4264,0.1459,0.3434,70.34,13.19,50.83,28.99,16.7,0.171,8.38,35.23,87.7,0.4071,0.1644,28.51,,,Progressive Field,
112,694208,Moises Ballesteros,LAA,NYY,2026-09-02T01:38:00Z,Scheduled,4,Gerrit Cole,543037,R,44.9,Longshot,Watch List,"Projected Lineup, Premium Lineup Spot, Platoon Edge",32.6,39.9,28.2,90.4,80.0,8.8,No,No,4,Yes,Yes,RotoWire projected lineup; MLB probable pitchers,lineup projected / unconfirmed,H:2026/2025 P:2026,,,Direct BvP not yet weighted; 2026/2025 Statcast baseline active,7,5,28,0,"Last 7 games: 5/28, 0 HR","platoon edge; pitcher baseline 7.9% barrel, 13.0 HR allowed",neutral batted-ball profile; pitcher fly-ball pressure modest,8.1,42.12,89.94,100.76,0.3783,0.1387,0.306,72.5,31.82,34.01,20.23,4.8,0.1305,7.9,42.3,90.2,0.363,0.129,28.7,,,Angel Stadium,
113,804668,Rafael Flores,PIT,SF,2026-09-01T22:40:00Z,Scheduled,8,Logan Webb,657277,R,44.8,Longshot,Watch List,"Projected Lineup, Strong Barrel",66.0,30.2,24.3,47.9,50.0,18.3,No,No,8,Yes,Yes,RotoWire projected lineup; MLB probable pitchers,lineup projected / unconfirmed,H:2026/2025 P:2026/2025,,,Direct BvP not yet weighted; 2026/2025 Statcast baseline active,7,3,25,1,"Last 7 games: 3/25, 1 HR","same-side matchup; pitcher baseline 6.5% barrel, 11.9 HR allowed",fly-ball profile; pitcher fly-ball pressure modest,15.86,49.69,91.65,102.0033,0.4902,0.2542,0.3456,73.82,39.25,38.44,40.86,4.9,0.2478,6.48,38.87,88.51,0.3805,0.1282,19.56,,,PNC Park,
114,624641,Edmundo Sosa,PHI,AZ,2026-09-02T01:40:00Z,Scheduled,6,Eduardo Rodriguez,593958,L,44.8,Longshot,Watch List,"Projected Lineup, Platoon Edge, Hot Hitter/Streak",31.3,38.6,28.2,71.7,78.0,78.7,No,No,6,Yes,Yes,RotoWire projected lineup; MLB probable pitchers,lineup projected / unconfirmed,H:2026/2025 P:2026/2025,,,Direct BvP not yet weighted; 2026/2025 Statcast baseline active,7,8,20,2,Hot streak: 2 HR in last 7 games,"platoon edge; pitcher baseline 7.9% barrel, 17.3 HR allowed",neutral batted-ball profile; pitcher fly-ball pressure modest,7.21,39.75,87.77,100.0171,0.44,0.1656,0.325,72.3,25.82,40.68,20.8,8.2,0.1741,7.92,34.29,87.64,0.4265,0.1678,27.19,,,Chase Field,
115,666160,Mickey Moniak,COL,BAL,2026-09-02T00:40:00Z,Scheduled,8,Kyle Bradish,680694,R,44.7,Longshot,Watch List,"Projected Lineup, Strong Barrel, Platoon Edge",47.6,36.8,38.7,47.9,80.0,7.9,No,No,8,Yes,Yes,RotoWire projected lineup; MLB probable pitchers,lineup projected / unconfirmed,H:2026/2025 P:2026/2025,,,Direct BvP not yet weighted; 2026/2025 Statcast baseline active,7,5,29,0,"Last 7 games: 5/29, 0 HR","platoon edge; pitcher baseline 8.3% barrel, 12.1 HR allowed",fly-ball profile; pitcher fly-ball pressure modest,11.14,43.13,89.77,100.3608,0.4284,0.1979,0.3006,74.19,43.25,46.38,37.75,21.9,0.2536,8.31,38.27,88.75,0.3788,0.1443,23.36,,,Coors Field,
116,691777,Max Muncy,ATH,TEX,2026-09-02T00:05:00Z,Scheduled,7,MacKenzie Gore,669022,L,44.6,Longshot,Watch List,"Projected Lineup, Strong Barrel, Platoon Edge",36.1,46.4,27.6,59.8,78.0,39.5,No,No,7,Yes,Yes,RotoWire projected lineup; MLB probable pitchers,lineup projected / unconfirmed,H:2026/2025 P:2026/2025,,,Direct BvP not yet weighted; 2026/2025 Statcast baseline active,7,6,23,1,"Last 7 games: 6/23, 1 HR","platoon edge; pitcher baseline 9.3% barrel, 18.6 HR allowed",neutral batted-ball profile; pitcher fly-ball pressure modest,10.94,40.03,88.92,100.9081,0.3607,0.1479,0.2824,73.8,43.09,41.49,23.07,7.6,0.1594,9.34,42.21,89.49,0.3884,0.1502,28.21,,,Globe Life Field,
117,602104,Ramon Urias,STL,LAD,2026-09-02T02:10:00Z,Scheduled,8,Eric Lauer,641778,L,44.6,Longshot,Watch List,"Projected Lineup, Platoon Edge",38.2,54.7,27.6,47.9,78.0,19.1,No,No,8,Yes,Yes,RotoWire projected lineup; MLB probable pitchers,lineup projected / unconfirmed,H:2026/2025 P:2026/2025,,,Direct BvP not yet weighted; 2026/2025 Statcast baseline active,7,2,16,1,"Last 7 games: 2/16, 1 HR","platoon edge; pitcher baseline 10.1% barrel, 21.3 HR allowed",neutral batted-ball profile; pitcher allows elevated contact,9.57,39.84,89.41,99.3505,0.3847,0.1847,0.3026,70.31,6.31,34.82,33.76,5.4,0.1577,10.06,37.35,89.13,0.4498,0.2028,36.9,,,UNIQLO Field at Dodger Stadium,
118,680777,Ryan Jeffers,MIN,DET,2026-09-01T23:40:00Z,Scheduled,4,Troy Melton,675512,R,44.4,Longshot,Watch List,"Projected Lineup, Premium Lineup Spot",38.0,34.1,27.1,90.4,50.0,49.9,No,No,4,Yes,Yes,RotoWire projected lineup; MLB probable pitchers,lineup projected / unconfirmed,H:2026/2025 P:2026/2025,,,Direct BvP not yet weighted; 2026/2025 Statcast baseline active,7,5,24,2,Hot streak: 2 HR in last 7 games,"same-side matchup; pitcher baseline 6.7% barrel, 9.1 HR allowed",neutral batted-ball profile; pitcher fly-ball pressure modest,9.52,40.35,88.74,100.8056,0.4224,0.1745,0.3426,73.0,36.19,36.41,26.98,9.7,0.1751,6.71,40.59,89.33,0.3689,0.1449,24.91,,,Target Field,
119,671732,Lawrence Butler,ATH,TEX,2026-09-02T00:05:00Z,Scheduled,6,MacKenzie Gore,669022,L,44.4,Longshot,Watch List,Projected Lineup,35.3,46.4,27.6,71.7,50.0,59.0,No,No,6,Yes,Yes,RotoWire projected lineup; MLB probable pitchers,lineup projected / unconfirmed,H:2026/2025 P:2026/2025,,,Direct BvP not yet weighted; 2026/2025 Statcast baseline active,7,9,23,1,Contact streak: 9/23 over last 7 games,"same-side matchup; pitcher baseline 9.3% barrel, 18.6 HR allowed",neutral batted-ball profile; pitcher fly-ball pressure modest,8.01,45.17,89.73,101.7615,0.3842,0.1472,0.3155,73.63,37.95,34.47,22.0,14.7,0.1511,9.34,42.21,89.49,0.3884,0.1502,28.21,,,Globe Life Field,
120,606192,Teoscar Hernandez,LAD,STL,2026-09-02T02:10:00Z,Scheduled,8,Michael McGreevy,700241,R,44.4,Longshot,Watch List,Projected Lineup,42.2,54.5,27.6,47.9,50.0,40.7,No,No,8,Yes,Yes,RotoWire projected lineup; MLB probable pitchers,lineup projected / unconfirmed,H:2026/2025 P:2026/2025,,,Direct BvP not yet weighted; 2026/2025 Statcast baseline active,7,7,26,1,"Last 7 games: 7/26, 1 HR","same-side matchup; pitcher baseline 9.6% barrel, 17.6 HR allowed",neutral batted-ball profile; pitcher fly-ball pressure modest,9.96,44.14,89.78,101.0769,0.4238,0.1794,0.317,72.48,24.99,34.57,29.59,15.9,0.1643,9.64,41.64,90.08,0.4759,0.1963,26.27,,,UNIQLO Field at Dodger Stadium,
121,680776,Jarren Duran,BOS,SEA,2026-09-01T22:45:00Z,Scheduled,8,Bryan Woo,693433,R,44.3,Longshot,Watch List,"Projected Lineup, Platoon Edge",39.0,44.4,28.7,47.9,80.0,49.9,No,No,8,Yes,Yes,RotoWire projected lineup; MLB probable pitchers,lineup projected / unconfirmed,H:2026/2025 P:2026/2025,,,Direct BvP not yet weighted; 2026/2025 Statcast baseline active,7,5,24,2,Hot streak: 2 HR in last 7 games,"platoon edge; pitcher baseline 8.0% barrel, 19.7 HR allowed",neutral batted-ball profile; pitcher fly-ball pressure modest,9.63,42.46,90.4,102.0781,0.3932,0.1529,0.3071,74.98,50.03,38.62,22.93,17.4,0.1657,7.98,43.34,89.66,0.387,0.1548,28.62,,,Fenway Park,
122,607043,Brandon Nimmo,TEX,ATH,2026-09-02T00:05:00Z,Scheduled,4,Brady Basso,669620,L,44.3,Longshot,Watch List,"Projected Lineup, Premium Lineup Spot",48.1,20.5,27.6,90.4,50.0,44.8,No,No,4,Yes,Yes,RotoWire projected lineup; MLB probable pitchers,lineup projected / unconfirmed,H:2026/2025 P:2026/2025,,,Direct BvP not yet weighted; 2026/2025 Statcast baseline active,7,8,27,1,"Last 7 games: 8/27, 1 HR","same-side matchup; pitcher baseline 4.4% barrel, 2.1 HR allowed",EV profile; pitcher fly-ball pressure modest,9.78,50.41,92.11,102.1198,0.4561,0.1859,0.3448,72.27,27.6,32.82,26.19,17.3,0.1642,4.42,37.52,89.1,0.3585,0.0902,24.85,,,Globe Life Field,
123,572233,Christian Walker,HOU,CWS,2026-09-02T00:10:00Z,Scheduled,6,Sean Burke,680732,R,44.3,Longshot,Watch List,"Projected Lineup, Strong Barrel",41.7,44.8,27.6,71.7,50.0,22.6,No,No,6,Yes,Yes,RotoWire projected lineup; MLB probable pitchers,lineup projected / unconfirmed,H:2026/2025 P:2026/2025,,,Direct BvP not yet weighted; 2026/2025 Statcast baseline active,7,4,27,1,"Last 7 games: 4/27, 1 HR","same-side matchup; pitcher baseline 8.5% barrel, 19.5 HR allowed",neutral batted-ball profile; pitcher allows elevated contact,10.24,43.02,89.78,101.6345,0.4021,0.1736,0.307,74.31,43.69,42.27,27.37,24.9,0.197,8.47,39.2,89.32,0.3968,0.1641,30.98,,,Daikin Park,
124,641680,Jonah Heim,ATH,TEX,2026-09-02T00:05:00Z,Scheduled,4,MacKenzie Gore,669022,L,44.1,Longshot,Watch List,"Projected Lineup, Premium Lineup Spot, Platoon Edge",24.1,44.4,27.6,90.4,75.0,39.5,No,No,4,Yes,Yes,RotoWire projected lineup; MLB probable pitchers,lineup projected / unconfirmed,H:2026/2025 P:2026/2025,,,Direct BvP not yet weighted; 2026/2025 Statcast baseline active,7,6,23,1,"Last 7 games: 6/23, 1 HR","switch hitter; pitcher baseline 9.3% barrel, 18.6 HR allowed",neutral batted-ball profile; pitcher fly-ball pressure modest,6.66,33.8,87.89,97.9623,0.3677,0.1396,0.2907,69.84,9.45,40.63,27.62,11.7,0.1589,9.34,42.21,89.49,0.3884,0.1502,28.21,,,Globe Life Field,
125,680574,Matt McLain,CIN,SD,2026-09-01T22:40:00Z,Scheduled,7,Randy Vásquez,681190,R,44.0,Longshot,Watch List,Projected Lineup,33.2,59.4,39.3,59.8,50.0,0.0,No,No,7,Yes,Yes,RotoWire projected lineup; MLB probable pitchers,lineup projected / unconfirmed,H:2026/2025 P:2026/2025,,,Direct BvP not yet weighted; 2026/2025 Statcast baseline active,7,3,26,0,"Last 7 games: 3/26, 0 HR","same-side matchup; pitcher baseline 10.4% barrel, 15.3 HR allowed",neutral batted-ball profile; pitcher fly-ball pressure modest,9.2,37.83,88.38,99.0073,0.3753,0.1553,0.3043,71.0,9.96,35.78,32.73,13.6,0.1426,10.41,42.52,90.64,0.4929,0.2112,27.9,,,Great American Ball Park,
126,669242,Tommy Edman,LAD,STL,2026-09-02T02:10:00Z,Scheduled,5,Michael McGreevy,700241,R,43.8,Longshot,Watch List,"Projected Lineup, Platoon Edge",22.3,52.6,27.6,81.9,75.0,29.2,No,No,5,Yes,Yes,RotoWire projected lineup; MLB probable pitchers,lineup projected / unconfirmed,H:2026/2025 P:2026/2025,,,Direct BvP not yet weighted; 2026/2025 Statcast baseline active,7,5,26,1,"Last 7 games: 5/26, 1 HR","switch hitter; pitcher baseline 9.6% barrel, 17.6 HR allowed",neutral batted-ball profile; pitcher fly-ball pressure modest,5.34,36.33,88.02,99.1845,0.3767,0.1167,0.3161,70.52,12.46,42.46,27.27,7.4,0.143,9.64,41.64,90.08,0.4759,0.1963,26.27,,,UNIQLO Field at Dodger Stadium,
127,694671,Wyatt Langford,TEX,ATH,2026-09-02T00:05:00Z,Scheduled,3,Brady Basso,669620,L,43.7,Longshot,Watch List,"Projected Lineup, Premium Lineup Spot, Platoon Edge",38.5,20.5,27.6,92.1,78.0,39.5,No,No,3,Yes,Yes,RotoWire projected lineup; MLB probable pitchers,lineup projected / unconfirmed,H:2026/2025 P:2026/2025,,,Direct BvP not yet weighted; 2026/2025 Statcast baseline active,7,6,23,1,"Last 7 games: 6/23, 1 HR","platoon edge; pitcher baseline 4.4% barrel, 2.1 HR allowed",neutral batted-ball profile; pitcher fly-ball pressure modest,8.96,41.4,89.86,100.7223,0.4088,0.1694,0.325,72.75,26.24,42.89,29.06,17.1,0.1963,4.42,37.52,89.1,0.3585,0.0902,24.85,,,Globe Life Field,
128,573262,Mike Yastrzemski,ATL,WSH,2026-09-01T22:45:00Z,Scheduled,9,Jake Irvin,663623,R,43.6,Longshot,Watch List,"Projected Lineup, Platoon Edge",35.0,62.2,28.2,40.2,80.0,0.0,No,No,9,Yes,Yes,RotoWire projected lineup; MLB probable pitchers,lineup projected / unconfirmed,H:2026/2025 P:2026/2025,,,Direct BvP not yet weighted; 2026/2025 Statcast baseline active,7,2,18,0,"Last 7 games: 2/18, 0 HR","platoon edge; pitcher baseline 11.4% barrel, 21.2 HR allowed",neutral batted-ball profile; pitcher fly-ball pressure modest,7.31,43.3,90.73,99.8953,0.3819,0.1463,0.315,71.31,8.16,45.27,30.7,11.4,0.1553,11.44,45.49,89.49,0.4679,0.2141,29.16,,,Nationals Park,
129,683737,Michael Busch,CHC,MIL,2026-09-01T23:40:00Z,Scheduled,6,Robert Gasser,688107,L,43.6,Longshot,Watch List,"Projected Lineup, Strong Barrel",45.0,36.0,29.8,71.7,50.0,21.8,No,No,6,Yes,Yes,RotoWire projected lineup; MLB probable pitchers,lineup projected / unconfirmed,H:2026/2025 P:2026/2025,,,Direct BvP not yet weighted; 2026/2025 Statcast baseline active,7,4,28,1,"Last 7 games: 4/28, 1 HR","same-side matchup; pitcher baseline 7.6% barrel, 9.4 HR allowed",fly-ball profile; pitcher fly-ball pressure modest,11.64,42.12,89.47,99.7206,0.4444,0.2048,0.3444,68.97,5.85,39.72,35.18,22.1,0.185,7.6,36.84,88.41,0.3953,0.1579,27.03,,,Wrigley Field,
130,683146,Brett Baty,NYM,TB,2026-09-01T22:40:00Z,Scheduled,7,Freddy Peralta,642547,R,43.5,Longshot,Watch List,"Projected Lineup, Strong Barrel, Platoon Edge",41.9,34.8,27.6,59.8,80.0,32.0,No,No,7,Yes,Yes,RotoWire projected lineup; MLB probable pitchers,lineup projected / unconfirmed,H:2026/2025 P:2026/2025,,,Direct BvP not yet weighted; 2026/2025 Statcast baseline active,7,5,15,0,Contact streak: 5/15 over last 7 games,"platoon edge; pitcher baseline 7.1% barrel, 21.7 HR allowed",neutral batted-ball profile; pitcher fly-ball pressure modest,10.38,43.12,90.14,101.6542,0.4038,0.1658,0.3137,75.08,53.65,36.38,25.33,11.0,0.1362,7.06,37.09,87.65,0.375,0.1466,28.34,,,Tropicana Field,
131,668939,Adley Rutschman,BOS,SEA,2026-09-01T22:45:00Z,Scheduled,5,Bryan Woo,693433,R,43.5,Longshot,Watch List,"Projected Lineup, Platoon Edge",32.0,42.3,28.7,81.9,75.0,5.1,No,No,5,Yes,Yes,RotoWire projected lineup; MLB probable pitchers,lineup projected / unconfirmed,H:2026/2025 P:2026/2025,,,Direct BvP not yet weighted; 2026/2025 Statcast baseline active,7,4,26,0,"Last 7 games: 4/26, 0 HR","switch hitter; pitcher baseline 8.0% barrel, 19.7 HR allowed",neutral batted-ball profile; pitcher fly-ball pressure modest,7.01,40.14,88.91,99.3512,0.4163,0.1599,0.3341,70.35,11.86,38.33,28.87,9.0,0.1579,7.98,43.34,89.66,0.387,0.1548,28.62,,,Fenway Park,
132,676724,Jared Young,NYM,TB,2026-09-01T22:40:00Z,Scheduled,6,Freddy Peralta,642547,R,43.3,Longshot,Watch List,"Projected Lineup, Platoon Edge",38.7,34.8,27.6,71.7,80.0,16.6,No,No,6,Yes,Yes,RotoWire projected lineup; MLB probable pitchers,lineup projected / unconfirmed,H:2026/2025 P:2026/2025,,,Direct BvP not yet weighted; 2026/2025 Statcast baseline active,7,6,26,0,"Last 7 games: 6/26, 0 HR","platoon edge; pitcher baseline 7.1% barrel, 21.7 HR allowed",neutral batted-ball profile; pitcher fly-ball pressure modest,9.33,42.73,88.17,100.6766,0.4126,0.1829,0.3065,73.37,33.04,40.07,27.51,6.8,0.2117,7.06,37.09,87.65,0.375,0.1466,28.34,,,Tropicana Field,
133,677950,Alek Thomas,LAD,STL,2026-09-02T02:10:00Z,Scheduled,7,Michael McGreevy,700241,R,43.2,Longshot,Watch List,"Projected Lineup, Platoon Edge",29.5,54.5,27.6,59.8,80.0,13.6,No,No,7,Yes,Yes,RotoWire projected lineup; MLB probable pitchers,lineup projected / unconfirmed,H:2026/2025 P:2026/2025,,,Direct BvP not yet weighted; 2026/2025 Statcast baseline active,7,4,19,0,"Last 7 games: 4/19, 0 HR","platoon edge; pitcher baseline 9.6% barrel, 17.6 HR allowed",neutral batted-ball profile; pitcher fly-ball pressure modest,7.31,39.93,89.53,100.0745,0.3734,0.1384,0.2841,70.26,8.8,30.56,24.93,4.1,0.135,9.64,41.64,90.08,0.4759,0.1963,26.27,,,UNIQLO Field at Dodger Stadium,
134,701807,Carson Benge,NYM,TB,2026-09-01T22:40:00Z,Scheduled,5,Freddy Peralta,642547,R,43.1,Longshot,Watch List,"Projected Lineup, Platoon Edge",33.1,34.8,27.6,81.9,80.0,20.9,No,No,5,Yes,Yes,RotoWire projected lineup; MLB probable pitchers,lineup projected / unconfirmed,H:2026 P:2026/2025,,,Direct BvP not yet weighted; 2026/2025 Statcast baseline active,7,7,27,0,"Last 7 games: 7/27, 0 HR","platoon edge; pitcher baseline 7.1% barrel, 21.7 HR allowed",neutral batted-ball profile; pitcher fly-ball pressure modest,7.4,40.0,88.9,99.8211,0.438,0.158,0.339,71.0,17.4,32.9,27.4,16.0,0.145,7.06,37.09,87.65,0.375,0.1466,28.34,,,Tropicana Field,
135,803011,Sam Antonacci,CWS,HOU,2026-09-02T00:10:00Z,Scheduled,1,Ronel Blanco,669854,R,43.1,Longshot,Watch List,"Projected Lineup, Premium Lineup Spot, Platoon Edge",18.5,50.2,27.6,88.7,80.0,24.0,No,No,1,Yes,Yes,RotoWire projected lineup; MLB probable pitchers,lineup projected / unconfirmed,H:2026 P:2026/2025,,,Direct BvP not yet weighted; 2026/2025 Statcast baseline active,7,7,25,0,"Last 7 games: 7/25, 0 HR","platoon edge; pitcher baseline 10.8% barrel, 7.0 HR allowed",neutral batted-ball profile; pitcher allows elevated contact,5.2,32.6,87.3,97.5553,0.39,0.117,0.341,69.9,8.2,32.8,21.9,8.0,0.125,10.78,34.91,88.14,0.4345,0.2026,38.47,,,Daikin Park,
136,607208,Trea Turner,PHI,AZ,2026-09-02T01:40:00Z,Scheduled,2,Eduardo Rodriguez,593958,L,43.0,Longshot,Watch List,"Projected Lineup, Premium Lineup Spot, Platoon Edge",26.5,38.6,28.2,95.5,78.0,7.9,No,No,2,Yes,Yes,RotoWire projected lineup; MLB probable pitchers,lineup projected / unconfirmed,H:2026/2025 P:2026/2025,,,Direct BvP not yet weighted; 2026/2025 Statcast baseline active,7,5,29,0,"Last 7 games: 5/29, 0 HR","platoon edge; pitcher baseline 7.9% barrel, 17.3 HR allowed",neutral batted-ball profile; pitcher fly-ball pressure modest,6.08,39.93,88.6,99.2618,0.3778,0.1267,0.3014,71.45,18.93,35.24,25.27,16.4,0.1425,7.92,34.29,87.64,0.4265,0.1678,27.19,,,Chase Field,
137,694249,Cole Carrigg,COL,BAL,2026-09-02T00:40:00Z,Scheduled,3,Kyle Bradish,680694,R,42.9,Longshot,Watch List,"Projected Lineup, Premium Lineup Spot, Platoon Edge",23.6,35.5,38.7,92.1,75.0,23.4,No,No,3,Yes,Yes,RotoWire projected lineup; MLB probable pitchers,lineup projected / unconfirmed,H:2026 P:2026/2025,,,Direct BvP not yet weighted; 2026/2025 Statcast baseline active,7,4,26,1,"Last 7 games: 4/26, 1 HR","switch hitter; pitcher baseline 8.3% barrel, 12.1 HR allowed",neutral batted-ball profile; pitcher fly-ball pressure modest,5.1,34.6,87.3,98.536,0.387,0.134,0.321,73.4,36.5,47.5,27.9,6.0,0.179,8.31,38.27,88.75,0.3788,0.1443,23.36,,,Coors Field,
138,805999,A.J. Ewing,NYM,TB,2026-09-01T22:40:00Z,Scheduled,1,Freddy Peralta,642547,R,42.7,Longshot,Watch List,"Projected Lineup, Premium Lineup Spot, Platoon Edge",30.4,34.8,27.6,88.7,80.0,9.8,No,No,1,Yes,Yes,RotoWire projected lineup; MLB probable pitchers,lineup projected / unconfirmed,H:2026 P:2026/2025,,,Direct BvP not yet weighted; 2026/2025 Statcast baseline active,7,5,27,0,"Last 7 games: 5/27, 0 HR","platoon edge; pitcher baseline 7.1% barrel, 21.7 HR allowed",neutral batted-ball profile; pitcher fly-ball pressure modest,7.1,42.1,89.3,100.1976,0.391,0.139,0.315,70.4,12.1,31.1,24.8,7.0,0.114,7.06,37.09,87.65,0.375,0.1466,28.34,,,Tropicana Field,
139,664761,Alec Bohm,PHI,AZ,2026-09-02T01:40:00Z,Scheduled,5,Eduardo Rodriguez,593958,L,42.7,Longshot,Watch List,"Projected Lineup, Platoon Edge",31.4,38.6,28.2,81.9,78.0,7.0,No,No,5,Yes,Yes,RotoWire projected lineup; MLB probable pitchers,lineup projected / unconfirmed,H:2026/2025 P:2026/2025,,,Direct BvP not yet weighted; 2026/2025 Statcast baseline active,7,4,24,0,"Last 7 games: 4/24, 0 HR","platoon edge; pitcher baseline 7.9% barrel, 17.3 HR allowed",neutral batted-ball profile; pitcher fly-ball pressure modest,5.78,43.6,90.52,100.2734,0.4067,0.1425,0.3205,71.21,14.56,28.63,22.65,13.1,0.1318,7.92,34.29,87.64,0.4265,0.1678,27.19,,,Chase Field,
140,666139,Josh Lowe,LAA,NYY,2026-09-02T01:38:00Z,Scheduled,6,Gerrit Cole,543037,R,42.6,Longshot,Watch List,"Projected Lineup, Platoon Edge",31.4,39.9,28.2,71.7,80.0,23.7,No,No,6,Yes,Yes,RotoWire projected lineup; MLB probable pitchers,lineup projected / unconfirmed,H:2026/2025 P:2026,,,Direct BvP not yet weighted; 2026/2025 Statcast baseline active,7,5,18,0,"Last 7 games: 5/18, 0 HR","platoon edge; pitcher baseline 7.9% barrel, 13.0 HR allowed",neutral batted-ball profile; pitcher fly-ball pressure modest,7.16,37.78,88.67,99.2127,0.3742,0.1527,0.2896,73.38,34.54,36.48,31.22,10.3,0.1446,7.9,42.3,90.2,0.363,0.129,28.7,,,Angel Stadium,
141,676356,Jonny DeLuca,TB,NYM,2026-09-01T22:40:00Z,Scheduled,4,Sean Manaea,640455,L,42.5,Longshot,Watch List,"Projected Lineup, Premium Lineup Spot, Platoon Edge",11.2,54.4,27.6,90.4,78.0,39.2,No,No,4,Yes,Yes,RotoWire projected lineup; MLB probable pitchers,lineup projected / unconfirmed,H:2026/2025 P:2026/2025,,,Direct BvP not yet weighted; 2026/2025 Statcast baseline active,7,7,27,1,"Last 7 games: 7/27, 1 HR","platoon edge; pitcher baseline 10.5% barrel, 17.9 HR allowed",neutral batted-ball profile; pitcher fly-ball pressure modest,3.21,30.12,85.67,97.3721,0.3381,0.0956,0.2677,72.82,28.8,45.95,22.41,6.3,0.1552,10.51,42.25,89.45,0.4381,0.189,28.89,,,Tropicana Field,
142,679822,Justin Foscue,TEX,ATH,2026-09-02T00:05:00Z,Scheduled,6,Brady Basso,669620,L,42.4,Longshot,Watch List,"Projected Lineup, Platoon Edge",40.4,20.5,27.6,71.7,78.0,59.6,No,No,6,Yes,Yes,RotoWire projected lineup; MLB probable pitchers,lineup projected / unconfirmed,H:2026/2025 P:2026/2025,,,Direct BvP not yet weighted; 2026/2025 Statcast baseline active,7,6,22,2,Hot streak: 2 HR in last 7 games,"platoon edge; pitcher baseline 4.4% barrel, 2.1 HR allowed",fly-ball profile; pitcher fly-ball pressure modest,7.56,48.57,90.34,99.494,0.3888,0.1733,0.2841,71.1,9.94,47.83,36.56,6.3,0.1873,4.42,37.52,89.1,0.3585,0.0902,24.85,,,Globe Life Field,
143,695731,Braden Montgomery,CWS,HOU,2026-09-02T00:10:00Z,Scheduled,5,Ronel Blanco,669854,R,42.2,Longshot,Watch List,"Projected Lineup, Platoon Edge",23.2,49.5,27.6,81.9,75.0,7.0,No,No,5,Yes,Yes,RotoWire projected lineup; MLB probable pitchers,lineup projected / unconfirmed,H:2026 P:2026/2025,,,Direct BvP not yet weighted; 2026/2025 Statcast baseline active,7,5,30,0,"Last 7 games: 5/30, 0 HR","switch hitter; pitcher baseline 10.8% barrel, 7.0 HR allowed",neutral batted-ball profile; pitcher allows elevated contact,4.2,41.1,89.0,100.0039,0.381,0.131,0.321,69.8,8.6,36.5,19.8,5.0,0.132,10.78,34.91,88.14,0.4345,0.2026,38.47,,,Daikin Park,
144,673357,Luis Robert,BAL,COL,2026-09-02T00:40:00Z,Scheduled,4,Gabriel Hughes,687312,R,42.2,Longshot,Watch List,"Projected Lineup, Premium Lineup Spot",40.3,17.7,38.7,90.4,50.0,34.4,No,No,4,Yes,Yes,RotoWire projected lineup; MLB probable pitchers,lineup projected / unconfirmed,H:2026/2025 P:2026,,,Direct BvP not yet weighted; 2026/2025 Statcast baseline active,7,5,22,1,"Last 7 games: 5/22, 1 HR","same-side matchup; pitcher baseline 4.6% barrel, 5.0 HR allowed",neutral batted-ball profile; pitcher fly-ball pressure modest,9.04,40.55,89.47,101.7524,0.4155,0.1758,0.3189,76.65,67.83,44.83,27.31,11.2,0.1655,4.6,28.9,87.5,0.355,0.121,27.6,,,Coors Field,
145,645277,Ozzie Albies,ATL,WSH,2026-09-01T22:45:00Z,Scheduled,6,Jake Irvin,663623,R,42.0,Longshot,Watch List,"Projected Lineup, Platoon Edge",16.2,60.3,28.2,71.7,75.0,24.0,No,No,6,Yes,Yes,RotoWire projected lineup; MLB probable pitchers,lineup projected / unconfirmed,H:2026/2025 P:2026/2025,,,Direct BvP not yet weighted; 2026/2025 Statcast baseline active,7,7,25,0,"Last 7 games: 7/25, 0 HR","switch hitter; pitcher baseline 11.4% barrel, 21.2 HR allowed",neutral batted-ball profile; pitcher fly-ball pressure modest,4.27,28.6,87.08,96.6428,0.3586,0.124,0.2899,68.86,5.74,46.56,32.04,18.8,0.1488,11.44,45.49,89.49,0.4679,0.2141,29.16,,,Nationals Park,
146,664770,Nathan Lukes,TOR,CLE,2026-09-01T22:40:00Z,Scheduled,7,Gavin Williams,668909,R,41.8,Longshot,Watch List,"Projected Lineup, Platoon Edge, Hot Hitter/Streak",11.1,57.2,27.6,59.8,80.0,94.1,No,No,7,Yes,Yes,RotoWire projected lineup; MLB probable pitchers,lineup projected / unconfirmed,H:2026/2025 P:2026/2025,,,Direct BvP not yet weighted; 2026/2025 Statcast baseline active,7,8,21,3,Hot streak: 3 HR in last 7 games,"platoon edge; pitcher baseline 11.1% barrel, 25.8 HR allowed",neutral batted-ball profile; pitcher fly-ball pressure modest,3.19,30.63,87.2,96.8482,0.3591,0.1029,0.2989,67.3,3.69,33.52,21.37,10.6,0.1331,11.1,46.61,90.33,0.4113,0.181,25.86,,,Progressive Field,
147,686797,Brooks Lee,MIN,DET,2026-09-01T23:40:00Z,Scheduled,2,Troy Melton,675512,R,41.8,Longshot,Watch List,"Projected Lineup, Premium Lineup Spot, Platoon Edge",20.6,33.1,27.1,95.5,75.0,57.4,No,No,2,Yes,Yes,RotoWire projected lineup; MLB probable pitchers,lineup projected / unconfirmed,H:2026/2025 P:2026/2025,,,Direct BvP not yet weighted; 2026/2025 Statcast baseline active,7,8,31,2,Hot streak: 2 HR in last 7 games,"switch hitter; pitcher baseline 6.7% barrel, 9.1 HR allowed",neutral batted-ball profile; pitcher fly-ball pressure modest,4.54,35.14,88.25,97.6699,0.3495,0.1232,0.2771,69.92,8.56,41.92,29.35,20.2,0.1739,6.71,40.59,89.33,0.3689,0.1449,24.91,,,Target Field,
148,683357,Owen Caissie,MIA,KC,2026-09-01T23:40:00Z,Scheduled,7,Randy Dobnak,677976,R,41.8,Longshot,Watch List,"Projected Lineup, Strong Barrel, Platoon Edge",44.8,31.4,23.2,59.8,80.0,8.5,No,No,7,Yes,Yes,RotoWire projected lineup; MLB probable pitchers,lineup projected / unconfirmed,H:2026/2025 P:2026/2025,,,Direct BvP not yet weighted; 2026/2025 Statcast baseline active,7,3,17,0,"Last 7 games: 3/17, 0 HR","platoon edge; pitcher baseline 4.4% barrel, 2.4 HR allowed",neutral batted-ball profile; pitcher fly-ball pressure modest,13.86,37.78,89.89,100.1851,0.3754,0.172,0.2796,74.81,53.74,30.76,29.92,9.4,0.1841,4.41,44.75,91.11,0.4129,0.1268,21.43,,,Kauffman Stadium,
149,695720,Tommy White,ATH,TEX,2026-09-02T00:05:00Z,Scheduled,5,MacKenzie Gore,669022,L,41.8,Longshot,Watch List,"Projected Lineup, Platoon Edge",22.1,46.4,27.6,81.9,78.0,15.3,No,No,5,Yes,Yes,RotoWire projected lineup; MLB probable pitchers,lineup projected / unconfirmed,H:2026 P:2026/2025,,,Direct BvP not yet weighted; 2026/2025 Statcast baseline active,7,6,27,0,"Last 7 games: 6/27, 0 HR","platoon edge; pitcher baseline 9.3% barrel, 18.6 HR allowed",neutral batted-ball profile; pitcher fly-ball pressure modest,8.2,32.0,85.8,97.15,0.399,0.128,0.302,69.3,13.2,27.0,24.6,2.0,0.076,9.34,42.21,89.49,0.3884,0.1502,28.21,,,Globe Life Field,
150,666211,Taylor Trammell,HOU,CWS,2026-09-02T00:10:00Z,Scheduled,8,Sean Burke,680732,R,41.8,Longshot,Watch List,"Projected Lineup, Strong Barrel, Platoon Edge",39.4,44.8,27.6,47.9,80.0,0.0,No,No,8,Yes,Yes,RotoWire projected lineup; MLB probable pitchers,lineup projected / unconfirmed,H:2026/2025 P:2026/2025,,,Direct BvP not yet weighted; 2026/2025 Statcast baseline active,7,1,16,0,"Last 7 games: 1/16, 0 HR","platoon edge; pitcher baseline 8.5% barrel, 19.5 HR allowed",neutral batted-ball profile; pitcher allows elevated contact,10.74,38.41,89.11,100.7678,0.3616,0.169,0.2857,75.79,58.99,45.0,29.53,5.8,0.1479,8.47,39.2,89.32,0.3968,0.1641,30.98,,,Daikin Park,
151,676439,Hunter Feduccia,LAD,STL,2026-09-02T02:10:00Z,Scheduled,9,Michael McGreevy,700241,R,41.7,Longshot,Watch List,"Projected Lineup, Platoon Edge",30.3,54.5,27.6,40.2,80.0,32.0,No,No,9,Yes,Yes,RotoWire projected lineup; MLB probable pitchers,lineup projected / unconfirmed,H:2026/2025 P:2026/2025,,,Direct BvP not yet weighted; 2026/2025 Statcast baseline active,7,5,15,0,Contact streak: 5/15 over last 7 games,"platoon edge; pitcher baseline 9.6% barrel, 17.6 HR allowed",neutral batted-ball profile; pitcher fly-ball pressure modest,8.62,37.63,89.56,99.123,0.3622,0.129,0.3086,70.78,13.05,32.8,27.87,2.1,0.0941,9.64,41.64,90.08,0.4759,0.1963,26.27,,,UNIQLO Field at Dodger Stadium,
152,680664,Eduardo Valencia,DET,MIN,2026-09-01T23:40:00Z,Scheduled,6,Andrew Morris,702193,R,41.6,Longshot,Watch List,"Projected Lineup, Strong Barrel",59.8,12.5,27.1,71.7,50.0,5.7,No,No,6,Yes,Yes,RotoWire projected lineup; MLB probable pitchers,lineup projected / unconfirmed,H:2026 P:2026,,,Direct BvP not yet weighted; 2026/2025 Statcast baseline active,7,3,19,0,"Last 7 games: 3/19, 0 HR","same-side matchup; pitcher baseline 3.1% barrel, 4.0 HR allowed",neutral batted-ball profile; pitcher fly-ball pressure modest,18.9,45.3,88.7,101.4922,0.471,0.242,0.306,73.1,28.4,35.8,24.5,6.0,0.329,3.1,33.0,86.3,0.319,0.093,27.7,,,Target Field,
153,663616,Trevor Larnach,MIN,DET,2026-09-01T23:40:00Z,Scheduled,6,Troy Melton,675512,R,41.5,Longshot,Watch List,"Projected Lineup, Platoon Edge",30.4,34.1,27.1,71.7,80.0,39.5,No,No,6,Yes,Yes,RotoWire projected lineup; MLB probable pitchers,lineup projected / unconfirmed,H:2026/2025 P:2026/2025,,,Direct BvP not yet weighted; 2026/2025 Statcast baseline active,7,6,23,1,"Last 7 games: 6/23, 1 HR","platoon edge; pitcher baseline 6.7% barrel, 9.1 HR allowed",neutral batted-ball profile; pitcher fly-ball pressure modest,7.34,39.75,88.59,99.7794,0.4023,0.1432,0.3271,72.1,22.34,42.76,24.19,12.8,0.1568,6.71,40.59,89.33,0.3689,0.1449,24.91,,,Target Field,
154,681297,Colton Cowser,BAL,COL,2026-09-02T00:40:00Z,Scheduled,9,Gabriel Hughes,687312,R,41.5,Longshot,Watch List,"Projected Lineup, Strong Barrel, Platoon Edge",46.6,17.7,38.7,40.2,80.0,64.3,No,No,9,Yes,Yes,RotoWire projected lineup; MLB probable pitchers,lineup projected / unconfirmed,H:2026/2025 P:2026,,,Direct BvP not yet weighted; 2026/2025 Statcast baseline active,7,7,23,2,Hot streak: 2 HR in last 7 games,"platoon edge; pitcher baseline 4.6% barrel, 5.0 HR allowed",neutral batted-ball profile; pitcher fly-ball pressure modest,11.86,42.22,88.87,100.971,0.4208,0.2044,0.3161,74.44,44.78,38.31,33.27,13.9,0.1666,4.6,28.9,87.5,0.355,0.121,27.6,,,Coors Field,
155,665877,Jose Fermin,STL,LAD,2026-09-02T02:10:00Z,Scheduled,1,Eric Lauer,641778,L,41.4,Longshot,Watch List,"Projected Lineup, Premium Lineup Spot, Platoon Edge",10.2,54.7,27.6,88.7,78.0,27.1,No,No,1,Yes,Yes,RotoWire projected lineup; MLB probable pitchers,lineup projected / unconfirmed,H:2026/2025 P:2026/2025,,,Direct BvP not yet weighted; 2026/2025 Statcast baseline active,7,5,28,1,"Last 7 games: 5/28, 1 HR","platoon edge; pitcher baseline 10.1% barrel, 21.3 HR allowed",neutral batted-ball profile; pitcher allows elevated contact,1.75,30.87,86.54,96.5608,0.3481,0.092,0.3054,68.14,3.16,48.25,25.01,4.5,0.1214,10.06,37.35,89.13,0.4498,0.2028,36.9,,,UNIQLO Field at Dodger Stadium,
156,681393,Connor Norby,COL,BAL,2026-09-02T00:40:00Z,Scheduled,6,Kyle Bradish,680694,R,41.2,Longshot,Watch List,Projected Lineup,29.3,36.8,38.7,71.7,50.0,46.5,No,No,6,Yes,Yes,RotoWire projected lineup; MLB probable pitchers,lineup projected / unconfirmed,H:2026/2025 P:2026/2025,,,Direct BvP not yet weighted; 2026/2025 Statcast baseline active,7,8,26,1,"Last 7 games: 8/26, 1 HR","same-side matchup; pitcher baseline 8.3% barrel, 12.1 HR allowed",neutral batted-ball profile; pitcher fly-ball pressure modest,7.79,37.8,87.67,98.2851,0.3666,0.1487,0.3014,70.14,7.57,41.19,34.23,6.6,0.1366,8.31,38.27,88.75,0.3788,0.1443,23.36,,,Coors Field,
157,687093,Vaughn Grissom,LAA,NYY,2026-09-02T01:38:00Z,Scheduled,5,Gerrit Cole,543037,R,41.2,Longshot,Watch List,Projected Lineup,25.9,39.9,28.2,81.9,50.0,57.6,No,No,5,Yes,Yes,RotoWire projected lineup; MLB probable pitchers,lineup projected / unconfirmed,H:2026 P:2026,,,Direct BvP not yet weighted; 2026/2025 Statcast baseline active,7,7,27,2,Hot streak: 2 HR in last 7 games,"same-side matchup; pitcher baseline 7.9% barrel, 13.0 HR allowed",neutral batted-ball profile; pitcher fly-ball pressure modest,6.7,37.3,87.8,99.0127,0.38,0.134,0.309,71.3,18.3,40.7,25.4,9.0,0.137,7.9,42.3,90.2,0.363,0.129,28.7,,,Angel Stadium,
158,691723,Coby Mayo,BAL,COL,2026-09-02T00:40:00Z,Scheduled,8,Gabriel Hughes,687312,R,41.1,Longshot,Watch List,"Projected Lineup, Strong Barrel",51.1,17.7,38.7,47.9,50.0,59.1,No,No,8,Yes,Yes,RotoWire projected lineup; MLB probable pitchers,lineup projected / unconfirmed,H:2026/2025 P:2026,,,Direct BvP not yet weighted; 2026/2025 Statcast baseline active,7,7,26,2,Hot streak: 2 HR in last 7 games,"same-side matchup; pitcher baseline 4.6% barrel, 5.0 HR allowed",neutral batted-ball profile; pitcher fly-ball pressure modest,12.2,45.17,90.52,102.7596,0.4218,0.2027,0.3094,75.4,54.74,49.27,34.04,16.6,0.2116,4.6,28.9,87.5,0.355,0.121,27.6,,,Coors Field,
159,682626,Francisco Alvarez,NYM,TB,2026-09-01T22:40:00Z,Scheduled,9,Freddy Peralta,642547,R,40.8,Longshot,Watch List,"Projected Lineup, Strong Barrel",53.2,34.8,27.6,40.2,50.0,12.0,No,No,9,Yes,Yes,RotoWire projected lineup; MLB probable pitchers,lineup projected / unconfirmed,H:2026/2025 P:2026/2025,,,Direct BvP not yet weighted; 2026/2025 Statcast baseline active,7,4,20,0,"Last 7 games: 4/20, 0 HR","same-side matchup; pitcher baseline 7.1% barrel, 21.7 HR allowed",neutral batted-ball profile; pitcher fly-ball pressure modest,14.62,47.16,90.86,102.6214,0.4272,0.1989,0.3239,74.11,42.04,38.38,24.96,12.4,0.1728,7.06,37.09,87.65,0.375,0.1466,28.34,,,Tropicana Field,
160,673237,Yainer Diaz,HOU,CWS,2026-09-02T00:10:00Z,Scheduled,7,Sean Burke,680732,R,40.8,Longshot,Watch List,"Projected Lineup, Hot Hitter/Streak",28.8,44.8,27.6,59.8,50.0,71.2,No,No,7,Yes,Yes,RotoWire projected lineup; MLB probable pitchers,lineup projected / unconfirmed,H:2026/2025 P:2026/2025,,,Direct BvP not yet weighted; 2026/2025 Statcast baseline active,7,7,20,2,Hot streak: 2 HR in last 7 games,"same-side matchup; pitcher baseline 8.5% barrel, 19.5 HR allowed",neutral batted-ball profile; pitcher allows elevated contact,6.73,37.58,88.57,99.5528,0.416,0.1508,0.3092,72.41,21.67,37.19,19.45,13.0,0.1582,8.47,39.2,89.32,0.3968,0.1641,30.98,,,Daikin Park,
161,664983,Jake McCarthy,COL,BAL,2026-09-02T00:40:00Z,Scheduled,1,Kyle Bradish,680694,R,40.8,Longshot,Watch List,"Projected Lineup, Premium Lineup Spot, Platoon Edge",14.7,36.8,38.7,88.7,80.0,34.2,No,No,1,Yes,Yes,RotoWire projected lineup; MLB probable pitchers,lineup projected / unconfirmed,H:2026/2025 P:2026/2025,,,Direct BvP not yet weighted; 2026/2025 Statcast baseline active,7,7,31,1,"Last 7 games: 7/31, 1 HR","platoon edge; pitcher baseline 8.3% barrel, 12.1 HR allowed",neutral batted-ball profile; pitcher fly-ball pressure modest,5.16,27.39,84.91,96.7042,0.3943,0.1301,0.3091,70.82,12.35,38.15,20.96,11.0,0.1725,8.31,38.27,88.75,0.3788,0.1443,23.36,,,Coors Field,
162,592663,J.T. Realmuto,PHI,AZ,2026-09-02T01:40:00Z,Scheduled,8,Eduardo Rodriguez,593958,L,40.8,Longshot,Watch List,"Projected Lineup, Platoon Edge",31.9,38.6,28.2,47.9,78.0,62.4,No,No,8,Yes,Yes,RotoWire projected lineup; MLB probable pitchers,lineup projected / unconfirmed,H:2026/2025 P:2026/2025,,,Direct BvP not yet weighted; 2026/2025 Statcast baseline active,7,7,24,2,Hot streak: 2 HR in last 7 games,"platoon edge; pitcher baseline 7.9% barrel, 17.3 HR allowed",neutral batted-ball profile; pitcher fly-ball pressure modest,6.07,42.42,90.0,100.2477,0.4005,0.1412,0.323,72.77,31.1,42.51,25.52,10.6,0.1347,7.92,34.29,87.64,0.4265,0.1678,27.19,,,Chase Field,
163,666182,Bo Bichette,NYM,TB,2026-09-01T22:40:00Z,Scheduled,4,Freddy Peralta,642547,R,40.7,Longshot,Watch List,"Projected Lineup, Premium Lineup Spot",32.7,34.8,27.6,90.4,50.0,6.0,No,No,4,Yes,Yes,RotoWire projected lineup; MLB probable pitchers,lineup projected / unconfirmed,H:2026/2025 P:2026/2025,,,Direct BvP not yet weighted; 2026/2025 Statcast baseline active,7,4,25,0,"Last 7 games: 4/25, 0 HR","same-side matchup; pitcher baseline 7.1% barrel, 21.7 HR allowed",neutral batted-ball profile; pitcher fly-ball pressure modest,6.71,43.9,90.09,101.0652,0.4303,0.1482,0.332,69.66,13.16,26.0,23.16,15.2,0.1405,7.06,37.09,87.65,0.375,0.1466,28.34,,,Tropicana Field,
164,643289,Mauricio Dubon,ATL,WSH,2026-09-01T22:45:00Z,Scheduled,4,Jake Irvin,663623,R,40.7,Longshot,Watch List,"Projected Lineup, Premium Lineup Spot",10.2,62.2,28.2,90.4,50.0,20.9,No,No,4,Yes,Yes,RotoWire projected lineup; MLB probable pitchers,lineup projected / unconfirmed,H:2026/2025 P:2026/2025,,,Direct BvP not yet weighted; 2026/2025 Statcast baseline active,7,7,27,0,"Last 7 games: 7/27, 0 HR","same-side matchup; pitcher baseline 11.4% barrel, 21.2 HR allowed",neutral batted-ball profile; pitcher fly-ball pressure modest,3.02,28.82,85.97,96.2725,0.3632,0.1008,0.2976,68.8,3.68,31.4,25.58,9.1,0.1182,11.44,45.49,89.49,0.4679,0.2141,29.16,,,Nationals Park,
165,660688,Keibert Ruiz,WSH,ATL,2026-09-01T22:45:00Z,Scheduled,6,AJ Smith-Shawver,700363,R,40.6,Longshot,Watch List,"Projected Lineup, Platoon Edge, Hot Hitter/Streak",15.7,43.5,28.2,71.7,75.0,78.7,No,No,6,Yes,Yes,RotoWire projected lineup; MLB probable pitchers,lineup projected / unconfirmed,H:2026/2025 P:2026/2025,,,Direct BvP not yet weighted; 2026/2025 Statcast baseline active,7,10,25,2,Hot streak: 2 HR in last 7 games,"switch hitter; pitcher baseline 8.5% barrel, 1.9 HR allowed",neutral batted-ball profile; pitcher fly-ball pressure modest,3.95,34.75,87.6,97.5184,0.358,0.1073,0.2842,67.22,0.93,55.24,26.21,6.9,0.1403,8.47,41.7,89.65,0.4365,0.1646,29.38,,,Nationals Park,
166,672640,Otto Lopez,MIA,KC,2026-09-01T23:40:00Z,Scheduled,4,Randy Dobnak,677976,R,40.4,Longshot,Watch List,"Projected Lineup, Premium Lineup Spot",30.4,31.4,23.2,90.4,50.0,43.9,No,No,4,Yes,Yes,RotoWire projected lineup; MLB probable pitchers,lineup projected / unconfirmed,H:2026/2025 P:2026/2025,,,Direct BvP not yet weighted; 2026/2025 Statcast baseline active,7,9,31,1,"Last 7 games: 9/31, 1 HR","same-side matchup; pitcher baseline 4.4% barrel, 2.4 HR allowed",neutral batted-ball profile; pitcher fly-ball pressure modest,6.61,40.12,88.92,100.1887,0.427,0.1482,0.3265,71.7,22.67,32.93,22.43,11.5,0.1339,4.41,44.75,91.11,0.4129,0.1268,21.43,,,Kauffman Stadium,
167,806367,Turner Hill,SF,PIT,2026-09-01T22:40:00Z,Scheduled,5,Paul Skenes,694973,R,40.3,Longshot,Watch List,"Projected Lineup, Platoon Edge",29.1,29.6,24.3,81.9,80.0,24.9,No,No,5,Yes,Yes,RotoWire projected lineup; MLB probable pitchers,lineup projected / unconfirmed,H:2026 P:2026/2025,,,Direct BvP not yet weighted; 2026/2025 Statcast baseline active,7,6,21,0,"Last 7 games: 6/21, 0 HR","platoon edge; pitcher baseline 6.8% barrel, 13.1 HR allowed",neutral batted-ball profile; pitcher fly-ball pressure modest,7.1,39.3,88.6,98.4539,0.426,0.159,0.352,66.1,0.0,53.6,28.6,0.0,0.129,6.85,39.4,88.16,0.3343,0.1253,23.43,,,PNC Park,
168,806146,George Lombard,NYY,LAA,2026-09-02T01:38:00Z,Scheduled,5,Grayson Rodriguez,680570,R,40.3,Longshot,Watch List,Projected Lineup,20.6,52.7,28.2,81.9,50.0,13.3,No,No,5,Yes,Yes,RotoWire projected lineup; MLB probable pitchers,lineup projected / unconfirmed,H:2026 P:2026,,,Direct BvP not yet weighted; 2026/2025 Statcast baseline active,7,5,24,0,"Last 7 games: 5/24, 0 HR","same-side matchup; pitcher baseline 9.1% barrel, 10.0 HR allowed",neutral batted-ball profile; pitcher fly-ball pressure modest,7.3,35.7,85.9,97.8328,0.354,0.109,0.295,71.9,18.2,33.9,21.4,2.0,0.114,9.1,45.0,90.6,0.461,0.189,27.3,,,Angel Stadium,
169,678882,Ceddanne Rafaela,BOS,SEA,2026-09-01T22:45:00Z,Scheduled,3,Bryan Woo,693433,R,40.2,Longshot,Watch List,"Projected Lineup, Premium Lineup Spot",21.8,44.4,28.7,92.1,50.0,12.0,No,No,3,Yes,Yes,RotoWire projected lineup; MLB probable pitchers,lineup projected / unconfirmed,H:2026/2025 P:2026/2025,,,Direct BvP not yet weighted; 2026/2025 Statcast baseline active,7,6,30,0,"Last 7 games: 6/30, 0 HR","same-side matchup; pitcher baseline 8.0% barrel, 19.7 HR allowed",neutral batted-ball profile; pitcher fly-ball pressure modest,6.47,33.8,86.9,97.6786,0.3747,0.1292,0.2889,70.02,8.76,34.94,26.07,16.0,0.1643,7.98,43.34,89.66,0.387,0.1548,28.62,,,Fenway Park,
170,703520,Brett Bateman,TOR,CLE,2026-09-01T22:40:00Z,Scheduled,1,Gavin Williams,668909,R,40.0,Longshot,Watch List,"Projected Lineup, Premium Lineup Spot, Platoon Edge",1.3,57.2,27.6,88.7,80.0,42.0,No,No,1,Yes,Yes,RotoWire projected lineup; MLB probable pitchers,lineup projected / unconfirmed,H:2026 P:2026/2025,,,Direct BvP not yet weighted; 2026/2025 Statcast baseline active,7,10,25,0,Contact streak: 10/25 over last 7 games,"platoon edge; pitcher baseline 11.1% barrel, 25.8 HR allowed",neutral batted-ball profile; pitcher fly-ball pressure modest,0.0,17.7,83.0,93.743,0.29,0.051,0.273,68.2,2.6,29.0,8.1,0.0,0.077,11.1,46.61,90.33,0.4113,0.181,25.86,,,Progressive Field,
171,647304,Josh Naylor,SEA,BOS,2026-09-01T22:45:00Z,Scheduled,5,,,,40.0,Longshot,Watch List,Projected Lineup,23.0,41.2,28.7,81.9,60.0,26.4,No,No,5,Yes,Yes,RotoWire projected lineup; MLB probable pitchers,lineup projected / unconfirmed,H:2026/2025 P:,,,Direct BvP not yet weighted; 2026/2025 Statcast baseline active,7,8,27,0,"Last 7 games: 8/27, 0 HR","handedness incomplete; pitcher baseline 0.0% barrel, 0.0 HR allowed",neutral batted-ball profile; pitcher fly-ball pressure modest,5.16,37.91,87.87,99.095,0.3984,0.1296,0.3194,70.41,11.75,42.06,22.43,13.0,0.118,,,,,,,,,Fenway Park,
172,672275,Patrick Bailey,CLE,TOR,2026-09-01T22:40:00Z,Scheduled,8,Spencer Arrighetti,681293,R,39.8,Longshot,Watch List,"Projected Lineup, Platoon Edge",30.9,36.8,27.6,47.9,75.0,63.3,No,No,8,Yes,Yes,RotoWire projected lineup; MLB probable pitchers,lineup projected / unconfirmed,H:2026/2025 P:2026/2025,,,Direct BvP not yet weighted; 2026/2025 Statcast baseline active,7,7,16,1,Contact streak: 7/16 over last 7 games,"switch hitter; pitcher baseline 8.4% barrel, 11.6 HR allowed",neutral batted-ball profile; pitcher fly-ball pressure modest,6.51,40.04,89.81,99.5935,0.3757,0.1454,0.2934,72.55,27.6,33.9,26.62,6.7,0.1128,8.38,35.23,87.7,0.4071,0.1644,28.51,,,Progressive Field,
173,670770,TJ Friedl,CIN,SD,2026-09-01T22:40:00Z,Scheduled,8,Randy Vásquez,681190,R,39.6,Longshot,Watch List,"Projected Lineup, Platoon Edge",9.7,59.4,39.3,47.9,80.0,46.5,No,No,8,Yes,Yes,RotoWire projected lineup; MLB probable pitchers,lineup projected / unconfirmed,H:2026/2025 P:2026/2025,,,Direct BvP not yet weighted; 2026/2025 Statcast baseline active,7,4,13,1,"Last 7 games: 4/13, 1 HR","platoon edge; pitcher baseline 10.4% barrel, 15.3 HR allowed",neutral batted-ball profile; pitcher fly-ball pressure modest,2.91,29.02,87.38,97.1522,0.2785,0.0809,0.2608,70.74,10.03,40.3,24.68,7.0,0.0974,10.41,42.52,90.64,0.4929,0.2112,27.9,,,Great American Ball Park,
174,671976,Tristan Peters,CWS,HOU,2026-09-02T00:10:00Z,Scheduled,8,Ronel Blanco,669854,R,39.6,Longshot,Watch List,"Projected Lineup, Platoon Edge, Hot Hitter/Streak",14.3,50.2,27.6,47.9,80.0,95.7,No,No,8,Yes,Yes,RotoWire projected lineup; MLB probable pitchers,lineup projected / unconfirmed,H:2026/2025 P:2026/2025,,,Direct BvP not yet weighted; 2026/2025 Statcast baseline active,7,9,23,3,Hot streak: 3 HR in last 7 games,"platoon edge; pitcher baseline 10.8% barrel, 7.0 HR allowed",neutral batted-ball profile; pitcher allows elevated contact,3.99,34.96,87.22,98.0643,0.3292,0.1057,0.2649,69.23,5.6,41.7,19.39,8.4,0.1309,10.78,34.91,88.14,0.4345,0.2026,38.47,,,Daikin Park,
175,656537,Derek Hill,PHI,AZ,2026-09-02T01:40:00Z,Scheduled,9,Eduardo Rodriguez,593958,L,39.5,Longshot,Watch List,"Projected Lineup, Strong Barrel, Platoon Edge",35.6,38.6,28.2,40.2,78.0,32.0,No,No,9,Yes,Yes,RotoWire projected lineup; MLB probable pitchers,lineup projected / unconfirmed,H:2026/2025 P:2026/2025,,,Direct BvP not yet weighted; 2026/2025 Statcast baseline active,7,3,9,0,Contact streak: 3/9 over last 7 games,"platoon edge; pitcher baseline 7.9% barrel, 17.3 HR allowed",neutral batted-ball profile; pitcher fly-ball pressure modest,10.22,38.34,89.59,99.8561,0.3831,0.1577,0.2915,71.97,20.01,35.49,23.62,7.2,0.1589,7.92,34.29,87.64,0.4265,0.1678,27.19,,,Chase Field,
176,669720,Austin Hays,SD,CIN,2026-09-01T22:40:00Z,Scheduled,8,Nick Lodolo,666157,L,39.4,Longshot,Watch List,"Projected Lineup, Platoon Edge",22.0,50.6,39.3,47.9,78.0,8.5,No,No,8,Yes,Yes,RotoWire projected lineup; MLB probable pitchers,lineup projected / unconfirmed,H:2026/2025 P:2026/2025,,,Direct BvP not yet weighted; 2026/2025 Statcast baseline active,7,3,17,0,"Last 7 games: 3/17, 0 HR","platoon edge; pitcher baseline 9.3% barrel, 17.1 HR allowed",neutral batted-ball profile; pitcher fly-ball pressure modest,5.88,38.96,86.84,98.6188,0.3659,0.113,0.2839,72.53,24.0,51.13,20.81,5.9,0.1254,9.32,39.73,89.78,0.4639,0.1837,25.98,,,Great American Ball Park,
177,650559,Bryan De La Cruz,PHI,AZ,2026-09-02T01:40:00Z,Scheduled,7,Eduardo Rodriguez,593958,L,39.3,Longshot,Watch List,"Projected Lineup, Platoon Edge",26.6,38.6,28.2,59.8,78.0,32.0,No,No,7,Yes,Yes,RotoWire projected lineup; MLB probable pitchers,lineup projected / unconfirmed,H:2026/2025 P:2026/2025,,,Direct BvP not yet weighted; 2026/2025 Statcast baseline active,7,5,15,0,Contact streak: 5/15 over last 7 games,"platoon edge; pitcher baseline 7.9% barrel, 17.3 HR allowed",neutral batted-ball profile; pitcher fly-ball pressure modest,5.99,44.7,89.61,100.1938,0.3388,0.1154,0.2744,71.34,18.47,36.64,18.12,1.4,0.1312,7.92,34.29,87.64,0.4265,0.1678,27.19,,,Chase Field,
178,694197,Angel Genao,CLE,TOR,2026-09-01T22:40:00Z,Scheduled,6,Spencer Arrighetti,681293,R,39.1,Longshot,Watch List,"Projected Lineup, Platoon Edge",28.1,36.8,27.6,71.7,75.0,0.8,No,No,6,Yes,Yes,RotoWire projected lineup; MLB probable pitchers,lineup projected / unconfirmed,H:2026 P:2026/2025,,,Direct BvP not yet weighted; 2026/2025 Statcast baseline active,7,3,24,0,"Last 7 games: 3/24, 0 HR","switch hitter; pitcher baseline 8.4% barrel, 11.6 HR allowed",neutral batted-ball profile; pitcher fly-ball pressure modest,4.6,52.3,91.0,100.5208,0.332,0.091,0.287,72.3,25.6,38.5,16.9,1.0,0.081,8.38,35.23,87.7,0.4071,0.1644,28.51,,,Progressive Field,
179,668904,Royce Lewis,MIN,DET,2026-09-01T23:40:00Z,Scheduled,7,Troy Melton,675512,R,39.1,Longshot,Watch List,"Projected Lineup, Strong Barrel",40.6,34.1,27.1,59.8,50.0,10.8,No,No,7,Yes,Yes,RotoWire projected lineup; MLB probable pitchers,lineup projected / unconfirmed,H:2026/2025 P:2026/2025,,,Direct BvP not yet weighted; 2026/2025 Statcast baseline active,7,5,26,0,"Last 7 games: 5/26, 0 HR","same-side matchup; pitcher baseline 6.7% barrel, 9.1 HR allowed",neutral batted-ball profile; pitcher fly-ball pressure modest,10.24,40.51,89.8,100.6541,0.4042,0.1628,0.3082,74.72,50.38,47.14,29.8,13.0,0.1594,6.71,40.59,89.33,0.3689,0.1449,24.91,,,Target Field,
180,699393,Pedro Ramirez,CHC,MIL,2026-09-01T23:40:00Z,Scheduled,7,Robert Gasser,688107,L,39.0,Longshot,Watch List,"Projected Lineup, Platoon Edge",23.1,35.0,29.8,59.8,75.0,68.7,No,No,7,Yes,Yes,RotoWire projected lineup; MLB probable pitchers,lineup projected / unconfirmed,H:2026 P:2026/2025,,,Direct BvP not yet weighted; 2026/2025 Statcast baseline active,7,9,27,2,Hot streak: 2 HR in last 7 games,"switch hitter; pitcher baseline 7.6% barrel, 9.4 HR allowed",neutral batted-ball profile; pitcher fly-ball pressure modest,4.3,41.8,89.2,99.6931,0.368,0.103,0.305,72.2,22.2,41.8,21.3,4.0,0.151,7.6,36.84,88.41,0.3953,0.1579,27.03,,,Wrigley Field,
181,701358,Cam Smith,HOU,CWS,2026-09-02T00:10:00Z,Scheduled,9,Sean Burke,680732,R,39.0,Longshot,Watch List,Projected Lineup,41.3,44.8,27.6,40.2,50.0,7.0,No,No,9,Yes,Yes,RotoWire projected lineup; MLB probable pitchers,lineup projected / unconfirmed,H:2026/2025 P:2026/2025,,,Direct BvP not yet weighted; 2026/2025 Statcast baseline active,7,3,18,0,"Last 7 games: 3/18, 0 HR","same-side matchup; pitcher baseline 8.5% barrel, 19.5 HR allowed",neutral batted-ball profile; pitcher allows elevated contact,9.84,43.39,88.88,101.5369,0.4117,0.1725,0.3159,76.74,68.11,37.63,25.21,14.6,0.157,8.47,39.2,89.32,0.3968,0.1641,30.98,,,Daikin Park,
182,685133,Wade Meckler,LAA,NYY,2026-09-02T01:38:00Z,Scheduled,3,Gerrit Cole,543037,R,39.0,Longshot,Watch List,"Projected Lineup, Premium Lineup Spot, Platoon Edge",10.9,39.9,28.2,92.1,80.0,29.7,No,No,3,Yes,Yes,RotoWire projected lineup; MLB probable pitchers,lineup projected / unconfirmed,H:2026 P:2026,,,Direct BvP not yet weighted; 2026/2025 Statcast baseline active,7,7,22,0,"Last 7 games: 7/22, 0 HR","platoon edge; pitcher baseline 7.9% barrel, 13.0 HR allowed",neutral batted-ball profile; pitcher fly-ball pressure modest,3.0,31.9,86.7,96.6132,0.351,0.099,0.307,68.9,2.3,33.7,18.1,3.0,0.093,7.9,42.3,90.2,0.363,0.129,28.7,,,Angel Stadium,
183,514888,Jose Altuve,HOU,CWS,2026-09-02T00:10:00Z,Scheduled,4,Sean Burke,680732,R,38.9,Longshot,Watch List,"Projected Lineup, Premium Lineup Spot",14.2,44.8,27.6,90.4,50.0,43.2,No,No,4,Yes,Yes,RotoWire projected lineup; MLB probable pitchers,lineup projected / unconfirmed,H:2026/2025 P:2026/2025,,,Direct BvP not yet weighted; 2026/2025 Statcast baseline active,7,8,28,1,"Last 7 games: 8/28, 1 HR","same-side matchup; pitcher baseline 8.5% barrel, 19.5 HR allowed",neutral batted-ball profile; pitcher allows elevated contact,5.22,32.23,85.31,97.141,0.3441,0.1176,0.2825,69.14,10.13,45.64,21.95,17.6,0.1574,8.47,39.2,89.32,0.3968,0.1641,30.98,,,Daikin Park,
184,681198,TJ Rumfield,COL,BAL,2026-09-02T00:40:00Z,Scheduled,5,Kyle Bradish,680694,R,38.8,Longshot,Watch List,"Projected Lineup, Platoon Edge",11.3,36.8,38.7,81.9,80.0,34.5,No,No,5,Yes,Yes,RotoWire projected lineup; MLB probable pitchers,lineup projected / unconfirmed,H:2026 P:2026/2025,,,Direct BvP not yet weighted; 2026/2025 Statcast baseline active,7,7,20,0,Contact streak: 7/20 over last 7 games,"platoon edge; pitcher baseline 8.3% barrel, 12.1 HR allowed",neutral batted-ball profile; pitcher fly-ball pressure modest,4.3,27.7,84.1,96.0656,0.374,0.119,0.326,68.6,8.1,41.4,28.2,13.0,0.148,8.31,38.27,88.75,0.3788,0.1443,23.36,,,Coors Field,
185,693307,Dillon Dingler,DET,MIN,2026-09-01T23:40:00Z,Scheduled,4,Andrew Morris,702193,R,38.7,Longshot,Watch List,"Projected Lineup, Premium Lineup Spot",42.9,12.5,27.1,90.4,50.0,7.0,No,No,4,Yes,Yes,RotoWire projected lineup; MLB probable pitchers,lineup projected / unconfirmed,H:2026/2025 P:2026,,,Direct BvP not yet weighted; 2026/2025 Statcast baseline active,7,4,24,0,"Last 7 games: 4/24, 0 HR","same-side matchup; pitcher baseline 3.1% barrel, 4.0 HR allowed",neutral batted-ball profile; pitcher fly-ball pressure modest,9.9,43.32,88.88,100.5786,0.4713,0.1997,0.3483,71.7,15.48,40.59,28.78,22.1,0.1988,3.1,33.0,86.3,0.319,0.093,27.7,,,Target Field,
186,687551,Drew Gilbert,SF,PIT,2026-09-01T22:40:00Z,Scheduled,1,Paul Skenes,694973,R,38.5,Longshot,Watch List,"Projected Lineup, Premium Lineup Spot, Platoon Edge",20.2,29.6,24.3,88.7,80.0,28.5,No,No,1,Yes,Yes,RotoWire projected lineup; MLB probable pitchers,lineup projected / unconfirmed,H:2026/2025 P:2026/2025,,,Direct BvP not yet weighted; 2026/2025 Statcast baseline active,7,3,16,1,"Last 7 games: 3/16, 1 HR","platoon edge; pitcher baseline 6.8% barrel, 13.1 HR allowed",neutral batted-ball profile; pitcher fly-ball pressure modest,5.32,35.73,86.74,98.1806,0.378,0.1321,0.3134,70.52,10.2,41.61,20.53,6.5,0.1509,6.85,39.4,88.16,0.3343,0.1253,23.43,,,PNC Park,
187,687462,Spencer Horwitz,PIT,SF,2026-09-01T22:40:00Z,Scheduled,1,Logan Webb,657277,R,38.5,Longshot,Watch List,"Projected Lineup, Premium Lineup Spot, Platoon Edge",22.7,30.2,24.3,88.7,80.0,10.8,No,No,1,Yes,Yes,RotoWire projected lineup; MLB probable pitchers,lineup projected / unconfirmed,H:2026/2025 P:2026/2025,,,Direct BvP not yet weighted; 2026/2025 Statcast baseline active,7,5,26,0,"Last 7 games: 5/26, 0 HR","platoon edge; pitcher baseline 6.5% barrel, 11.9 HR allowed",neutral batted-ball profile; pitcher fly-ball pressure modest,7.18,32.57,87.05,97.5122,0.3713,0.1388,0.319,68.68,5.53,39.38,27.98,10.3,0.1438,6.48,38.87,88.51,0.3805,0.1282,19.56,,,PNC Park,
188,702616,Jackson Holliday,BAL,COL,2026-09-02T00:40:00Z,Scheduled,1,Gabriel Hughes,687312,R,38.5,Longshot,Watch List,"Projected Lineup, Premium Lineup Spot, Platoon Edge",24.0,17.7,38.7,88.7,80.0,18.2,No,No,1,Yes,Yes,RotoWire projected lineup; MLB probable pitchers,lineup projected / unconfirmed,H:2026/2025 P:2026,,,Direct BvP not yet weighted; 2026/2025 Statcast baseline active,7,7,29,0,"Last 7 games: 7/29, 0 HR","platoon edge; pitcher baseline 4.6% barrel, 5.0 HR allowed",neutral batted-ball profile; pitcher fly-ball pressure modest,6.61,36.04,87.61,98.0968,0.3725,0.1322,0.3067,70.6,7.55,33.59,24.26,9.3,0.1232,4.6,28.9,87.5,0.355,0.121,27.6,,,Coors Field,
189,800325,Luis Lara,MIL,CHC,2026-09-01T23:40:00Z,Scheduled,8,Matthew Boyd,571510,L,38.4,Longshot,Watch List,"Projected Lineup, Platoon Edge",23.9,44.5,29.8,47.9,75.0,37.3,No,No,8,Yes,Yes,RotoWire projected lineup; MLB probable pitchers,lineup projected / unconfirmed,H:2026 P:2026/2025,,,Direct BvP not yet weighted; 2026/2025 Statcast baseline active,7,7,19,0,Contact streak: 7/19 over last 7 games,"switch hitter; pitcher baseline 9.8% barrel, 16.2 HR allowed",neutral batted-ball profile; pitcher fly-ball pressure modest,5.1,43.9,89.5,99.1282,0.367,0.091,0.319,71.4,17.2,28.6,16.3,1.0,0.104,9.77,38.14,88.22,0.4323,0.1741,26.41,,,Wrigley Field,
190,670623,Isaac Paredes,HOU,CWS,2026-09-02T00:10:00Z,Scheduled,3,Sean Burke,680732,R,38.4,Longshot,Watch List,"Projected Lineup, Premium Lineup Spot",17.2,44.8,27.6,92.1,50.0,8.1,No,No,3,Yes,Yes,RotoWire projected lineup; MLB probable pitchers,lineup projected / unconfirmed,H:2026/2025 P:2026/2025,,,Direct BvP not yet weighted; 2026/2025 Statcast baseline active,7,4,23,0,"Last 7 games: 4/23, 0 HR","same-side matchup; pitcher baseline 8.5% barrel, 19.5 HR allowed",neutral batted-ball profile; pitcher allows elevated contact,5.39,29.68,86.35,96.8588,0.3709,0.1285,0.3221,67.67,7.43,51.72,30.8,17.9,0.1739,8.47,39.2,89.32,0.3968,0.1641,30.98,,,Daikin Park,
191,805808,Kevin McGonigle,DET,MIN,2026-09-01T23:40:00Z,Scheduled,3,Andrew Morris,702193,R,38.3,Longshot,Watch List,"Projected Lineup, Premium Lineup Spot, Platoon Edge",33.7,12.5,27.1,92.1,80.0,0.0,No,No,3,Yes,Yes,RotoWire projected lineup; MLB probable pitchers,lineup projected / unconfirmed,H:2026 P:2026,,,Direct BvP not yet weighted; 2026/2025 Statcast baseline active,7,3,27,0,"Last 7 games: 3/27, 0 HR","platoon edge; pitcher baseline 3.1% barrel, 4.0 HR allowed",fly-ball profile; pitcher fly-ball pressure modest,7.3,36.8,88.2,98.2716,0.435,0.174,0.352,71.2,16.1,37.1,36.4,14.0,0.142,3.1,33.0,86.3,0.319,0.093,27.7,,,Target Field,
192,702284,Cole Young,SEA,BOS,2026-09-01T22:45:00Z,Scheduled,6,,,,38.2,Longshot,Watch List,Projected Lineup,23.1,41.2,28.7,71.7,60.0,18.3,No,No,6,Yes,Yes,RotoWire projected lineup; MLB probable pitchers,lineup projected / unconfirmed,H:2026/2025 P:,,,Direct BvP not yet weighted; 2026/2025 Statcast baseline active,7,2,25,1,"Last 7 games: 2/25, 1 HR","handedness incomplete; pitcher baseline 0.0% barrel, 0.0 HR allowed",neutral batted-ball profile; pitcher fly-ball pressure modest,4.97,35.72,88.16,98.8315,0.3802,0.1296,0.3096,71.44,21.51,42.19,26.66,12.4,0.1269,,,,,,,,,Fenway Park,
193,695681,Christian Moore,LAA,NYY,2026-09-02T01:38:00Z,Scheduled,7,Gerrit Cole,543037,R,38.2,Longshot,Watch List,"Projected Lineup, Strong Barrel",30.4,39.9,28.2,59.8,50.0,30.3,No,No,7,Yes,Yes,RotoWire projected lineup; MLB probable pitchers,lineup projected / unconfirmed,H:2026/2025 P:2026,,,Direct BvP not yet weighted; 2026/2025 Statcast baseline active,7,5,25,1,"Last 7 games: 5/25, 1 HR","same-side matchup; pitcher baseline 7.9% barrel, 13.0 HR allowed",neutral batted-ball profile; pitcher fly-ball pressure modest,11.73,34.2,88.34,98.9393,0.3093,0.1175,0.2652,72.98,29.0,26.64,26.03,2.8,0.1097,7.9,42.3,90.2,0.363,0.129,28.7,,,Angel Stadium,
194,643446,Jeff McNeil,ATH,TEX,2026-09-02T00:05:00Z,Scheduled,3,MacKenzie Gore,669022,L,38.0,Longshot,Watch List,"Projected Lineup, Premium Lineup Spot",12.5,46.4,27.6,92.1,50.0,23.4,No,No,3,Yes,Yes,RotoWire projected lineup; MLB probable pitchers,lineup projected / unconfirmed,H:2026/2025 P:2026/2025,,,Direct BvP not yet weighted; 2026/2025 Statcast baseline active,7,8,29,0,"Last 7 games: 8/29, 0 HR","same-side matchup; pitcher baseline 9.3% barrel, 18.6 HR allowed",neutral batted-ball profile; pitcher fly-ball pressure modest,2.72,31.08,86.78,96.6459,0.3775,0.102,0.3146,69.3,5.79,43.28,23.26,7.8,0.1176,9.34,42.21,89.49,0.3884,0.1502,28.21,,,Globe Life Field,
195,687637,Dylan Beavers,BAL,COL,2026-09-02T00:40:00Z,Scheduled,7,Gabriel Hughes,687312,R,38.0,Longshot,Watch List,"Projected Lineup, Platoon Edge",32.6,17.7,38.7,59.8,80.0,32.0,No,No,7,Yes,Yes,RotoWire projected lineup; MLB probable pitchers,lineup projected / unconfirmed,H:2026/2025 P:2026,,,Direct BvP not yet weighted; 2026/2025 Statcast baseline active,7,7,21,0,Contact streak: 7/21 over last 7 games,"platoon edge; pitcher baseline 4.6% barrel, 5.0 HR allowed",neutral batted-ball profile; pitcher fly-ball pressure modest,8.18,35.98,88.52,99.2832,0.3884,0.1621,0.3188,72.41,21.4,40.39,31.74,5.4,0.1492,4.6,28.9,87.5,0.355,0.121,27.6,,,Coors Field,
196,805805,Walker Jenkins,MIN,DET,2026-09-01T23:40:00Z,Scheduled,9,Troy Melton,675512,R,37.8,Longshot,Watch List,"Projected Lineup, Strong Barrel, Platoon Edge",32.8,34.1,27.1,40.2,80.0,37.8,No,No,9,Yes,Yes,RotoWire projected lineup; MLB probable pitchers,lineup projected / unconfirmed,H:2026 P:2026/2025,,,Direct BvP not yet weighted; 2026/2025 Statcast baseline active,4,3,12,1,"Last 4 games: 3/12, 1 HR","platoon edge; pitcher baseline 6.7% barrel, 9.1 HR allowed",neutral batted-ball profile; pitcher fly-ball pressure modest,12.5,37.5,85.2,97.8083,0.372,0.156,0.294,71.8,23.5,62.5,25.0,0.0,0.111,6.71,40.59,89.33,0.3689,0.1449,24.91,,,Target Field,
197,687401,Joey Ortiz,MIL,CHC,2026-09-01T23:40:00Z,Scheduled,7,Matthew Boyd,571510,L,37.8,Longshot,Watch List,"Projected Lineup, Platoon Edge",16.5,46.2,29.8,59.8,78.0,27.0,No,No,7,Yes,Yes,RotoWire projected lineup; MLB probable pitchers,lineup projected / unconfirmed,H:2026/2025 P:2026/2025,,,Direct BvP not yet weighted; 2026/2025 Statcast baseline active,7,6,20,0,"Last 7 games: 6/20, 0 HR","platoon edge; pitcher baseline 9.8% barrel, 16.2 HR allowed",neutral batted-ball profile; pitcher fly-ball pressure modest,3.98,35.39,87.49,98.9855,0.3375,0.0974,0.2897,72.79,29.17,31.63,20.24,7.0,0.1164,9.77,38.14,88.22,0.4323,0.1741,26.41,,,Wrigley Field,
198,,Ethan Salas,SD,CIN,2026-09-01T22:40:00Z,Scheduled,6,Nick Lodolo,666157,L,37.7,Longshot,Watch List,Projected Lineup,6.4,48.8,39.3,71.7,60.0,50.0,No,No,6,Yes,Yes,RotoWire projected lineup; MLB probable pitchers,lineup projected / unconfirmed,H: P:2026/2025,,,Direct BvP not yet weighted; 2026/2025 Statcast baseline active,,,,,Recent form unavailable,"handedness incomplete; pitcher baseline 9.3% barrel, 17.1 HR allowed",neutral batted-ball profile; pitcher fly-ball pressure modest,,,,,,,,,,,,,,9.32,39.73,89.78,0.4639,0.1837,25.98,,,Great American Ball Park,
199,677649,Ezequiel Duran,TEX,ATH,2026-09-02T00:05:00Z,Scheduled,1,Brady Basso,669620,L,37.7,Longshot,Watch List,"Projected Lineup, Premium Lineup Spot, Platoon Edge",20.6,20.5,27.6,88.7,78.0,48.5,No,No,1,Yes,Yes,RotoWire projected lineup; MLB probable pitchers,lineup projected / unconfirmed,H:2026/2025 P:2026/2025,,,Direct BvP not yet weighted; 2026/2025 Statcast baseline active,7,9,28,1,Contact streak: 9/28 over last 7 games,"platoon edge; pitcher baseline 4.4% barrel, 2.1 HR allowed",neutral batted-ball profile; pitcher fly-ball pressure modest,5.19,35.66,87.82,98.9049,0.3496,0.1153,0.2848,72.27,24.24,35.66,22.14,10.5,0.1446,4.42,37.52,89.1,0.3585,0.0902,24.85,,,Globe Life Field,
200,686765,Nick Sogard,BOS,SEA,2026-09-01T22:45:00Z,Scheduled,6,Bryan Woo,693433,R,37.6,Longshot,Watch List,"Projected Lineup, Platoon Edge",14.2,42.3,28.7,71.7,75.0,32.5,No,No,6,Yes,Yes,RotoWire projected lineup; MLB probable pitchers,lineup projected / unconfirmed,H:2026/2025 P:2026/2025,,,Direct BvP not yet weighted; 2026/2025 Statcast baseline active,7,6,28,1,"Last 7 games: 6/28, 1 HR","switch hitter; pitcher baseline 8.0% barrel, 19.7 HR allowed",neutral batted-ball profile; pitcher fly-ball pressure modest,5.18,30.08,86.07,96.7167,0.3582,0.1107,0.3132,68.71,3.26,45.73,23.81,2.1,0.1225,7.98,43.34,89.66,0.387,0.1548,28.62,,,Fenway Park,
201,691788,Joe Mack,MIA,KC,2026-09-01T23:40:00Z,Scheduled,8,Randy Dobnak,677976,R,37.5,Longshot,Watch List,"Projected Lineup, Platoon Edge",35.0,31.4,23.2,47.9,80.0,19.5,No,No,8,Yes,Yes,RotoWire projected lineup; MLB probable pitchers,lineup projected / unconfirmed,H:2026 P:2026/2025,,,Direct BvP not yet weighted; 2026/2025 Statcast baseline active,7,4,16,0,"Last 7 games: 4/16, 0 HR","platoon edge; pitcher baseline 4.4% barrel, 2.4 HR allowed",neutral batted-ball profile; pitcher fly-ball pressure modest,8.8,39.0,88.2,99.5168,0.395,0.171,0.294,74.3,42.8,48.4,25.3,12.0,0.179,4.41,44.75,91.11,0.4129,0.1268,21.43,,,Kauffman Stadium,
202,805300,Jakob Marsee,MIA,KC,2026-09-01T23:40:00Z,Scheduled,5,Randy Dobnak,677976,R,37.1,Longshot,Watch List,"Projected Lineup, Platoon Edge",19.9,31.4,23.2,81.9,80.0,17.7,No,No,5,Yes,Yes,RotoWire projected lineup; MLB probable pitchers,lineup projected / unconfirmed,H:2026/2025 P:2026/2025,,,Direct BvP not yet weighted; 2026/2025 Statcast baseline active,7,5,21,0,"Last 7 games: 5/21, 0 HR","platoon edge; pitcher baseline 4.4% barrel, 2.4 HR allowed",neutral batted-ball profile; pitcher fly-ball pressure modest,4.81,36.78,87.71,98.5758,0.3531,0.1162,0.3162,70.43,6.0,41.86,23.89,7.1,0.1349,4.41,44.75,91.11,0.4129,0.1268,21.43,,,Kauffman Stadium,
203,683953,Travis Bazzana,CLE,TOR,2026-09-01T22:40:00Z,Scheduled,7,Spencer Arrighetti,681293,R,36.7,Longshot,Watch List,"Projected Lineup, Platoon Edge",19.8,38.1,27.6,59.8,80.0,26.4,No,No,7,Yes,Yes,RotoWire projected lineup; MLB probable pitchers,lineup projected / unconfirmed,H:2026 P:2026/2025,,,Direct BvP not yet weighted; 2026/2025 Statcast baseline active,7,8,27,0,"Last 7 games: 8/27, 0 HR","platoon edge; pitcher baseline 8.4% barrel, 11.6 HR allowed",neutral batted-ball profile; pitcher fly-ball pressure modest,4.5,36.6,87.9,98.4408,0.344,0.119,0.298,69.6,12.3,38.8,27.6,9.0,0.128,8.38,35.23,87.7,0.4071,0.1644,28.51,,,Progressive Field,
204,663743,Nick Fortes,TB,NYM,2026-09-01T22:40:00Z,Scheduled,7,Sean Manaea,640455,L,36.6,Longshot,Watch List,"Projected Lineup, Platoon Edge",12.2,54.4,27.6,59.8,78.0,0.0,No,No,7,Yes,Yes,RotoWire projected lineup; MLB probable pitchers,lineup projected / unconfirmed,H:2026/2025 P:2026/2025,,,Direct BvP not yet weighted; 2026/2025 Statcast baseline active,7,1,14,0,"Last 7 games: 1/14, 0 HR","platoon edge; pitcher baseline 10.5% barrel, 17.9 HR allowed",neutral batted-ball profile; pitcher fly-ball pressure modest,2.92,35.31,85.89,98.9398,0.3318,0.093,0.2777,72.28,21.78,50.63,18.15,4.3,0.1053,10.51,42.25,89.45,0.4381,0.189,28.89,,,Tropicana Field,
205,678662,Ezequiel Tovar,COL,BAL,2026-09-02T00:40:00Z,Scheduled,9,Kyle Bradish,680694,R,36.5,Longshot,Watch List,Projected Lineup,29.5,36.8,38.7,40.2,50.0,39.8,No,No,9,Yes,Yes,RotoWire projected lineup; MLB probable pitchers,lineup projected / unconfirmed,H:2026/2025 P:2026/2025,,,Direct BvP not yet weighted; 2026/2025 Statcast baseline active,7,5,19,1,"Last 7 games: 5/19, 1 HR","same-side matchup; pitcher baseline 8.3% barrel, 12.1 HR allowed",neutral batted-ball profile; pitcher fly-ball pressure modest,7.41,35.47,88.07,99.0776,0.3892,0.1541,0.291,71.95,20.68,37.75,29.92,9.7,0.1323,8.31,38.27,88.75,0.3788,0.1443,23.36,,,Coors Field,
206,663538,Nico Hoerner,CHC,MIL,2026-09-01T23:40:00Z,Scheduled,5,Robert Gasser,688107,L,36.4,Longshot,Watch List,"Projected Lineup, Platoon Edge",8.5,36.0,29.8,81.9,78.0,39.2,No,No,5,Yes,Yes,RotoWire projected lineup; MLB probable pitchers,lineup projected / unconfirmed,H:2026/2025 P:2026/2025,,,Direct BvP not yet weighted; 2026/2025 Statcast baseline active,7,7,27,1,"Last 7 games: 7/27, 1 HR","platoon edge; pitcher baseline 7.6% barrel, 9.4 HR allowed",neutral batted-ball profile; pitcher fly-ball pressure modest,1.56,28.83,86.14,96.2492,0.3805,0.0829,0.3234,68.33,1.76,32.59,21.63,7.0,0.0942,7.6,36.84,88.41,0.3953,0.1579,27.03,,,Wrigley Field,
207,669392,Samad Taylor,SD,CIN,2026-09-01T22:40:00Z,Scheduled,7,Nick Lodolo,666157,L,36.2,Longshot,Watch List,"Projected Lineup, Platoon Edge",1.8,50.6,39.3,59.8,78.0,43.8,No,No,7,Yes,Yes,RotoWire projected lineup; MLB probable pitchers,lineup projected / unconfirmed,H:2026/2025 P:2026/2025,,,Direct BvP not yet weighted; 2026/2025 Statcast baseline active,7,7,17,0,Contact streak: 7/17 over last 7 games,"platoon edge; pitcher baseline 9.3% barrel, 17.1 HR allowed",neutral batted-ball profile; pitcher fly-ball pressure modest,2.24,20.69,82.35,93.9166,0.3168,0.0619,0.2831,68.32,2.8,31.23,11.66,0.7,0.0469,9.32,39.73,89.78,0.4639,0.1837,25.98,,,Great American Ball Park,
208,694376,Shay Whitcomb,SF,PIT,2026-09-01T22:40:00Z,Scheduled,7,Paul Skenes,694973,R,36.2,Longshot,Watch List,"Projected Lineup, Strong Barrel",35.4,29.6,24.3,59.8,50.0,18.3,No,No,7,Yes,Yes,RotoWire projected lineup; MLB probable pitchers,lineup projected / unconfirmed,H:2026/2025 P:2026/2025,,,Direct BvP not yet weighted; 2026/2025 Statcast baseline active,7,2,24,1,"Last 7 games: 2/24, 1 HR","same-side matchup; pitcher baseline 6.8% barrel, 13.1 HR allowed",neutral batted-ball profile; pitcher fly-ball pressure modest,13.39,31.99,85.62,97.7454,0.3468,0.1842,0.2197,71.59,15.26,42.16,34.44,2.4,0.171,6.85,39.4,88.16,0.3343,0.1253,23.43,,,PNC Park,
209,596115,Trevor Story,BOS,SEA,2026-09-01T22:45:00Z,Scheduled,9,Bryan Woo,693433,R,36.2,Longshot,Watch List,Projected Lineup,26.6,44.4,28.7,40.2,50.0,46.5,No,No,9,Yes,Yes,RotoWire projected lineup; MLB probable pitchers,lineup projected / unconfirmed,H:2026/2025 P:2026/2025,,,Direct BvP not yet weighted; 2026/2025 Statcast baseline active,7,8,26,1,"Last 7 games: 8/26, 1 HR","same-side matchup; pitcher baseline 8.0% barrel, 19.7 HR allowed",neutral batted-ball profile; pitcher fly-ball pressure modest,5.49,43.5,89.72,100.197,0.344,0.1205,0.2669,71.1,14.66,43.07,23.2,9.6,0.1217,7.98,43.34,89.66,0.387,0.1548,28.62,,,Fenway Park,
210,687597,Jordan Beck,COL,BAL,2026-09-02T00:40:00Z,Scheduled,7,Kyle Bradish,680694,R,36.1,Longshot,Watch List,Projected Lineup,20.4,36.8,38.7,59.8,50.0,37.3,No,No,7,Yes,Yes,RotoWire projected lineup; MLB probable pitchers,lineup projected / unconfirmed,H:2026/2025 P:2026/2025,,,Direct BvP not yet weighted; 2026/2025 Statcast baseline active,7,7,19,0,Contact streak: 7/19 over last 7 games,"same-side matchup; pitcher baseline 8.3% barrel, 12.1 HR allowed",neutral batted-ball profile; pitcher fly-ball pressure modest,6.03,32.76,87.05,98.578,0.3257,0.1073,0.2677,73.69,36.27,38.47,28.39,5.5,0.1244,8.31,38.27,88.75,0.3788,0.1443,23.36,,,Coors Field,
211,680757,Steven Kwan,CLE,TOR,2026-09-01T22:40:00Z,Scheduled,1,Spencer Arrighetti,681293,R,36.0,Longshot,Watch List,"Projected Lineup, Premium Lineup Spot, Platoon Edge",2.6,38.1,27.6,88.7,80.0,45.0,No,No,1,Yes,Yes,RotoWire projected lineup; MLB probable pitchers,lineup projected / unconfirmed,H:2026/2025 P:2026/2025,,,Direct BvP not yet weighted; 2026/2025 Statcast baseline active,7,14,31,0,Contact streak: 14/31 over last 7 games,"platoon edge; pitcher baseline 8.4% barrel, 11.6 HR allowed",neutral batted-ball profile; pitcher fly-ball pressure modest,0.92,12.44,84.59,92.6497,0.3408,0.0713,0.3177,62.8,0.38,28.44,23.51,4.7,0.0733,8.38,35.23,87.7,0.4071,0.1644,28.51,,,Progressive Field,
212,807712,Luke Keaschall,MIN,DET,2026-09-01T23:40:00Z,Scheduled,1,Troy Melton,675512,R,36.0,Longshot,Watch List,"Projected Lineup, Premium Lineup Spot",13.3,34.1,27.1,88.7,50.0,48.5,No,No,1,Yes,Yes,RotoWire projected lineup; MLB probable pitchers,lineup projected / unconfirmed,H:2026/2025 P:2026/2025,,,Direct BvP not yet weighted; 2026/2025 Statcast baseline active,7,9,28,1,Contact streak: 9/28 over last 7 games,"same-side matchup; pitcher baseline 6.7% barrel, 9.1 HR allowed",neutral batted-ball profile; pitcher fly-ball pressure modest,4.08,29.94,85.64,96.8406,0.3647,0.116,0.3163,68.64,7.52,37.91,27.74,7.5,0.1241,6.71,40.59,89.33,0.3689,0.1449,24.91,,,Target Field,
213,808982,Jung Hoo Lee,SF,PIT,2026-09-01T22:40:00Z,Scheduled,4,Paul Skenes,694973,R,35.9,Longshot,Watch List,"Projected Lineup, Premium Lineup Spot, Platoon Edge",12.3,29.6,24.3,90.4,80.0,24.9,No,No,4,Yes,Yes,RotoWire projected lineup; MLB probable pitchers,lineup projected / unconfirmed,H:2026/2025 P:2026/2025,,,Direct BvP not yet weighted; 2026/2025 Statcast baseline active,7,6,21,0,"Last 7 games: 6/21, 0 HR","platoon edge; pitcher baseline 6.8% barrel, 13.1 HR allowed",neutral batted-ball profile; pitcher fly-ball pressure modest,2.93,30.95,87.24,96.8401,0.3864,0.0982,0.3196,68.37,3.61,37.62,22.73,8.7,0.1347,6.85,39.4,88.16,0.3343,0.1253,23.43,,,PNC Park,
214,679529,Spencer Torkelson,DET,MIN,2026-09-01T23:40:00Z,Scheduled,7,Andrew Morris,702193,R,35.9,Longshot,Watch List,"Projected Lineup, Strong Barrel",47.4,12.5,27.1,59.8,50.0,7.0,No,No,7,Yes,Yes,RotoWire projected lineup; MLB probable pitchers,lineup projected / unconfirmed,H:2026/2025 P:2026,,,Direct BvP not yet weighted; 2026/2025 Statcast baseline active,7,3,18,0,"Last 7 games: 3/18, 0 HR","same-side matchup; pitcher baseline 3.1% barrel, 4.0 HR allowed",fly-ball profile; pitcher fly-ball pressure modest,12.66,42.23,89.57,100.1348,0.4112,0.195,0.3158,73.07,25.81,46.79,35.62,23.3,0.1929,3.1,33.0,86.3,0.319,0.093,27.7,,,Target Field,
215,553869,Elias Diaz,TEX,ATH,2026-09-02T00:05:00Z,Scheduled,7,Brady Basso,669620,L,35.8,Longshot,Watch List,"Projected Lineup, Platoon Edge",29.9,20.5,27.6,59.8,78.0,30.3,No,No,7,Yes,Yes,RotoWire projected lineup; MLB probable pitchers,lineup projected / unconfirmed,H:2026/2025 P:2026/2025,,,Direct BvP not yet weighted; 2026/2025 Statcast baseline active,7,3,15,1,"Last 7 games: 3/15, 1 HR","platoon edge; pitcher baseline 4.4% barrel, 2.1 HR allowed",neutral batted-ball profile; pitcher fly-ball pressure modest,7.95,38.56,87.56,100.142,0.3557,0.1397,0.2715,74.27,43.51,37.51,28.22,6.9,0.1571,4.42,37.52,89.1,0.3585,0.0902,24.85,,,Globe Life Field,
216,679845,Nick Loftin,KC,MIA,2026-09-01T23:40:00Z,Scheduled,6,Tyler Phillips,663969,R,35.5,Longshot,Watch List,Projected Lineup,15.9,40.8,23.2,71.7,50.0,48.5,No,No,6,Yes,Yes,RotoWire projected lineup; MLB probable pitchers,lineup projected / unconfirmed,H:2026/2025 P:2026/2025,,,Direct BvP not yet weighted; 2026/2025 Statcast baseline active,7,9,28,1,Contact streak: 9/28 over last 7 games,"same-side matchup; pitcher baseline 7.3% barrel, 12.2 HR allowed",neutral batted-ball profile; pitcher fly-ball pressure modest,4.62,29.87,87.5,96.977,0.3422,0.113,0.2947,69.05,5.87,44.22,28.5,5.4,0.1483,7.27,43.54,89.76,0.405,0.1506,25.59,,,Kauffman Stadium,
217,686555,Isaac Collins,KC,MIA,2026-09-01T23:40:00Z,Scheduled,8,Tyler Phillips,663969,R,35.5,Longshot,Watch List,"Projected Lineup, Platoon Edge",23.3,39.5,23.2,47.9,75.0,27.7,No,No,8,Yes,Yes,RotoWire projected lineup; MLB probable pitchers,lineup projected / unconfirmed,H:2026/2025 P:2026/2025,,,Direct BvP not yet weighted; 2026/2025 Statcast baseline active,7,7,23,0,"Last 7 games: 7/23, 0 HR","switch hitter; pitcher baseline 7.3% barrel, 12.2 HR allowed",neutral batted-ball profile; pitcher fly-ball pressure modest,5.32,39.95,88.8,99.9762,0.331,0.0976,0.3059,73.33,30.41,40.12,25.74,6.9,0.1291,7.27,43.54,89.76,0.405,0.1506,25.59,,,Kauffman Stadium,
218,701785,Kaelen Culpepper,MIN,DET,2026-09-01T23:40:00Z,Scheduled,8,Troy Melton,675512,R,35.4,Longshot,Watch List,Projected Lineup,27.9,34.1,27.1,47.9,50.0,54.3,No,No,8,Yes,Yes,RotoWire projected lineup; MLB probable pitchers,lineup projected / unconfirmed,H:2026 P:2026/2025,,,Direct BvP not yet weighted; 2026/2025 Statcast baseline active,7,9,25,1,Contact streak: 9/25 over last 7 games,"same-side matchup; pitcher baseline 6.7% barrel, 9.1 HR allowed",neutral batted-ball profile; pitcher fly-ball pressure modest,6.0,31.4,87.9,97.6255,0.429,0.168,0.326,73.3,34.1,41.2,27.5,3.0,0.165,6.71,40.59,89.33,0.3689,0.1449,24.91,,,Target Field,
219,695490,Edwin Arroyo,CIN,SD,2026-09-01T22:40:00Z,Scheduled,9,Randy Vásquez,681190,R,35.1,Longshot,Watch List,"Projected Lineup, Platoon Edge",9.0,57.8,39.3,40.2,75.0,0.0,No,No,9,Yes,Yes,RotoWire projected lineup; MLB probable pitchers,lineup projected / unconfirmed,H:2026 P:2026/2025,,,Direct BvP not yet weighted; 2026/2025 Statcast baseline active,7,2,22,0,"Last 7 games: 2/22, 0 HR","switch hitter; pitcher baseline 10.4% barrel, 15.3 HR allowed",neutral batted-ball profile; pitcher fly-ball pressure modest,2.9,26.4,87.6,95.9205,0.366,0.082,0.304,69.2,5.0,41.5,19.8,0.0,0.037,10.41,42.52,90.64,0.4929,0.2112,27.9,,,Great American Ball Park,
220,701852,Drew Cavanaugh,SF,PIT,2026-09-01T22:40:00Z,Scheduled,6,Paul Skenes,694973,R,34.9,Longshot,Watch List,"Projected Lineup, Platoon Edge",18.5,29.6,24.3,71.7,80.0,15.3,No,No,6,Yes,Yes,RotoWire projected lineup; MLB probable pitchers,lineup projected / unconfirmed,H:2026 P:2026/2025,,,Direct BvP not yet weighted; 2026/2025 Statcast baseline active,7,4,18,0,"Last 7 games: 4/18, 0 HR","platoon edge; pitcher baseline 6.8% barrel, 13.1 HR allowed",neutral batted-ball profile; pitcher fly-ball pressure modest,5.7,33.3,86.7,99.082,0.371,0.124,0.323,69.3,4.8,27.8,22.2,0.0,0.01,6.85,39.4,88.16,0.3343,0.1253,23.43,,,PNC Park,
221,665804,Miguel Amaya,CHC,MIL,2026-09-01T23:40:00Z,Scheduled,8,Robert Gasser,688107,L,34.7,Longshot,Watch List,"Projected Lineup, Platoon Edge",23.7,36.0,29.8,47.9,78.0,0.8,No,No,8,Yes,Yes,RotoWire projected lineup; MLB probable pitchers,lineup projected / unconfirmed,H:2026/2025 P:2026/2025,,,Direct BvP not yet weighted; 2026/2025 Statcast baseline active,7,2,16,0,"Last 7 games: 2/16, 0 HR","platoon edge; pitcher baseline 7.6% barrel, 9.4 HR allowed",neutral batted-ball profile; pitcher fly-ball pressure modest,6.81,34.44,87.24,97.7323,0.3405,0.1266,0.2901,71.01,13.94,40.52,32.44,4.7,0.1553,7.6,36.84,88.41,0.3953,0.1579,27.03,,,Wrigley Field,
222,806198,Cooper Pratt,MIL,CHC,2026-09-01T23:40:00Z,Scheduled,9,Matthew Boyd,571510,L,34.6,Longshot,Watch List,"Projected Lineup, Platoon Edge",10.8,46.2,29.8,40.2,78.0,56.6,No,No,9,Yes,Yes,RotoWire projected lineup; MLB probable pitchers,lineup projected / unconfirmed,H:2026 P:2026/2025,,,Direct BvP not yet weighted; 2026/2025 Statcast baseline active,7,6,16,1,Contact streak: 6/16 over last 7 games,"platoon edge; pitcher baseline 9.8% barrel, 16.2 HR allowed",neutral batted-ball profile; pitcher fly-ball pressure modest,3.2,29.1,86.9,96.8127,0.34,0.09,0.305,70.1,7.6,33.9,24.4,2.0,0.083,9.77,38.14,88.22,0.4323,0.1741,26.41,,,Wrigley Field,
223,805367,Chase Meidroth,CWS,HOU,2026-09-02T00:10:00Z,Scheduled,7,Ronel Blanco,669854,R,34.2,Longshot,Watch List,Projected Lineup,12.4,50.2,27.6,59.8,50.0,20.9,No,No,7,Yes,Yes,RotoWire projected lineup; MLB probable pitchers,lineup projected / unconfirmed,H:2026/2025 P:2026/2025,,,Direct BvP not yet weighted; 2026/2025 Statcast baseline active,7,7,27,0,"Last 7 games: 7/27, 0 HR","same-side matchup; pitcher baseline 10.8% barrel, 7.0 HR allowed",neutral batted-ball profile; pitcher allows elevated contact,3.49,35.12,87.85,97.3867,0.333,0.0926,0.2944,67.19,1.25,38.61,19.84,9.9,0.1097,10.78,34.91,88.14,0.4345,0.2026,38.47,,,Daikin Park,
224,665926,Andres Gimenez,TOR,CLE,2026-09-01T22:40:00Z,Scheduled,9,Gavin Williams,668909,R,34.1,Longshot,Watch List,"Projected Lineup, Platoon Edge",7.4,57.2,27.6,40.2,80.0,19.5,No,No,9,Yes,Yes,RotoWire projected lineup; MLB probable pitchers,lineup projected / unconfirmed,H:2026/2025 P:2026/2025,,,Direct BvP not yet weighted; 2026/2025 Statcast baseline active,7,5,20,0,"Last 7 games: 5/20, 0 HR","platoon edge; pitcher baseline 11.1% barrel, 25.8 HR allowed",neutral batted-ball profile; pitcher fly-ball pressure modest,3.28,25.46,85.81,95.932,0.3344,0.0985,0.2793,68.53,5.07,38.52,23.72,7.7,0.1114,11.1,46.61,90.33,0.4113,0.181,25.86,,,Progressive Field,
225,641487,J.P. Crawford,SEA,BOS,2026-09-01T22:45:00Z,Scheduled,8,,,,33.7,Longshot,Watch List,Projected Lineup,21.2,41.2,28.7,47.9,60.0,7.0,No,No,8,Yes,Yes,RotoWire projected lineup; MLB probable pitchers,lineup projected / unconfirmed,H:2026/2025 P:,,,Direct BvP not yet weighted; 2026/2025 Statcast baseline active,7,3,18,0,"Last 7 games: 3/18, 0 HR","handedness incomplete; pitcher baseline 0.0% barrel, 0.0 HR allowed",neutral batted-ball profile; pitcher fly-ball pressure modest,5.81,35.4,87.62,98.2965,0.365,0.1207,0.3217,71.28,19.09,35.07,21.0,10.6,0.1204,,,,,,,,,Fenway Park,
226,807713,Matt Shaw,CHC,MIL,2026-09-01T23:40:00Z,Scheduled,9,Robert Gasser,688107,L,33.6,Longshot,Watch List,"Projected Lineup, Platoon Edge",17.5,36.0,29.8,40.2,78.0,41.2,No,No,9,Yes,Yes,RotoWire projected lineup; MLB probable pitchers,lineup projected / unconfirmed,H:2026/2025 P:2026/2025,,,Direct BvP not yet weighted; 2026/2025 Statcast baseline active,7,3,11,1,"Last 7 games: 3/11, 1 HR","platoon edge; pitcher baseline 7.6% barrel, 9.4 HR allowed",neutral batted-ball profile; pitcher fly-ball pressure modest,5.32,33.46,86.16,97.0975,0.3596,0.1226,0.2999,69.25,8.42,33.69,25.21,6.7,0.1715,7.6,36.84,88.41,0.3953,0.1579,27.03,,,Wrigley Field,
227,650333,Luis Arraez,PHI,AZ,2026-09-02T01:40:00Z,Scheduled,4,Eduardo Rodriguez,593958,L,33.6,Longshot,Watch List,"Projected Lineup, Premium Lineup Spot",7.2,38.6,28.2,90.4,50.0,12.0,No,No,4,Yes,Yes,RotoWire projected lineup; MLB probable pitchers,lineup projected / unconfirmed,H:2026/2025 P:2026/2025,,,Direct BvP not yet weighted; 2026/2025 Statcast baseline active,7,5,25,0,"Last 7 games: 5/25, 0 HR","same-side matchup; pitcher baseline 7.9% barrel, 17.3 HR allowed",neutral batted-ball profile; pitcher fly-ball pressure modest,1.17,18.52,86.31,93.9195,0.3756,0.0865,0.3058,62.99,0.12,30.31,28.38,6.6,0.1112,7.92,34.29,87.64,0.4265,0.1678,27.19,,,Chase Field,
228,650402,Gleyber Torres,DET,MIN,2026-09-01T23:40:00Z,Scheduled,1,Andrew Morris,702193,R,33.3,Longshot,Watch List,"Projected Lineup, Premium Lineup Spot",25.3,12.5,27.1,88.7,50.0,19.5,No,No,1,Yes,Yes,RotoWire projected lineup; MLB probable pitchers,lineup projected / unconfirmed,H:2026/2025 P:2026,,,Direct BvP not yet weighted; 2026/2025 Statcast baseline active,7,7,28,0,"Last 7 games: 7/28, 0 HR","same-side matchup; pitcher baseline 3.1% barrel, 4.0 HR allowed",neutral batted-ball profile; pitcher fly-ball pressure modest,7.29,34.52,87.34,97.6904,0.399,0.1447,0.3357,68.7,5.96,26.48,27.8,10.4,0.1247,3.1,33.0,86.3,0.319,0.093,27.7,,,Target Field,
229,630105,Jake Cronenworth,SD,CIN,2026-09-01T22:40:00Z,Scheduled,9,Nick Lodolo,666157,L,33.2,Longshot,Watch List,Projected Lineup,14.9,50.6,39.3,40.2,50.0,2.7,No,No,9,Yes,Yes,RotoWire projected lineup; MLB probable pitchers,lineup projected / unconfirmed,H:2026/2025 P:2026/2025,,,Direct BvP not yet weighted; 2026/2025 Statcast baseline active,7,4,29,0,"Last 7 games: 4/29, 0 HR","same-side matchup; pitcher baseline 9.3% barrel, 17.1 HR allowed",neutral batted-ball profile; pitcher fly-ball pressure modest,4.1,32.56,87.59,97.863,0.3194,0.0986,0.2903,71.32,17.46,31.54,23.14,6.1,0.0939,9.32,39.73,89.78,0.4639,0.1837,25.98,,,Great American Ball Park,
230,694203,Denzer Guzman,LAA,NYY,2026-09-02T01:38:00Z,Scheduled,8,Gerrit Cole,543037,R,33.0,Longshot,Watch List,Projected Lineup,24.2,39.9,28.2,47.9,50.0,0.0,No,No,8,Yes,Yes,RotoWire projected lineup; MLB probable pitchers,lineup projected / unconfirmed,H:2026/2025 P:2026,,,Direct BvP not yet weighted; 2026/2025 Statcast baseline active,7,2,20,0,"Last 7 games: 2/20, 0 HR","same-side matchup; pitcher baseline 7.9% barrel, 13.0 HR allowed",neutral batted-ball profile; pitcher fly-ball pressure modest,8.56,36.67,86.43,98.4794,0.3202,0.1127,0.249,73.43,34.85,40.04,23.56,4.8,0.1362,7.9,42.3,90.2,0.363,0.129,28.7,,,Angel Stadium,
231,693409,Cesar Prieto,STL,LAD,2026-09-02T02:10:00Z,Scheduled,7,Eric Lauer,641778,L,32.9,Longshot,Watch List,Projected Lineup,8.2,54.7,27.6,59.8,50.0,0.0,No,No,7,Yes,Yes,RotoWire projected lineup; MLB probable pitchers,lineup projected / unconfirmed,H:2026/2025 P:2026/2025,,,Direct BvP not yet weighted; 2026/2025 Statcast baseline active,7,2,19,0,"Last 7 games: 2/19, 0 HR","same-side matchup; pitcher baseline 10.1% barrel, 21.3 HR allowed",neutral batted-ball profile; pitcher allows elevated contact,3.8,20.72,87.7,98.0856,0.2457,0.084,0.1743,69.72,4.29,61.08,12.95,0.0,0.0,10.06,37.35,89.13,0.4498,0.2028,36.9,,,UNIQLO Field at Dodger Stadium,
232,676609,Jose Caballero,NYY,LAA,2026-09-02T01:38:00Z,Scheduled,9,Grayson Rodriguez,680570,R,32.8,Longshot,Watch List,Projected Lineup,10.0,52.7,28.2,40.2,50.0,50.3,No,No,9,Yes,Yes,RotoWire projected lineup; MLB probable pitchers,lineup projected / unconfirmed,H:2026/2025 P:2026,,,Direct BvP not yet weighted; 2026/2025 Statcast baseline active,7,8,24,1,Contact streak: 8/24 over last 7 games,"same-side matchup; pitcher baseline 9.1% barrel, 10.0 HR allowed",neutral batted-ball profile; pitcher fly-ball pressure modest,4.78,27.38,84.53,96.4927,0.3432,0.1136,0.2883,68.89,8.12,41.67,21.8,10.6,0.1313,9.1,45.0,90.6,0.461,0.189,27.3,,,Angel Stadium,
233,543760,Marcus Semien,NYM,TB,2026-09-01T22:40:00Z,Scheduled,8,Freddy Peralta,642547,R,32.7,Longshot,Watch List,Projected Lineup,23.4,34.8,27.6,47.9,50.0,25.8,No,No,8,Yes,Yes,RotoWire projected lineup; MLB probable pitchers,lineup projected / unconfirmed,H:2026/2025 P:2026/2025,,,Direct BvP not yet weighted; 2026/2025 Statcast baseline active,7,7,24,0,"Last 7 games: 7/24, 0 HR","same-side matchup; pitcher baseline 7.1% barrel, 21.7 HR allowed",neutral batted-ball profile; pitcher fly-ball pressure modest,6.45,33.53,87.04,97.4011,0.3901,0.1425,0.3103,68.5,3.13,47.05,31.09,14.3,0.1319,7.06,37.09,87.65,0.375,0.1466,28.34,,,Tropicana Field,
234,675961,Alika Williams,ATH,TEX,2026-09-02T00:05:00Z,Scheduled,8,MacKenzie Gore,669022,L,32.5,Longshot,Watch List,"Projected Lineup, Platoon Edge",7.9,46.4,27.6,47.9,78.0,17.3,No,No,8,Yes,Yes,RotoWire projected lineup; MLB probable pitchers,lineup projected / unconfirmed,H:2026 P:2026/2025,,,Direct BvP not yet weighted; 2026/2025 Statcast baseline active,7,4,17,0,"Last 7 games: 4/17, 0 HR","platoon edge; pitcher baseline 9.3% barrel, 18.6 HR allowed",neutral batted-ball profile; pitcher fly-ball pressure modest,0.8,34.5,84.9,97.1238,0.294,0.078,0.244,69.5,3.6,37.5,23.3,2.0,0.141,9.34,42.21,89.49,0.3884,0.1502,28.21,,,Globe Life Field,
235,,Leo Bernal,STL,LAD,2026-09-02T02:10:00Z,Scheduled,9,Eric Lauer,641778,L,32.5,Longshot,Watch List,Projected Lineup,6.4,52.8,27.6,40.2,60.0,50.0,No,No,9,Yes,Yes,RotoWire projected lineup; MLB probable pitchers,lineup projected / unconfirmed,H: P:2026/2025,,,Direct BvP not yet weighted; 2026/2025 Statcast baseline active,,,,,Recent form unavailable,"handedness incomplete; pitcher baseline 10.1% barrel, 21.3 HR allowed",neutral batted-ball profile; pitcher allows elevated contact,,,,,,,,,,,,,,10.06,37.35,89.13,0.4498,0.2028,36.9,,,UNIQLO Field at Dodger Stadium,
236,,Lazaro Montes,SEA,BOS,2026-09-01T22:45:00Z,Scheduled,7,,,,32.3,Longshot,Watch List,Projected Lineup,6.4,40.2,28.7,59.8,60.0,50.0,No,No,7,Yes,Yes,RotoWire projected lineup; MLB probable pitchers,lineup projected / unconfirmed,H: P:,,,Direct BvP not yet weighted; 2026/2025 Statcast baseline active,,,,,Recent form unavailable,"handedness incomplete; pitcher baseline 0.0% barrel, 0.0 HR allowed",neutral batted-ball profile; pitcher fly-ball pressure modest,,,,,,,,,,,,,,,,,,,,,,Fenway Park,
237,664728,Kyle Isbel,KC,MIA,2026-09-01T23:40:00Z,Scheduled,9,Tyler Phillips,663969,R,32.3,Longshot,Watch List,"Projected Lineup, Platoon Edge",12.9,40.8,23.2,40.2,80.0,37.8,No,No,9,Yes,Yes,RotoWire projected lineup; MLB probable pitchers,lineup projected / unconfirmed,H:2026/2025 P:2026/2025,,,Direct BvP not yet weighted; 2026/2025 Statcast baseline active,7,6,24,1,"Last 7 games: 6/24, 1 HR","platoon edge; pitcher baseline 7.3% barrel, 12.2 HR allowed",neutral batted-ball profile; pitcher fly-ball pressure modest,2.79,34.42,88.43,99.0281,0.3096,0.0826,0.2622,71.03,13.55,32.88,19.29,5.4,0.1169,7.27,43.54,89.76,0.405,0.1506,25.59,,,Kauffman Stadium,
238,801126,Brock Rodden,SEA,BOS,2026-09-01T22:45:00Z,Scheduled,9,,,,32.2,Longshot,Watch List,"Projected Lineup, Platoon Edge",17.7,40.2,28.7,40.2,75.0,0.0,No,No,9,Yes,Yes,RotoWire projected lineup; MLB probable pitchers,lineup projected / unconfirmed,H:2026 P:,,,Direct BvP not yet weighted; 2026/2025 Statcast baseline active,7,0,16,0,"Last 7 games: 0/16, 0 HR","switch hitter; pitcher baseline 0.0% barrel, 0.0 HR allowed",fly-ball profile; pitcher fly-ball pressure modest,3.7,37.0,87.2,97.1581,0.188,0.073,0.197,69.4,2.9,55.6,48.1,0.0,0.1,,,,,,,,,Fenway Park,
239,691011,Drew Romo,CWS,HOU,2026-09-02T00:10:00Z,Scheduled,9,Ronel Blanco,669854,R,32.2,Longshot,Watch List,"Projected Lineup, Platoon Edge",9.3,49.5,27.6,40.2,75.0,15.3,No,No,9,Yes,Yes,RotoWire projected lineup; MLB probable pitchers,lineup projected / unconfirmed,H:2026/2025 P:2026/2025,,,Direct BvP not yet weighted; 2026/2025 Statcast baseline active,7,4,18,0,"Last 7 games: 4/18, 0 HR","switch hitter; pitcher baseline 10.8% barrel, 7.0 HR allowed",neutral batted-ball profile; pitcher allows elevated contact,6.2,26.2,84.4,95.4233,0.2058,0.0749,0.1799,68.49,3.71,37.7,30.8,4.9,0.105,10.78,34.91,88.14,0.4345,0.2026,38.47,,,Daikin Park,
240,696285,Jacob Young,WSH,ATL,2026-09-01T22:45:00Z,Scheduled,9,AJ Smith-Shawver,700363,R,31.9,Longshot,Watch List,Projected Lineup,17.9,43.7,28.2,40.2,50.0,22.9,No,No,9,Yes,Yes,RotoWire projected lineup; MLB probable pitchers,lineup projected / unconfirmed,H:2026/2025 P:2026/2025,,,Direct BvP not yet weighted; 2026/2025 Statcast baseline active,7,6,22,0,"Last 7 games: 6/22, 0 HR","same-side matchup; pitcher baseline 8.5% barrel, 1.9 HR allowed",neutral batted-ball profile; pitcher fly-ball pressure modest,4.91,32.31,87.74,97.9137,0.3745,0.1139,0.3117,69.21,2.09,35.63,24.21,7.6,0.1204,8.47,41.7,89.65,0.4365,0.1646,29.38,,,Nationals Park,
241,670764,Taylor Walls,TB,NYM,2026-09-01T22:40:00Z,Scheduled,9,Sean Manaea,640455,L,31.6,Longshot,Watch List,"Projected Lineup, Platoon Edge",5.5,52.5,27.6,40.2,75.0,13.3,No,No,9,Yes,Yes,RotoWire projected lineup; MLB probable pitchers,lineup projected / unconfirmed,H:2026/2025 P:2026/2025,,,Direct BvP not yet weighted; 2026/2025 Statcast baseline active,7,5,24,0,"Last 7 games: 5/24, 0 HR","switch hitter; pitcher baseline 10.5% barrel, 17.9 HR allowed",neutral batted-ball profile; pitcher fly-ball pressure modest,2.36,23.32,85.95,95.4669,0.2712,0.0766,0.2512,68.35,2.06,38.19,28.49,2.6,0.0794,10.51,42.25,89.45,0.4381,0.189,28.89,,,Tropicana Field,
242,643376,Danny Jansen,TEX,ATH,2026-09-02T00:05:00Z,Scheduled,9,Brady Basso,669620,L,31.5,Longshot,Watch List,"Projected Lineup, Platoon Edge",23.2,20.5,27.6,40.2,78.0,42.4,No,No,9,Yes,Yes,RotoWire projected lineup; MLB probable pitchers,lineup projected / unconfirmed,H:2026/2025 P:2026/2025,,,Direct BvP not yet weighted; 2026/2025 Statcast baseline active,7,3,19,2,Hot streak: 2 HR in last 7 games,"platoon edge; pitcher baseline 4.4% barrel, 2.1 HR allowed",neutral batted-ball profile; pitcher fly-ball pressure modest,7.61,33.82,87.25,97.6411,0.3108,0.1339,0.2657,70.06,6.67,53.91,29.68,7.7,0.1728,4.42,37.52,89.1,0.3585,0.0902,24.85,,,Globe Life Field,
243,693304,Nick Gonzales,PIT,SF,2026-09-01T22:40:00Z,Scheduled,6,Logan Webb,657277,R,31.4,Longshot,Watch List,Projected Lineup,15.6,30.2,24.3,71.7,50.0,16.6,No,No,6,Yes,Yes,RotoWire projected lineup; MLB probable pitchers,lineup projected / unconfirmed,H:2026/2025 P:2026/2025,,,Direct BvP not yet weighted; 2026/2025 Statcast baseline active,7,6,26,0,"Last 7 games: 6/26, 0 HR","same-side matchup; pitcher baseline 6.5% barrel, 11.9 HR allowed",neutral batted-ball profile; pitcher fly-ball pressure modest,3.31,35.65,86.91,98.1803,0.3778,0.1056,0.3134,70.64,12.59,37.01,21.05,5.7,0.0929,6.48,38.87,88.51,0.3805,0.1282,19.56,,,PNC Park,
244,686475,Tyler Tolbert,KC,MIA,2026-09-01T23:40:00Z,Scheduled,7,Tyler Phillips,663969,R,31.0,Longshot,Watch List,Projected Lineup,7.9,40.8,23.2,59.8,50.0,44.5,No,No,7,Yes,Yes,RotoWire projected lineup; MLB probable pitchers,lineup projected / unconfirmed,H:2026/2025 P:2026/2025,,,Direct BvP not yet weighted; 2026/2025 Statcast baseline active,7,5,12,0,Contact streak: 5/12 over last 7 games,"same-side matchup; pitcher baseline 7.3% barrel, 12.2 HR allowed",neutral batted-ball profile; pitcher fly-ball pressure modest,2.96,29.84,86.06,96.6159,0.3248,0.076,0.3025,69.25,3.58,32.89,23.33,2.4,0.1161,7.27,43.54,89.76,0.405,0.1506,25.59,,,Kauffman Stadium,
245,694378,Jacob Gonzalez,PIT,SF,2026-09-01T22:40:00Z,Scheduled,9,Logan Webb,657277,R,30.7,Longshot,Watch List,"Projected Lineup, Platoon Edge",21.3,30.2,24.3,40.2,80.0,0.0,No,No,9,Yes,Yes,RotoWire projected lineup; MLB probable pitchers,lineup projected / unconfirmed,H:2026 P:2026/2025,,,Direct BvP not yet weighted; 2026/2025 Statcast baseline active,7,1,18,0,"Last 7 games: 1/18, 0 HR","platoon edge; pitcher baseline 6.5% barrel, 11.9 HR allowed",neutral batted-ball profile; pitcher fly-ball pressure modest,3.5,35.7,88.1,98.6188,0.39,0.136,0.302,71.2,14.8,43.1,25.7,6.0,0.14,6.48,38.87,88.51,0.3805,0.1282,19.56,,,PNC Park,
246,676391,Ernie Clement,TOR,CLE,2026-09-01T22:40:00Z,Scheduled,8,Gavin Williams,668909,R,30.7,Longshot,Watch List,Projected Lineup,4.9,57.2,27.6,47.9,50.0,0.0,No,No,8,Yes,Yes,RotoWire projected lineup; MLB probable pitchers,lineup projected / unconfirmed,H:2026/2025 P:2026/2025,,,Direct BvP not yet weighted; 2026/2025 Statcast baseline active,7,2,24,0,"Last 7 games: 2/24, 0 HR","same-side matchup; pitcher baseline 11.1% barrel, 25.8 HR allowed",neutral batted-ball profile; pitcher fly-ball pressure modest,2.26,21.87,84.92,94.5765,0.3373,0.0853,0.2722,67.39,2.68,40.66,27.55,9.0,0.1161,11.1,46.61,90.33,0.4113,0.181,25.86,,,Progressive Field,
247,677587,Brayan Rocchio,CLE,TOR,2026-09-01T22:40:00Z,Scheduled,9,Spencer Arrighetti,681293,R,30.6,Longshot,Watch List,"Projected Lineup, Platoon Edge",14.1,36.8,27.6,40.2,75.0,10.8,No,No,9,Yes,Yes,RotoWire projected lineup; MLB probable pitchers,lineup projected / unconfirmed,H:2026/2025 P:2026/2025,,,Direct BvP not yet weighted; 2026/2025 Statcast baseline active,7,5,26,0,"Last 7 games: 5/26, 0 HR","switch hitter; pitcher baseline 8.4% barrel, 11.6 HR allowed",neutral batted-ball profile; pitcher fly-ball pressure modest,3.16,32.42,87.16,97.3418,0.3517,0.1067,0.2929,69.93,7.15,43.85,25.3,8.5,0.1126,8.38,35.23,87.7,0.4071,0.1644,28.51,,,Progressive Field,
248,802415,Chandler Simpson,TB,NYM,2026-09-01T22:40:00Z,Scheduled,8,Sean Manaea,640455,L,30.3,Longshot,Watch List,Projected Lineup,0.2,54.4,27.6,47.9,50.0,36.0,No,No,8,Yes,Yes,RotoWire projected lineup; MLB probable pitchers,lineup projected / unconfirmed,H:2026/2025 P:2026/2025,,,Direct BvP not yet weighted; 2026/2025 Statcast baseline active,7,9,25,0,Contact streak: 9/25 over last 7 games,"same-side matchup; pitcher baseline 10.5% barrel, 17.9 HR allowed",neutral batted-ball profile; pitcher fly-ball pressure modest,0.0,14.36,83.95,92.834,0.3066,0.0382,0.2725,64.66,0.51,28.41,12.37,0.0,0.0528,10.51,42.25,89.45,0.4381,0.189,28.89,,,Tropicana Field,
249,,John Peck,DET,MIN,2026-09-01T23:40:00Z,Scheduled,2,Andrew Morris,702193,R,30.3,Longshot,Watch List,"Projected Lineup, Premium Lineup Spot",6.4,12.1,27.1,95.5,60.0,50.0,No,No,2,Yes,Yes,RotoWire projected lineup; MLB probable pitchers,lineup projected / unconfirmed,H: P:2026,,,Direct BvP not yet weighted; 2026/2025 Statcast baseline active,,,,,Recent form unavailable,"handedness incomplete; pitcher baseline 3.1% barrel, 4.0 HR allowed",neutral batted-ball profile; pitcher fly-ball pressure modest,,,,,,,,,,,,,,3.1,33.0,86.3,0.319,0.093,27.7,,,Target Field,
250,683083,Nasim Nunez,WSH,ATL,2026-09-01T22:45:00Z,Scheduled,8,AJ Smith-Shawver,700363,R,30.1,Longshot,Watch List,"Projected Lineup, Platoon Edge",5.6,43.5,28.2,47.9,75.0,1.6,No,No,8,Yes,Yes,RotoWire projected lineup; MLB probable pitchers,lineup projected / unconfirmed,H:2026/2025 P:2026/2025,,,Direct BvP not yet weighted; 2026/2025 Statcast baseline active,7,3,23,0,"Last 7 games: 3/23, 0 HR","switch hitter; pitcher baseline 8.5% barrel, 1.9 HR allowed",neutral batted-ball profile; pitcher fly-ball pressure modest,1.83,27.85,86.22,96.1301,0.3019,0.0741,0.2757,68.67,4.7,30.8,19.52,1.9,0.0762,8.47,41.7,89.65,0.4365,0.1646,29.38,,,Nationals Park,
251,691594,Javier Sanoja,MIA,KC,2026-09-01T23:40:00Z,Scheduled,6,Randy Dobnak,677976,R,30.1,Longshot,Watch List,Projected Lineup,9.6,31.4,23.2,71.7,50.0,26.4,No,No,6,Yes,Yes,RotoWire projected lineup; MLB probable pitchers,lineup projected / unconfirmed,H:2026/2025 P:2026/2025,,,Direct BvP not yet weighted; 2026/2025 Statcast baseline active,7,8,27,0,"Last 7 games: 8/27, 0 HR","same-side matchup; pitcher baseline 4.4% barrel, 2.4 HR allowed",neutral batted-ball profile; pitcher fly-ball pressure modest,2.01,31.71,87.31,97.3404,0.3343,0.0788,0.2806,68.86,6.53,37.45,19.25,6.0,0.1432,4.41,44.75,91.11,0.4129,0.1268,21.43,,,Kauffman Stadium,
252,687231,Darell Hernaiz,ATH,TEX,2026-09-02T00:05:00Z,Scheduled,9,MacKenzie Gore,669022,L,30.0,Longshot,Watch List,"Projected Lineup, Platoon Edge",4.7,46.4,27.6,40.2,78.0,10.6,No,No,9,Yes,Yes,RotoWire projected lineup; MLB probable pitchers,lineup projected / unconfirmed,H:2026/2025 P:2026/2025,,,Direct BvP not yet weighted; 2026/2025 Statcast baseline active,7,4,21,0,"Last 7 games: 4/21, 0 HR","platoon edge; pitcher baseline 9.3% barrel, 18.6 HR allowed",neutral batted-ball profile; pitcher fly-ball pressure modest,1.59,28.49,85.07,96.4217,0.2985,0.0656,0.2812,68.9,6.08,29.03,20.88,1.3,0.054,9.34,42.21,89.49,0.3884,0.1502,28.21,,,Globe Life Field,
253,702332,Caleb Durbin,BOS,SEA,2026-09-01T22:45:00Z,Scheduled,7,Bryan Woo,693433,R,29.9,Longshot,Watch List,Projected Lineup,4.1,44.4,28.7,59.8,50.0,13.6,No,No,7,Yes,Yes,RotoWire projected lineup; MLB probable pitchers,lineup projected / unconfirmed,H:2026/2025 P:2026/2025,,,Direct BvP not yet weighted; 2026/2025 Statcast baseline active,7,4,19,0,"Last 7 games: 4/19, 0 HR","same-side matchup; pitcher baseline 8.0% barrel, 19.7 HR allowed",neutral batted-ball profile; pitcher fly-ball pressure modest,3.09,26.2,84.08,95.6874,0.3319,0.0902,0.2945,68.88,5.09,40.18,20.17,11.7,0.1352,7.98,43.34,89.66,0.387,0.1548,28.62,,,Fenway Park,
254,677870,Leo Jimenez,MIA,KC,2026-09-01T23:40:00Z,Scheduled,9,Randy Dobnak,677976,R,29.9,Longshot,Watch List,Projected Lineup,26.5,31.4,23.2,40.2,50.0,0.8,No,No,9,Yes,Yes,RotoWire projected lineup; MLB probable pitchers,lineup projected / unconfirmed,H:2026/2025 P:2026/2025,,,Direct BvP not yet weighted; 2026/2025 Statcast baseline active,7,2,16,0,"Last 7 games: 2/16, 0 HR","same-side matchup; pitcher baseline 4.4% barrel, 2.4 HR allowed",neutral batted-ball profile; pitcher fly-ball pressure modest,5.53,43.14,90.53,100.125,0.3341,0.1057,0.2977,71.58,13.29,35.14,23.89,1.7,0.0736,4.41,44.75,91.11,0.4129,0.1268,21.43,,,Kauffman Stadium,
255,663968,Jake Mangum,PIT,SF,2026-09-01T22:40:00Z,Scheduled,7,Logan Webb,657277,R,27.8,Longshot,Watch List,"Projected Lineup, Platoon Edge",6.1,28.9,24.3,59.8,75.0,1.6,No,No,7,Yes,Yes,RotoWire projected lineup; MLB probable pitchers,lineup projected / unconfirmed,H:2026/2025 P:2026/2025,,,Direct BvP not yet weighted; 2026/2025 Statcast baseline active,7,3,23,0,"Last 7 games: 3/23, 0 HR","switch hitter; pitcher baseline 6.5% barrel, 11.9 HR allowed",neutral batted-ball profile; pitcher fly-ball pressure modest,2.21,29.41,86.04,96.7417,0.3276,0.0801,0.2809,67.58,3.87,27.93,15.42,3.7,0.0818,6.48,38.87,88.51,0.3805,0.1282,19.56,,,PNC Park,
256,703601,Max Clark,DET,MIN,2026-09-01T23:40:00Z,Scheduled,9,Andrew Morris,702193,R,26.9,Longshot,Watch List,"Projected Lineup, Platoon Edge",17.5,12.5,27.1,40.2,80.0,24.0,No,No,9,Yes,Yes,RotoWire projected lineup; MLB probable pitchers,lineup projected / unconfirmed,H:2026 P:2026,,,Direct BvP not yet weighted; 2026/2025 Statcast baseline active,7,3,19,1,"Last 7 games: 3/19, 1 HR","platoon edge; pitcher baseline 3.1% barrel, 4.0 HR allowed",neutral batted-ball profile; pitcher fly-ball pressure modest,1.3,38.7,86.5,97.7926,0.365,0.094,0.308,73.4,29.0,36.0,26.7,2.0,0.169,3.1,33.0,86.3,0.319,0.093,27.7,,,Target Field,
257,701162,Ben Malgeri,DET,MIN,2026-09-01T23:40:00Z,Scheduled,8,Andrew Morris,702193,R,26.2,Longshot,Watch List,Projected Lineup,24.1,12.5,27.1,47.9,50.0,0.0,No,No,8,Yes,Yes,RotoWire projected lineup; MLB probable pitchers,lineup projected / unconfirmed,H:2026 P:2026,,,Direct BvP not yet weighted; 2026/2025 Statcast baseline active,7,1,13,0,"Last 7 games: 1/13, 0 HR","same-side matchup; pitcher baseline 3.1% barrel, 4.0 HR allowed",neutral batted-ball profile; pitcher fly-ball pressure modest,5.9,41.2,89.8,99.9523,0.33,0.106,0.308,69.1,4.5,41.2,25.5,3.0,0.153,3.1,33.0,86.3,0.319,0.093,27.7,,,Target Field,
258,683766,Christian Koss,SF,PIT,2026-09-01T22:40:00Z,Scheduled,9,Paul Skenes,694973,R,26.0,Longshot,Watch List,Projected Lineup,12.7,29.6,24.3,40.2,50.0,18.3,No,No,9,Yes,Yes,RotoWire projected lineup; MLB probable pitchers,lineup projected / unconfirmed,H:2026/2025 P:2026/2025,,,Direct BvP not yet weighted; 2026/2025 Statcast baseline active,7,2,20,1,"Last 7 games: 2/20, 1 HR","same-side matchup; pitcher baseline 6.8% barrel, 13.1 HR allowed",neutral batted-ball profile; pitcher fly-ball pressure modest,5.93,31.01,85.92,97.9122,0.3103,0.0935,0.255,69.79,6.42,39.77,18.91,1.6,0.0781,6.85,39.4,88.16,0.3343,0.1253,23.43,,,PNC Park,
259,623168,Tyler Heineman,LAA,NYY,2026-09-02T01:38:00Z,Scheduled,9,Gerrit Cole,543037,R,26.0,Longshot,Watch List,"Projected Lineup, Platoon Edge",0.4,38.5,28.2,40.2,75.0,0.0,No,No,9,Yes,Yes,RotoWire projected lineup; MLB probable pitchers,lineup projected / unconfirmed,H:2026/2025 P:2026,,,Direct BvP not yet weighted; 2026/2025 Statcast baseline active,7,1,13,0,"Last 7 games: 1/13, 0 HR","switch hitter; pitcher baseline 7.9% barrel, 13.0 HR allowed",neutral batted-ball profile; pitcher fly-ball pressure modest,1.52,14.77,82.23,92.4484,0.2699,0.0545,0.2478,65.61,0.49,45.04,22.1,1.6,0.0717,7.9,42.3,90.2,0.363,0.129,28.7,,,Angel Stadium,
260,801501,Nate Furman,SF,PIT,2026-09-01T22:40:00Z,Scheduled,8,Paul Skenes,694973,R,25.5,Longshot,Watch List,"Projected Lineup, Platoon Edge",0.2,29.6,24.3,47.9,80.0,16.6,No,No,8,Yes,Yes,RotoWire projected lineup; MLB probable pitchers,lineup projected / unconfirmed,H:2026 P:2026/2025,,,Direct BvP not yet weighted; 2026/2025 Statcast baseline active,7,3,13,0,"Last 7 games: 3/13, 0 HR","platoon edge; pitcher baseline 6.8% barrel, 13.1 HR allowed",neutral batted-ball profile; pitcher fly-ball pressure modest,0.0,25.0,84.0,94.5239,0.203,0.032,0.247,66.3,0.0,41.7,16.7,0.0,0.0,6.85,39.4,88.16,0.3343,0.1253,23.43,,,PNC Park,
261,683227,Cody Freeman,TEX,ATH,2026-09-02T00:05:00Z,Scheduled,8,Brady Basso,669620,L,25.4,Longshot,Watch List,"Projected Lineup, Platoon Edge",0.5,20.5,27.6,47.9,78.0,48.3,No,No,8,Yes,Yes,RotoWire projected lineup; MLB probable pitchers,lineup projected / unconfirmed,H:2026/2025 P:2026/2025,,,Direct BvP not yet weighted; 2026/2025 Statcast baseline active,7,8,25,1,Contact streak: 8/25 over last 7 games,"platoon edge; pitcher baseline 4.4% barrel, 2.1 HR allowed",neutral batted-ball profile; pitcher fly-ball pressure modest,2.73,20.9,83.43,94.2793,0.2595,0.0681,0.2437,66.81,0.45,41.25,20.14,1.6,0.1091,4.42,37.52,89.1,0.3585,0.0902,24.85,,,Globe Life Field,
