rank,hitter_id,player,team,opponent,game_start_time,game_status,batting_order,pitcher,pitcher_id,pitcher_hand,hr_score,tier,play_type,reason_tags,power_score,pitcher_score,environment_score,lineup_score,platoon_score,recent_form_score,confirmed_lineup,rotowire_confirmed_lineup,rotowire_batting_order,rotowire_player_found,lineup_disagreement,lineup_sources_used,source_warnings,stat_years_used,bvp_pa,bvp_hr,bvp_note,recent_games,recent_hits,recent_abs,recent_hr,recent_form_note,split_matchup_note,pitch_mix_note,barrel_pct,hard_hit_pct,avg_exit_velocity,ev50,xslg,xiso,xwoba,bat_speed,fast_swing_pct,pull_pct,fb_pct,hr_total,iso,pitcher_barrel_pct_allowed,pitcher_hard_hit_pct_allowed,pitcher_avg_exit_velocity_allowed,pitcher_xslg_allowed,pitcher_xiso_allowed,pitcher_fb_pct_allowed,wind_direction,weather_temp,ballpark,odds
1,621566,Matt Olson,ATL,COL,2026-08-28T23:15:00Z,Scheduled,3,Tomoyuki Sugano,608372,R,65.9,Tier 3,Watch List,"Projected Lineup, Strong Barrel, Pitcher Vulnerable, Premium Lineup Spot, Platoon Edge",68.1,72.1,30.9,92.1,80.0,28.1,No,No,3,Yes,Yes,RotoWire projected lineup; MLB probable pitchers,lineup projected / unconfirmed,H:2026/2025 P:2026/2025,,,Direct BvP not yet weighted; 2026/2025 Statcast baseline active,7,5,27,1,"Last 7 games: 5/27, 1 HR","platoon edge; pitcher baseline 12.6% barrel, 28.1 HR allowed",EV profile; pitcher fly-ball pressure modest,15.45,51.2,92.88,103.8731,0.5158,0.2657,0.3628,74.6,47.96,37.86,33.34,34.6,0.2582,12.64,42.46,90.63,0.5534,0.2469,29.86,,,Truist Park,
2,805811,Bryce Eldridge,SF,AZ,2026-08-29T02:15:00Z,Scheduled,3,Kohl Drake,684442,L,65.8,Tier 3,Watch List,"Projected Lineup, Strong Barrel, Pitcher Vulnerable, Premium Lineup Spot",69.1,84.9,19.3,92.1,50.0,46.5,No,No,3,Yes,Yes,RotoWire projected lineup; MLB probable pitchers,lineup projected / unconfirmed,H:2026/2025 P:2026,,,Direct BvP not yet weighted; 2026/2025 Statcast baseline active,7,8,26,1,"Last 7 games: 8/26, 1 HR","same-side matchup; pitcher baseline 16.4% barrel, 3.0 HR allowed",lift-pull EV profile; pitcher allows elevated contact,15.62,57.11,93.43,103.2734,0.4771,0.247,0.3559,73.0,28.99,38.97,37.61,9.8,0.1497,16.4,49.1,91.6,0.625,0.308,40.0,,,Oracle Park,
3,646240,Rafael Devers,SF,AZ,2026-08-29T02:15:00Z,Scheduled,2,Kohl Drake,684442,L,64.7,Tier 3,Watch List,"Projected Lineup, Strong Barrel, Pitcher Vulnerable, Premium Lineup Spot, Hot Hitter/Streak",58.6,84.9,19.3,95.5,50.0,85.0,No,No,2,Yes,Yes,RotoWire projected lineup; MLB probable pitchers,lineup projected / unconfirmed,H:2026/2025 P:2026,,,Direct BvP not yet weighted; 2026/2025 Statcast baseline active,7,8,25,4,Hot streak: 4 HR in last 7 games,"same-side matchup; pitcher baseline 16.4% barrel, 3.0 HR allowed",EV profile; pitcher allows elevated contact,12.64,52.32,92.94,103.0754,0.4611,0.2266,0.3404,71.81,20.44,33.91,34.02,30.8,0.2361,16.4,49.1,91.6,0.625,0.308,40.0,,,Oracle Park,
4,624413,Pete Alonso,BAL,ATH,2026-08-29T01:40:00Z,Scheduled,2,,,,62.4,Tier 3,Watch List,"Projected Lineup, Strong Barrel, Premium Lineup Spot, Hot Hitter/Streak",73.5,41.2,30.9,95.5,60.0,95.9,No,No,2,Yes,Yes,RotoWire projected lineup; MLB probable pitchers,lineup projected / unconfirmed,H:2026/2025 P:,,,Direct BvP not yet weighted; 2026/2025 Statcast baseline active,7,11,28,3,Hot streak: 3 HR in last 7 games,"handedness incomplete; pitcher baseline 0.0% barrel, 0.0 HR allowed",EV profile; pitcher fly-ball pressure modest,15.54,56.08,93.99,104.2993,0.5594,0.2773,0.393,74.78,49.14,35.94,30.88,33.8,0.2436,,,,,,,,,Sutter Health Park,
5,686948,Drake Baldwin,ATL,COL,2026-08-28T23:15:00Z,Scheduled,1,Tomoyuki Sugano,608372,R,62.3,Tier 3,Watch List,"Projected Lineup, Strong Barrel, Pitcher Vulnerable, Premium Lineup Spot, Platoon Edge",56.7,72.1,30.9,88.7,80.0,40.7,No,No,1,Yes,Yes,RotoWire projected lineup; MLB probable pitchers,lineup projected / unconfirmed,H:2026/2025 P:2026/2025,,,Direct BvP not yet weighted; 2026/2025 Statcast baseline active,7,7,26,1,"Last 7 games: 7/26, 1 HR","platoon edge; pitcher baseline 12.6% barrel, 28.1 HR allowed",neutral batted-ball profile; pitcher fly-ball pressure modest,12.4,51.14,91.77,102.3621,0.4933,0.2171,0.3663,75.3,56.02,32.64,24.83,20.4,0.1824,12.64,42.46,90.63,0.5534,0.2469,29.86,,,Truist Park,
6,808959,Munetaka Murakami,CWS,MIN,2026-08-29T00:10:00Z,Scheduled,2,Dean Kremer,665152,R,61.2,Tier 3,Watch List,"Projected Lineup, Elite Power, Strong Barrel, Premium Lineup Spot, Platoon Edge",80.0,42.4,27.1,95.5,80.0,0.0,No,No,2,Yes,Yes,RotoWire projected lineup; MLB probable pitchers,lineup projected / unconfirmed,H:2026 P:2026/2025,,,Direct BvP not yet weighted; 2026/2025 Statcast baseline active,7,2,26,0,"Last 7 games: 2/26, 0 HR","platoon edge; pitcher baseline 7.8% barrel, 16.4 HR allowed",lift-pull EV profile; pitcher allows elevated contact,19.7,58.2,94.0,104.5222,0.491,0.277,0.361,74.8,50.7,43.3,38.0,29.0,0.284,7.79,35.38,87.61,0.4326,0.1953,33.16,,,Target Field,
7,660271,Shohei Ohtani,LAD,DET,2026-08-28T22:40:00Z,Scheduled,1,Drew Anderson,623454,R,60.3,Tier 3,Watch List,"Projected Lineup, Elite Power, Strong Barrel, Premium Lineup Spot, Platoon Edge",80.7,40.4,27.6,88.7,80.0,4.2,No,No,1,Yes,Yes,RotoWire projected lineup; MLB probable pitchers,lineup projected / unconfirmed,H:2026/2025 P:2026,,,Direct BvP not yet weighted; 2026/2025 Statcast baseline active,7,4,27,0,"Last 7 games: 4/27, 0 HR","platoon edge; pitcher baseline 8.6% barrel, 13.0 HR allowed",lift-pull EV profile; pitcher fly-ball pressure modest,18.53,54.22,93.92,104.5212,0.5965,0.3085,0.4124,75.03,53.29,46.35,32.13,37.5,0.2826,8.6,38.6,90.2,0.369,0.148,25.1,,,Comerica Park,
8,670541,Yordan Alvarez,HOU,NYM,2026-08-28T23:10:00Z,Scheduled,2,Christian Scott,681035,R,59.8,Longshot,Watch List,"Projected Lineup, Elite Power, Strong Barrel, Premium Lineup Spot, Platoon Edge",80.8,29.2,24.8,95.5,80.0,36.5,No,No,2,Yes,Yes,RotoWire projected lineup; MLB probable pitchers,lineup projected / unconfirmed,H:2026/2025 P:2026,,,Direct BvP not yet weighted; 2026/2025 Statcast baseline active,7,8,22,0,Contact streak: 8/22 over last 7 games,"platoon edge; pitcher baseline 7.4% barrel, 10.0 HR allowed",lift-pull EV profile; pitcher fly-ball pressure modest,16.11,53.39,94.56,105.0047,0.6337,0.3175,0.4378,76.17,62.01,41.09,36.31,27.0,0.2522,7.4,34.2,87.1,0.362,0.133,27.7,,,Citi Field,
9,656941,Kyle Schwarber,PHI,LAA,2026-08-29T01:38:00Z,Scheduled,1,Reid Detmers,672282,L,59.6,Longshot,Watch List,"Projected Lineup, Elite Power, Strong Barrel, Premium Lineup Spot",77.6,40.2,28.2,88.7,50.0,63.8,No,No,1,Yes,Yes,RotoWire projected lineup; MLB probable pitchers,lineup projected / unconfirmed,H:2026/2025 P:2026/2025,,,Direct BvP not yet weighted; 2026/2025 Statcast baseline active,7,5,28,3,Hot streak: 3 HR in last 7 games,"same-side matchup; pitcher baseline 8.1% barrel, 13.7 HR allowed",lift-pull EV profile; pitcher fly-ball pressure modest,18.77,53.58,93.18,104.3402,0.5257,0.2847,0.3772,77.16,75.49,54.77,33.53,44.8,0.2985,8.13,39.93,90.1,0.3637,0.1432,28.27,,,Angel Stadium,
10,694192,Jackson Chourio,MIL,TEX,2026-08-28T23:40:00Z,Scheduled,1,Cody Bradford,674003,L,58.7,Longshot,Watch List,"Projected Lineup, Strong Barrel, Premium Lineup Spot, Platoon Edge, Hot Hitter/Streak",50.7,60.7,27.6,88.7,78.0,75.6,No,No,1,Yes,Yes,RotoWire projected lineup; MLB probable pitchers,lineup projected / unconfirmed,H:2026/2025 P:2026,,,Direct BvP not yet weighted; 2026/2025 Statcast baseline active,7,11,29,2,Hot streak: 2 HR in last 7 games,"platoon edge; pitcher baseline 11.8% barrel, 1.0 HR allowed",neutral batted-ball profile; pitcher allows elevated contact,11.94,45.45,91.05,101.8906,0.4561,0.2028,0.3287,74.25,43.68,30.38,28.29,18.2,0.1853,11.8,40.6,91.5,0.488,0.202,34.8,,,American Family Field,
11,660670,Ronald Acuna,ATL,COL,2026-08-28T23:15:00Z,Scheduled,2,Tomoyuki Sugano,608372,R,58.6,Longshot,Watch List,"Projected Lineup, Strong Barrel, Pitcher Vulnerable, Premium Lineup Spot",56.8,72.1,30.9,95.5,50.0,0.0,No,No,2,Yes,Yes,RotoWire projected lineup; MLB probable pitchers,lineup projected / unconfirmed,H:2026/2025 P:2026/2025,,,Direct BvP not yet weighted; 2026/2025 Statcast baseline active,7,3,29,0,"Last 7 games: 3/29, 0 HR","same-side matchup; pitcher baseline 12.6% barrel, 28.1 HR allowed",neutral batted-ball profile; pitcher fly-ball pressure modest,13.18,47.32,90.81,102.9224,0.4853,0.2307,0.369,76.05,63.02,36.3,27.67,15.4,0.1895,12.64,42.46,90.63,0.5534,0.2469,29.86,,,Truist Park,
12,641343,Jake Bauers,MIL,TEX,2026-08-28T23:40:00Z,Scheduled,4,Cody Bradford,674003,L,58.6,Longshot,Watch List,"Projected Lineup, Strong Barrel, Premium Lineup Spot",60.9,60.7,27.6,90.4,50.0,51.3,No,No,4,Yes,Yes,RotoWire projected lineup; MLB probable pitchers,lineup projected / unconfirmed,H:2026/2025 P:2026,,,Direct BvP not yet weighted; 2026/2025 Statcast baseline active,7,5,23,2,Hot streak: 2 HR in last 7 games,"same-side matchup; pitcher baseline 11.8% barrel, 1.0 HR allowed",lift-pull EV profile; pitcher allows elevated contact,13.91,50.78,92.19,103.0911,0.4724,0.2223,0.3652,76.57,70.07,40.69,30.54,18.2,0.2095,11.8,40.6,91.5,0.488,0.202,34.8,,,American Family Field,
13,671739,Michael Harris,ATL,COL,2026-08-28T23:15:00Z,Scheduled,5,Tomoyuki Sugano,608372,R,58.1,Longshot,Watch List,"Projected Lineup, Strong Barrel, Pitcher Vulnerable, Platoon Edge",46.1,72.1,30.9,81.9,80.0,44.8,No,No,5,Yes,Yes,RotoWire projected lineup; MLB probable pitchers,lineup projected / unconfirmed,H:2026/2025 P:2026/2025,,,Direct BvP not yet weighted; 2026/2025 Statcast baseline active,7,8,27,1,"Last 7 games: 8/27, 1 HR","platoon edge; pitcher baseline 12.6% barrel, 28.1 HR allowed",neutral batted-ball profile; pitcher fly-ball pressure modest,10.29,46.83,90.41,103.2449,0.4674,0.1844,0.3353,74.79,47.33,36.64,22.21,20.7,0.1859,12.64,42.46,90.63,0.5534,0.2469,29.86,,,Truist Park,
14,696100,Hunter Goodman,COL,ATL,2026-08-28T23:15:00Z,Scheduled,4,Grant Holmes,656550,R,57.9,Longshot,Watch List,"Projected Lineup, Strong Barrel, Premium Lineup Spot, Hot Hitter/Streak",60.3,52.0,30.9,90.4,50.0,74.5,No,No,4,Yes,Yes,RotoWire projected lineup; MLB probable pitchers,lineup projected / unconfirmed,H:2026/2025 P:2026/2025,,,Direct BvP not yet weighted; 2026/2025 Statcast baseline active,7,6,24,3,Hot streak: 3 HR in last 7 games,"same-side matchup; pitcher baseline 9.3% barrel, 18.1 HR allowed",neutral batted-ball profile; pitcher fly-ball pressure modest,15.77,46.13,90.52,102.7821,0.4728,0.2378,0.329,75.0,49.23,47.93,32.97,34.5,0.2812,9.26,43.02,90.94,0.4266,0.1754,27.11,,,Truist Park,
15,695491,Joshua Baez,STL,PIT,2026-08-29T00:15:00Z,Scheduled,5,Jared Jones,683003,R,57.5,Longshot,Watch List,"Projected Lineup, Elite Power, Strong Barrel",83.0,40.9,22.1,81.9,50.0,19.9,No,No,5,Yes,Yes,RotoWire projected lineup; MLB probable pitchers,lineup projected / unconfirmed,H:2026 P:2026,,,Direct BvP not yet weighted; 2026/2025 Statcast baseline active,7,3,23,1,"Last 7 games: 3/23, 1 HR","same-side matchup; pitcher baseline 8.2% barrel, 11.0 HR allowed",EV profile; pitcher fly-ball pressure modest,20.0,56.0,93.4,103.4725,0.498,0.292,0.322,77.9,75.6,28.0,44.0,4.0,0.293,8.2,39.1,89.7,0.382,0.166,27.2,,,Busch Stadium,
16,695506,Jac Caglianone,KC,CLE,2026-08-28T23:10:00Z,Scheduled,3,Tanner Bibee,676440,R,57.4,Longshot,Watch List,"Projected Lineup, Strong Barrel, Premium Lineup Spot, Platoon Edge",59.3,43.6,27.6,92.1,80.0,63.3,No,No,3,Yes,Yes,RotoWire projected lineup; MLB probable pitchers,lineup projected / unconfirmed,H:2026/2025 P:2026/2025,,,Direct BvP not yet weighted; 2026/2025 Statcast baseline active,7,12,28,1,Contact streak: 12/28 over last 7 games,"platoon edge; pitcher baseline 8.2% barrel, 26.3 HR allowed",neutral batted-ball profile; pitcher fly-ball pressure modest,13.61,50.94,91.99,104.7561,0.4849,0.2192,0.3469,77.33,74.9,43.23,22.54,17.5,0.1898,8.17,38.84,89.06,0.4116,0.166,27.83,,,Progressive Field,
17,621439,Byron Buxton,MIN,CWS,2026-08-29T00:10:00Z,Scheduled,2,Luis Castillo,622491,R,57.0,Longshot,Watch List,"Projected Lineup, Strong Barrel, Premium Lineup Spot",64.1,55.1,27.1,95.5,50.0,13.3,No,No,2,Yes,Yes,RotoWire projected lineup; MLB probable pitchers,lineup projected / unconfirmed,H:2026/2025 P:2026/2025,,,Direct BvP not yet weighted; 2026/2025 Statcast baseline active,7,5,24,0,"Last 7 games: 5/24, 0 HR","same-side matchup; pitcher baseline 10.0% barrel, 21.6 HR allowed",neutral batted-ball profile; pitcher fly-ball pressure modest,16.44,48.83,90.89,102.2254,0.4965,0.2478,0.3451,74.37,43.46,48.38,33.58,28.0,0.266,9.98,43.6,90.16,0.4453,0.1828,28.28,,,Target Field,
18,665487,Fernando Tatis,SD,TB,2026-08-28T23:10:00Z,Scheduled,1,Shane McClanahan,663556,L,56.6,Longshot,Watch List,"Projected Lineup, Strong Barrel, Premium Lineup Spot, Platoon Edge, Hot Hitter/Streak",56.8,44.0,27.6,88.7,78.0,73.7,No,No,1,Yes,Yes,RotoWire projected lineup; MLB probable pitchers,lineup projected / unconfirmed,H:2026/2025 P:2026,,,Direct BvP not yet weighted; 2026/2025 Statcast baseline active,7,11,30,2,Hot streak: 2 HR in last 7 games,"platoon edge; pitcher baseline 8.9% barrel, 8.0 HR allowed",EV profile; pitcher fly-ball pressure modest,12.05,53.48,93.02,104.5025,0.488,0.1981,0.3742,75.58,58.19,35.15,22.29,19.4,0.1661,8.9,41.6,89.5,0.405,0.164,27.7,,,Tropicana Field,
19,691718,Pete Crow-Armstrong,CHC,CIN,2026-08-28T18:20:00Z,Scheduled,1,Rhett Lowder,695076,R,56.3,Longshot,Watch List,"Projected Lineup, Strong Barrel, Premium Lineup Spot, Platoon Edge",53.9,50.4,29.8,88.7,80.0,45.5,No,No,1,Yes,Yes,RotoWire projected lineup; MLB probable pitchers,lineup projected / unconfirmed,H:2026/2025 P:2026,,,Direct BvP not yet weighted; 2026/2025 Statcast baseline active,7,5,28,2,Hot streak: 2 HR in last 7 games,"platoon edge; pitcher baseline 9.5% barrel, 15.0 HR allowed",fly-ball profile; pitcher fly-ball pressure modest,12.54,46.43,89.85,101.4408,0.4715,0.2239,0.3469,74.17,43.83,49.74,35.92,32.4,0.262,9.5,37.6,90.1,0.455,0.189,28.0,,,Wrigley Field,
20,694376,Shay Whitcomb,SF,AZ,2026-08-29T02:15:00Z,Scheduled,8,Kohl Drake,684442,L,55.8,Longshot,Watch List,"Projected Lineup, Strong Barrel, Pitcher Vulnerable, Platoon Edge",50.8,84.9,19.3,47.9,78.0,41.2,No,No,8,Yes,Yes,RotoWire projected lineup; MLB probable pitchers,lineup projected / unconfirmed,H:2026/2025 P:2026,,,Direct BvP not yet weighted; 2026/2025 Statcast baseline active,7,3,20,2,Hot streak: 2 HR in last 7 games,"platoon edge; pitcher baseline 16.4% barrel, 3.0 HR allowed",fly-ball profile; pitcher allows elevated contact,16.12,38.64,87.65,98.691,0.4084,0.229,0.254,71.66,14.56,42.58,38.64,2.4,0.234,16.4,49.1,91.6,0.625,0.308,40.0,,,Oracle Park,
21,666160,Mickey Moniak,COL,ATL,2026-08-28T23:15:00Z,Scheduled,2,Grant Holmes,656550,R,55.6,Longshot,Watch List,"Projected Lineup, Strong Barrel, Premium Lineup Spot, Platoon Edge",47.7,52.0,30.9,95.5,80.0,44.5,No,No,2,Yes,Yes,RotoWire projected lineup; MLB probable pitchers,lineup projected / unconfirmed,H:2026/2025 P:2026/2025,,,Direct BvP not yet weighted; 2026/2025 Statcast baseline active,7,5,29,2,Hot streak: 2 HR in last 7 games,"platoon edge; pitcher baseline 9.3% barrel, 18.1 HR allowed",fly-ball profile; pitcher fly-ball pressure modest,11.14,42.92,89.7,100.3379,0.4291,0.2,0.3006,74.19,43.39,46.03,38.31,21.9,0.2578,9.26,43.02,90.94,0.4266,0.1754,27.11,,,Truist Park,
22,695600,Carter Jensen,KC,CLE,2026-08-28T23:10:00Z,Scheduled,1,Tanner Bibee,676440,R,55.5,Longshot,Watch List,"Projected Lineup, Strong Barrel, Premium Lineup Spot, Platoon Edge",55.0,43.6,27.6,88.7,80.0,61.5,No,No,1,Yes,Yes,RotoWire projected lineup; MLB probable pitchers,lineup projected / unconfirmed,H:2026/2025 P:2026/2025,,,Direct BvP not yet weighted; 2026/2025 Statcast baseline active,7,6,21,2,Hot streak: 2 HR in last 7 games,"platoon edge; pitcher baseline 8.2% barrel, 26.3 HR allowed",lift-pull EV profile; pitcher fly-ball pressure modest,13.31,47.87,92.25,102.7038,0.4426,0.2004,0.3357,74.1,38.45,39.88,30.49,12.8,0.2017,8.17,38.84,89.06,0.4116,0.166,27.83,,,Progressive Field,
23,701398,Sal Stewart,CIN,CHC,2026-08-28T18:20:00Z,Scheduled,2,David Peterson,656849,L,55.4,Longshot,Watch List,"Projected Lineup, Strong Barrel, Premium Lineup Spot, Platoon Edge",59.4,35.9,29.8,95.5,78.0,45.3,No,No,2,Yes,Yes,RotoWire projected lineup; MLB probable pitchers,lineup projected / unconfirmed,H:2026/2025 P:2026/2025,,,Direct BvP not yet weighted; 2026/2025 Statcast baseline active,7,9,30,1,"Last 7 games: 9/30, 1 HR","platoon edge; pitcher baseline 6.4% barrel, 11.7 HR allowed",neutral batted-ball profile; pitcher fly-ball pressure modest,14.54,42.77,91.69,101.2993,0.5208,0.254,0.3639,72.17,26.44,38.64,32.58,21.1,0.2347,6.4,42.64,89.62,0.4112,0.1405,19.5,,,Wrigley Field,
24,608369,Corey Seager,TEX,MIL,2026-08-28T23:40:00Z,Scheduled,2,Logan Henderson,701656,R,55.3,Longshot,Watch List,"Projected Lineup, Strong Barrel, Premium Lineup Spot, Platoon Edge",60.6,34.0,27.6,95.5,80.0,48.5,No,No,2,Yes,Yes,RotoWire projected lineup; MLB probable pitchers,lineup projected / unconfirmed,H:2026/2025 P:2026/2025,,,Direct BvP not yet weighted; 2026/2025 Statcast baseline active,7,9,28,1,Contact streak: 9/28 over last 7 games,"platoon edge; pitcher baseline 7.9% barrel, 7.9 HR allowed",neutral batted-ball profile; pitcher allows elevated contact,14.6,49.68,91.99,102.5842,0.492,0.2392,0.3587,71.8,15.3,40.29,31.69,15.4,0.1964,7.9,36.58,88.73,0.3506,0.1372,30.51,,,American Family Field,
25,681715,Heriberto Hernandez,MIA,WSH,2026-08-28T22:45:00Z,Scheduled,2,Jackson Kent,800600,L,55.1,Longshot,Watch List,"Projected Lineup, Strong Barrel, Premium Lineup Spot, Platoon Edge",54.0,39.5,28.2,95.5,78.0,64.8,No,No,2,Yes,Yes,RotoWire projected lineup; MLB probable pitchers,lineup projected / unconfirmed,H:2026/2025 P:2026,,,Direct BvP not yet weighted; 2026/2025 Statcast baseline active,7,8,26,2,Hot streak: 2 HR in last 7 games,"platoon edge; pitcher baseline 8.3% barrel, 1.0 HR allowed",neutral batted-ball profile; pitcher fly-ball pressure modest,12.47,47.43,91.11,101.7407,0.4665,0.218,0.3452,74.14,45.04,47.17,29.64,17.0,0.2098,8.3,47.2,88.3,0.424,0.149,16.7,,,Nationals Park,
26,665019,Kody Clemens,MIN,CWS,2026-08-29T00:10:00Z,Scheduled,5,Luis Castillo,622491,R,54.4,Longshot,Watch List,"Projected Lineup, Strong Barrel, Platoon Edge",51.7,55.1,27.1,81.9,80.0,28.2,No,No,5,Yes,Yes,RotoWire projected lineup; MLB probable pitchers,lineup projected / unconfirmed,H:2026/2025 P:2026/2025,,,Direct BvP not yet weighted; 2026/2025 Statcast baseline active,7,8,26,0,"Last 7 games: 8/26, 0 HR","platoon edge; pitcher baseline 10.0% barrel, 21.6 HR allowed",lift-pull EV profile; pitcher fly-ball pressure modest,11.72,46.62,92.06,101.4908,0.4517,0.2041,0.3289,72.06,14.49,45.87,32.83,20.4,0.2217,9.98,43.6,90.16,0.4453,0.1828,28.28,,,Target Field,
27,700250,Ben Rice,NYY,BOS,2026-08-28T23:15:00Z,Scheduled,2,Patrick Sandoval,663776,L,54.3,Longshot,Watch List,"Projected Lineup, Strong Barrel, Premium Lineup Spot",64.9,29.4,38.2,95.5,50.0,44.1,No,No,2,Yes,Yes,RotoWire projected lineup; MLB probable pitchers,lineup projected / unconfirmed,H:2026/2025 P:2026,,,Direct BvP not yet weighted; 2026/2025 Statcast baseline active,7,7,24,1,"Last 7 games: 7/24, 1 HR","same-side matchup; pitcher baseline 6.5% barrel, 5.0 HR allowed",lift-pull EV profile; pitcher fly-ball pressure modest,14.98,51.13,92.6,102.5886,0.5208,0.2541,0.3791,72.98,28.5,46.15,30.81,32.3,0.2678,6.5,33.9,87.2,0.429,0.154,24.2,,,Yankee Stadium,
28,691406,Junior Caminero,TB,SD,2026-08-28T23:10:00Z,Scheduled,3,Casey Mize,663554,R,54.2,Longshot,Watch List,"Projected Lineup, Strong Barrel, Premium Lineup Spot",62.1,42.5,27.6,92.1,50.0,39.7,No,No,3,Yes,Yes,RotoWire projected lineup; MLB probable pitchers,lineup projected / unconfirmed,H:2026/2025 P:2026/2025,,,Direct BvP not yet weighted; 2026/2025 Statcast baseline active,7,10,26,0,Contact streak: 10/26 over last 7 games,"same-side matchup; pitcher baseline 8.6% barrel, 13.3 HR allowed",EV profile; pitcher allows elevated contact,13.23,50.77,92.89,105.3275,0.4968,0.2285,0.3593,79.34,84.62,46.15,23.35,38.0,0.257,8.64,39.0,89.3,0.3875,0.1546,31.02,,,Tropicana Field,
29,677951,Bobby Witt,KC,CLE,2026-08-28T23:10:00Z,Scheduled,2,Tanner Bibee,676440,R,53.7,Longshot,Watch List,"Projected Lineup, Strong Barrel, Premium Lineup Spot",55.9,43.6,27.6,95.5,50.0,55.9,No,No,2,Yes,Yes,RotoWire projected lineup; MLB probable pitchers,lineup projected / unconfirmed,H:2026/2025 P:2026/2025,,,Direct BvP not yet weighted; 2026/2025 Statcast baseline active,7,10,27,1,Contact streak: 10/27 over last 7 games,"same-side matchup; pitcher baseline 8.2% barrel, 26.3 HR allowed",EV profile; pitcher fly-ball pressure modest,11.8,50.39,92.74,103.6012,0.5052,0.2073,0.3762,73.88,41.74,30.03,26.78,18.1,0.1808,8.17,38.84,89.06,0.4116,0.166,27.83,,,Progressive Field,
30,545361,Mike Trout,LAA,PHI,2026-08-29T01:38:00Z,Scheduled,2,Andrew Painter,691725,R,53.4,Longshot,Watch List,"Projected Lineup, Strong Barrel, Premium Lineup Spot",61.3,42.1,28.2,95.5,50.0,19.5,No,No,2,Yes,Yes,RotoWire projected lineup; MLB probable pitchers,lineup projected / unconfirmed,H:2026/2025 P:2026,,,Direct BvP not yet weighted; 2026/2025 Statcast baseline active,7,6,24,0,"Last 7 games: 6/24, 0 HR","same-side matchup; pitcher baseline 8.6% barrel, 17.0 HR allowed",neutral batted-ball profile; pitcher fly-ball pressure modest,16.01,46.71,90.2,102.8495,0.4915,0.2432,0.3755,74.63,47.56,36.65,32.96,21.8,0.1972,8.6,36.6,87.3,0.439,0.177,27.1,,,Angel Stadium,
31,687952,Christian Encarnacion-Strand,BAL,ATH,2026-08-29T01:40:00Z,Scheduled,5,,,,53.4,Longshot,Watch List,"Projected Lineup, Strong Barrel",59.5,41.2,30.9,81.9,60.0,46.5,No,No,5,Yes,Yes,RotoWire projected lineup; MLB probable pitchers,lineup projected / unconfirmed,H:2026/2025 P:,,,Direct BvP not yet weighted; 2026/2025 Statcast baseline active,7,8,26,1,"Last 7 games: 8/26, 1 HR","handedness incomplete; pitcher baseline 0.0% barrel, 0.0 HR allowed",neutral batted-ball profile; pitcher fly-ball pressure modest,14.39,43.72,91.26,102.1917,0.5086,0.2626,0.3315,73.74,37.74,44.62,28.74,6.7,0.2292,,,,,,,,,Sutter Health Park,
32,806367,Turner Hill,SF,AZ,2026-08-29T02:15:00Z,Scheduled,5,Kohl Drake,684442,L,53.4,Longshot,Watch List,"Projected Lineup, Strong Barrel, Pitcher Vulnerable",38.6,84.9,19.3,81.9,50.0,29.4,No,No,5,Yes,Yes,RotoWire projected lineup; MLB probable pitchers,lineup projected / unconfirmed,H:2026 P:2026,,,Direct BvP not yet weighted; 2026/2025 Statcast baseline active,7,6,19,0,"Last 7 games: 6/19, 0 HR","same-side matchup; pitcher baseline 16.4% barrel, 3.0 HR allowed",neutral batted-ball profile; pitcher allows elevated contact,11.1,38.9,87.5,98.5324,0.478,0.196,0.368,65.7,0.0,55.6,33.3,0.0,0.182,16.4,49.1,91.6,0.625,0.308,40.0,,,Oracle Park,
33,683737,Michael Busch,CHC,CIN,2026-08-28T18:20:00Z,Scheduled,3,Rhett Lowder,695076,R,53.3,Longshot,Watch List,"Projected Lineup, Strong Barrel, Premium Lineup Spot, Platoon Edge",44.7,50.4,29.8,92.1,80.0,37.8,No,No,3,Yes,Yes,RotoWire projected lineup; MLB probable pitchers,lineup projected / unconfirmed,H:2026/2025 P:2026,,,Direct BvP not yet weighted; 2026/2025 Statcast baseline active,7,6,24,1,"Last 7 games: 6/24, 1 HR","platoon edge; pitcher baseline 9.5% barrel, 15.0 HR allowed",neutral batted-ball profile; pitcher fly-ball pressure modest,11.57,42.12,89.47,99.7285,0.4444,0.2034,0.3458,68.9,5.5,40.28,34.9,21.4,0.1836,9.5,37.6,90.1,0.455,0.189,28.0,,,Wrigley Field,
34,669065,Kyle Stowers,MIA,WSH,2026-08-28T22:45:00Z,Scheduled,3,Jackson Kent,800600,L,53.3,Longshot,Watch List,"Projected Lineup, Strong Barrel, Premium Lineup Spot",61.4,39.5,28.2,92.1,50.0,38.3,No,No,3,Yes,Yes,RotoWire projected lineup; MLB probable pitchers,lineup projected / unconfirmed,H:2026/2025 P:2026,,,Direct BvP not yet weighted; 2026/2025 Statcast baseline active,7,9,24,0,Contact streak: 9/24 over last 7 games,"same-side matchup; pitcher baseline 8.3% barrel, 1.0 HR allowed",neutral batted-ball profile; pitcher fly-ball pressure modest,13.85,54.66,91.94,103.309,0.4635,0.2209,0.3435,75.28,54.88,46.27,31.85,18.7,0.228,8.3,47.2,88.3,0.424,0.149,16.7,,,Nationals Park,
35,664023,Ian Happ,CHC,CIN,2026-08-28T18:20:00Z,Scheduled,5,Rhett Lowder,695076,R,53.1,Longshot,Watch List,"Projected Lineup, Strong Barrel, Platoon Edge, Hot Hitter/Streak",44.2,48.8,29.8,81.9,75.0,82.7,No,No,5,Yes,Yes,RotoWire projected lineup; MLB probable pitchers,lineup projected / unconfirmed,H:2026/2025 P:2026,,,Direct BvP not yet weighted; 2026/2025 Statcast baseline active,7,7,23,3,Hot streak: 3 HR in last 7 games,"switch hitter; pitcher baseline 9.5% barrel, 15.0 HR allowed",neutral batted-ball profile; pitcher fly-ball pressure modest,11.17,42.79,89.51,100.8207,0.4171,0.1965,0.326,71.81,18.29,44.89,32.11,23.0,0.1973,9.5,37.6,90.1,0.455,0.189,28.0,,,Wrigley Field,
36,661388,William Contreras,MIL,TEX,2026-08-28T23:40:00Z,Scheduled,3,Cody Bradford,674003,L,53.1,Longshot,Watch List,"Projected Lineup, Premium Lineup Spot, Platoon Edge",38.1,60.7,27.6,92.1,78.0,37.0,No,No,3,Yes,Yes,RotoWire projected lineup; MLB probable pitchers,lineup projected / unconfirmed,H:2026/2025 P:2026,,,Direct BvP not yet weighted; 2026/2025 Statcast baseline active,7,11,30,0,Contact streak: 11/30 over last 7 games,"platoon edge; pitcher baseline 11.8% barrel, 1.0 HR allowed",neutral batted-ball profile; pitcher allows elevated contact,7.45,45.0,90.4,101.5591,0.4259,0.1667,0.3343,73.34,35.74,36.04,24.08,13.5,0.1292,11.8,40.6,91.5,0.488,0.202,34.8,,,American Family Field,
37,678246,Miguel Vargas,CWS,MIN,2026-08-29T00:10:00Z,Scheduled,3,Dean Kremer,665152,R,52.8,Longshot,Watch List,"Projected Lineup, Strong Barrel, Premium Lineup Spot",54.4,42.4,27.1,92.1,50.0,63.3,No,No,3,Yes,Yes,RotoWire projected lineup; MLB probable pitchers,lineup projected / unconfirmed,H:2026/2025 P:2026/2025,,,Direct BvP not yet weighted; 2026/2025 Statcast baseline active,7,9,20,1,Contact streak: 9/20 over last 7 games,"same-side matchup; pitcher baseline 7.8% barrel, 16.4 HR allowed",fly-ball profile; pitcher allows elevated contact,12.97,44.28,90.4,100.4993,0.4875,0.2291,0.3687,72.98,33.44,44.0,35.52,25.1,0.2223,7.79,35.38,87.61,0.4326,0.1953,33.16,,,Target Field,
38,682829,Elly De La Cruz,CIN,CHC,2026-08-28T18:20:00Z,Scheduled,1,David Peterson,656849,L,52.7,Longshot,Watch List,"Projected Lineup, Strong Barrel, Premium Lineup Spot, Platoon Edge",55.0,34.6,29.8,88.7,75.0,51.9,No,No,1,Yes,Yes,RotoWire projected lineup; MLB probable pitchers,lineup projected / unconfirmed,H:2026/2025 P:2026/2025,,,Direct BvP not yet weighted; 2026/2025 Statcast baseline active,7,11,32,1,Contact streak: 11/32 over last 7 games,"switch hitter; pitcher baseline 6.4% barrel, 11.7 HR allowed",EV profile; pitcher fly-ball pressure modest,12.68,49.1,93.03,104.0052,0.4583,0.1919,0.3493,75.38,54.05,34.82,25.1,21.3,0.1998,6.4,42.64,89.62,0.4112,0.1405,19.5,,,Wrigley Field,
39,680664,Eduardo Valencia,DET,LAD,2026-08-28T22:40:00Z,Scheduled,5,Tarik Skubal,669373,L,52.7,Longshot,Watch List,"Projected Lineup, Strong Barrel, Platoon Edge",66.7,27.7,27.6,81.9,78.0,27.6,No,No,5,Yes,Yes,RotoWire projected lineup; MLB probable pitchers,lineup projected / unconfirmed,H:2026 P:2026/2025,,,Direct BvP not yet weighted; 2026/2025 Statcast baseline active,7,4,22,1,"Last 7 games: 4/22, 1 HR","platoon edge; pitcher baseline 7.5% barrel, 13.8 HR allowed",neutral batted-ball profile; pitcher fly-ball pressure modest,20.4,49.0,89.6,102.0897,0.497,0.261,0.32,73.1,28.8,34.7,26.5,6.0,0.342,7.54,34.75,86.73,0.3398,0.1205,25.83,,,Comerica Park,
40,605137,Josh Bell,MIN,CWS,2026-08-29T00:10:00Z,Scheduled,3,Luis Castillo,622491,R,52.7,Longshot,Watch List,"Projected Lineup, Strong Barrel, Premium Lineup Spot, Platoon Edge",44.4,53.2,27.1,92.1,75.0,30.3,No,No,3,Yes,Yes,RotoWire projected lineup; MLB probable pitchers,lineup projected / unconfirmed,H:2026/2025 P:2026/2025,,,Direct BvP not yet weighted; 2026/2025 Statcast baseline active,7,5,25,1,"Last 7 games: 5/25, 1 HR","switch hitter; pitcher baseline 10.0% barrel, 21.6 HR allowed",neutral batted-ball profile; pitcher fly-ball pressure modest,10.49,43.22,89.91,100.9144,0.4514,0.2003,0.338,72.33,28.71,41.36,26.85,18.5,0.173,9.98,43.6,90.16,0.4453,0.1828,28.28,,,Target Field,
41,676475,Alec Burleson,STL,PIT,2026-08-29T00:15:00Z,Scheduled,3,Jared Jones,683003,R,52.7,Longshot,Watch List,"Projected Lineup, Strong Barrel, Premium Lineup Spot, Platoon Edge",53.7,40.9,22.1,92.1,80.0,36.0,No,No,3,Yes,Yes,RotoWire projected lineup; MLB probable pitchers,lineup projected / unconfirmed,H:2026/2025 P:2026,,,Direct BvP not yet weighted; 2026/2025 Statcast baseline active,7,9,25,0,Contact streak: 9/25 over last 7 games,"platoon edge; pitcher baseline 8.2% barrel, 11.0 HR allowed",neutral batted-ball profile; pitcher fly-ball pressure modest,10.83,47.83,91.84,102.0313,0.5158,0.2263,0.3716,73.21,34.14,43.68,27.33,20.1,0.1858,8.2,39.1,89.7,0.382,0.166,27.2,,,Busch Stadium,
42,547180,Bryce Harper,PHI,LAA,2026-08-29T01:38:00Z,Scheduled,3,Reid Detmers,672282,L,52.7,Longshot,Watch List,"Projected Lineup, Strong Barrel, Premium Lineup Spot, Hot Hitter/Streak",53.1,40.2,28.2,92.1,50.0,78.7,No,No,3,Yes,Yes,RotoWire projected lineup; MLB probable pitchers,lineup projected / unconfirmed,H:2026/2025 P:2026/2025,,,Direct BvP not yet weighted; 2026/2025 Statcast baseline active,7,10,25,2,Hot streak: 2 HR in last 7 games,"same-side matchup; pitcher baseline 8.1% barrel, 13.7 HR allowed",neutral batted-ball profile; pitcher fly-ball pressure modest,11.74,45.75,90.67,101.9574,0.5046,0.2296,0.3869,74.1,45.08,37.7,27.52,27.0,0.2358,8.13,39.93,90.1,0.3637,0.1432,28.27,,,Angel Stadium,
43,666018,Jonathan Aranda,TB,SD,2026-08-28T23:10:00Z,Scheduled,2,Casey Mize,663554,R,52.4,Longshot,Watch List,"Projected Lineup, Strong Barrel, Premium Lineup Spot, Platoon Edge",48.0,42.5,27.6,95.5,80.0,32.9,No,No,2,Yes,Yes,RotoWire projected lineup; MLB probable pitchers,lineup projected / unconfirmed,H:2026/2025 P:2026/2025,,,Direct BvP not yet weighted; 2026/2025 Statcast baseline active,7,5,23,1,"Last 7 games: 5/23, 1 HR","platoon edge; pitcher baseline 8.6% barrel, 13.3 HR allowed",neutral batted-ball profile; pitcher allows elevated contact,10.59,48.06,91.67,101.2506,0.4625,0.1918,0.3575,70.22,12.41,32.78,30.06,15.4,0.1499,8.64,39.0,89.3,0.3875,0.1546,31.02,,,Tropicana Field,
44,677800,Wilyer Abreu,BOS,NYY,2026-08-28T23:15:00Z,Scheduled,3,Cam Schlittler,693645,R,52.4,Longshot,Watch List,"Projected Lineup, Strong Barrel, Premium Lineup Spot, Platoon Edge",54.0,34.9,38.2,92.1,80.0,7.9,No,No,3,Yes,Yes,RotoWire projected lineup; MLB probable pitchers,lineup projected / unconfirmed,H:2026/2025 P:2026/2025,,,Direct BvP not yet weighted; 2026/2025 Statcast baseline active,7,5,29,0,"Last 7 games: 5/29, 0 HR","platoon edge; pitcher baseline 7.8% barrel, 12.2 HR allowed",fly-ball profile; pitcher fly-ball pressure modest,12.58,44.48,90.17,101.4663,0.4785,0.2264,0.3469,73.96,38.8,38.88,36.89,22.0,0.2108,7.85,39.5,88.51,0.3504,0.1344,27.02,,,Yankee Stadium,
45,694673,Abimelec Ortiz,WSH,MIA,2026-08-28T22:45:00Z,Scheduled,2,Eury Pérez,691587,R,52.3,Longshot,Watch List,"Projected Lineup, Strong Barrel, Premium Lineup Spot, Platoon Edge",52.4,42.4,28.2,95.5,80.0,0.0,No,No,2,Yes,Yes,RotoWire projected lineup; MLB probable pitchers,lineup projected / unconfirmed,H:2026 P:2026/2025,,,Direct BvP not yet weighted; 2026/2025 Statcast baseline active,7,2,25,0,"Last 7 games: 2/25, 0 HR","platoon edge; pitcher baseline 9.1% barrel, 12.7 HR allowed",fly-ball profile; pitcher allows elevated contact,11.1,40.7,90.2,100.1041,0.482,0.242,0.324,75.4,59.7,46.3,37.0,5.0,0.236,9.07,41.04,88.89,0.3625,0.1546,30.52,,,Nationals Park,
46,575929,Willson Contreras,BOS,NYY,2026-08-28T23:15:00Z,Scheduled,4,Cam Schlittler,693645,R,52.3,Longshot,Watch List,"Projected Lineup, Strong Barrel, Premium Lineup Spot",57.3,34.9,38.2,90.4,50.0,43.2,No,No,4,Yes,Yes,RotoWire projected lineup; MLB probable pitchers,lineup projected / unconfirmed,H:2026/2025 P:2026/2025,,,Direct BvP not yet weighted; 2026/2025 Statcast baseline active,7,8,28,1,"Last 7 games: 8/28, 1 HR","same-side matchup; pitcher baseline 7.8% barrel, 12.2 HR allowed",neutral batted-ball profile; pitcher fly-ball pressure modest,13.83,45.71,90.11,102.7998,0.4922,0.2338,0.3727,76.77,68.66,45.82,28.91,24.2,0.2285,7.85,39.5,88.51,0.3504,0.1344,27.02,,,Yankee Stadium,
47,701350,Roman Anthony,BOS,NYY,2026-08-28T23:15:00Z,Scheduled,1,Cam Schlittler,693645,R,51.6,Longshot,Watch List,"Projected Lineup, Strong Barrel, Premium Lineup Spot, Platoon Edge",50.9,34.9,38.2,88.7,80.0,22.4,No,No,1,Yes,Yes,RotoWire projected lineup; MLB probable pitchers,lineup projected / unconfirmed,H:2026/2025 P:2026/2025,,,Direct BvP not yet weighted; 2026/2025 Statcast baseline active,7,7,26,0,"Last 7 games: 7/26, 0 HR","platoon edge; pitcher baseline 7.8% barrel, 12.2 HR allowed",EV profile; pitcher fly-ball pressure modest,11.19,51.27,92.96,102.6518,0.4322,0.1714,0.358,75.35,52.95,38.11,22.58,3.1,0.1157,7.85,39.5,88.51,0.3504,0.1344,27.02,,,Yankee Stadium,
48,691723,Coby Mayo,BAL,ATH,2026-08-29T01:40:00Z,Scheduled,4,,,,51.6,Longshot,Watch List,"Projected Lineup, Strong Barrel, Premium Lineup Spot",50.1,41.2,30.9,90.4,60.0,49.9,No,No,4,Yes,Yes,RotoWire projected lineup; MLB probable pitchers,lineup projected / unconfirmed,H:2026/2025 P:,,,Direct BvP not yet weighted; 2026/2025 Statcast baseline active,7,5,24,2,Hot streak: 2 HR in last 7 games,"handedness incomplete; pitcher baseline 0.0% barrel, 0.0 HR allowed",neutral batted-ball profile; pitcher fly-ball pressure modest,11.92,45.1,90.59,102.79,0.4148,0.1971,0.3058,75.4,54.67,49.97,33.9,15.2,0.2067,,,,,,,,,Sutter Health Park,
49,663586,Austin Riley,ATL,COL,2026-08-28T23:15:00Z,Scheduled,8,Tomoyuki Sugano,608372,R,51.5,Longshot,Watch List,"Projected Lineup, Strong Barrel, Pitcher Vulnerable",53.2,72.1,30.9,47.9,50.0,14.6,No,No,8,Yes,Yes,RotoWire projected lineup; MLB probable pitchers,lineup projected / unconfirmed,H:2026/2025 P:2026/2025,,,Direct BvP not yet weighted; 2026/2025 Statcast baseline active,7,5,23,0,"Last 7 games: 5/23, 0 HR","same-side matchup; pitcher baseline 12.6% barrel, 28.1 HR allowed",neutral batted-ball profile; pitcher fly-ball pressure modest,12.96,46.77,91.67,102.9063,0.4167,0.1942,0.3083,75.76,58.66,39.94,31.36,15.3,0.1498,12.64,42.46,90.63,0.5534,0.2469,29.86,,,Truist Park,
50,691023,Jordan Walker,STL,PIT,2026-08-29T00:15:00Z,Scheduled,4,Jared Jones,683003,R,51.5,Longshot,Watch List,"Projected Lineup, Strong Barrel, Premium Lineup Spot",56.0,40.9,22.1,90.4,50.0,56.2,No,No,4,Yes,Yes,RotoWire projected lineup; MLB probable pitchers,lineup projected / unconfirmed,H:2026/2025 P:2026,,,Direct BvP not yet weighted; 2026/2025 Statcast baseline active,7,7,28,2,Hot streak: 2 HR in last 7 games,"same-side matchup; pitcher baseline 8.2% barrel, 11.0 HR allowed",EV profile; pitcher fly-ball pressure modest,12.79,48.39,92.37,104.5287,0.4484,0.1949,0.3305,78.94,82.98,37.47,24.61,20.7,0.1792,8.2,39.1,89.7,0.382,0.166,27.2,,,Busch Stadium,
51,687263,Zach Neto,LAA,PHI,2026-08-29T01:38:00Z,Scheduled,1,Andrew Painter,691725,R,51.2,Longshot,Watch List,"Projected Lineup, Strong Barrel, Premium Lineup Spot, Hot Hitter/Streak",48.2,42.1,28.2,88.7,50.0,81.7,No,No,1,Yes,Yes,RotoWire projected lineup; MLB probable pitchers,lineup projected / unconfirmed,H:2026/2025 P:2026,,,Direct BvP not yet weighted; 2026/2025 Statcast baseline active,7,14,32,2,Hot streak: 2 HR in last 7 games,"same-side matchup; pitcher baseline 8.6% barrel, 17.0 HR allowed",neutral batted-ball profile; pitcher fly-ball pressure modest,12.39,42.61,90.02,100.3335,0.4313,0.2097,0.3167,71.33,14.04,47.2,34.61,23.2,0.2016,8.6,36.6,87.3,0.439,0.177,27.1,,,Angel Stadium,
52,592518,Manny Machado,SD,TB,2026-08-28T23:10:00Z,Scheduled,3,Shane McClanahan,663556,L,50.9,Longshot,Watch List,"Projected Lineup, Strong Barrel, Premium Lineup Spot, Platoon Edge",48.6,44.0,27.6,92.1,78.0,5.1,No,No,3,Yes,Yes,RotoWire projected lineup; MLB probable pitchers,lineup projected / unconfirmed,H:2026/2025 P:2026,,,Direct BvP not yet weighted; 2026/2025 Statcast baseline active,7,4,26,0,"Last 7 games: 4/26, 0 HR","platoon edge; pitcher baseline 8.9% barrel, 8.0 HR allowed",neutral batted-ball profile; pitcher fly-ball pressure modest,10.66,46.74,91.22,101.9003,0.4453,0.1925,0.3375,74.71,44.51,40.08,27.87,24.9,0.1871,8.9,41.6,89.5,0.405,0.164,27.7,,,Tropicana Field,
53,673548,Seiya Suzuki,CHC,CIN,2026-08-28T18:20:00Z,Scheduled,2,Rhett Lowder,695076,R,50.8,Longshot,Watch List,"Projected Lineup, Strong Barrel, Premium Lineup Spot",45.9,50.4,29.8,95.5,50.0,24.0,No,No,2,Yes,Yes,RotoWire projected lineup; MLB probable pitchers,lineup projected / unconfirmed,H:2026/2025 P:2026,,,Direct BvP not yet weighted; 2026/2025 Statcast baseline active,7,7,25,0,"Last 7 games: 7/25, 0 HR","same-side matchup; pitcher baseline 9.5% barrel, 15.0 HR allowed",neutral batted-ball profile; pitcher fly-ball pressure modest,12.12,41.28,89.2,100.9601,0.4412,0.1956,0.3394,73.3,37.11,42.11,31.27,25.0,0.2155,9.5,37.6,90.1,0.455,0.189,28.0,,,Wrigley Field,
54,666176,Jo Adell,CLE,KC,2026-08-28T23:10:00Z,Scheduled,4,Michael Wacha,608379,R,50.7,Longshot,Watch List,"Projected Lineup, Strong Barrel, Premium Lineup Spot",54.8,39.3,27.6,90.4,50.0,37.8,No,No,4,Yes,Yes,RotoWire projected lineup; MLB probable pitchers,lineup projected / unconfirmed,H:2026/2025 P:2026/2025,,,Direct BvP not yet weighted; 2026/2025 Statcast baseline active,7,7,28,1,"Last 7 games: 7/28, 1 HR","same-side matchup; pitcher baseline 7.1% barrel, 19.9 HR allowed",neutral batted-ball profile; pitcher fly-ball pressure modest,12.05,46.78,90.79,103.1297,0.4804,0.2225,0.3405,77.32,71.55,38.56,27.7,25.1,0.1916,7.12,36.28,88.27,0.4179,0.1668,29.3,,,Progressive Field,
55,663728,Cal Raleigh,SEA,TOR,2026-08-28T23:15:00Z,Scheduled,5,Dylan Cease,656302,R,50.7,Longshot,Watch List,"Projected Lineup, Strong Barrel, Platoon Edge, Hot Hitter/Streak",57.5,18.6,30.4,81.9,75.0,89.5,No,No,5,Yes,Yes,RotoWire projected lineup; MLB probable pitchers,lineup projected / unconfirmed,H:2026/2025 P:2026/2025,,,Direct BvP not yet weighted; 2026/2025 Statcast baseline active,7,7,20,5,Hot streak: 5 HR in last 7 games,"switch hitter; pitcher baseline 5.9% barrel, 12.6 HR allowed",fly-ball profile; pitcher fly-ball pressure modest,15.44,40.92,90.04,101.0361,0.4308,0.2348,0.3241,74.99,52.04,54.43,42.29,30.6,0.2251,5.87,33.86,86.87,0.2995,0.1072,25.47,,,Rogers Centre,
56,683734,Andrew Vaughn,MIL,TEX,2026-08-28T23:40:00Z,Scheduled,5,Cody Bradford,674003,L,50.7,Longshot,Watch List,"Projected Lineup, Platoon Edge",34.6,60.7,27.6,81.9,78.0,40.7,No,No,5,Yes,Yes,RotoWire projected lineup; MLB probable pitchers,lineup projected / unconfirmed,H:2026/2025 P:2026,,,Direct BvP not yet weighted; 2026/2025 Statcast baseline active,7,9,23,0,Contact streak: 9/23 over last 7 games,"platoon edge; pitcher baseline 11.8% barrel, 1.0 HR allowed",neutral batted-ball profile; pitcher allows elevated contact,7.38,44.83,90.48,100.2132,0.416,0.1451,0.342,70.53,13.64,35.54,24.41,7.7,0.1479,11.8,40.6,91.5,0.488,0.202,34.8,,,American Family Field,
57,663886,Tyler Stephenson,CIN,CHC,2026-08-28T18:20:00Z,Scheduled,4,David Peterson,656849,L,50.5,Longshot,Watch List,"Projected Lineup, Strong Barrel, Premium Lineup Spot, Platoon Edge",50.8,35.9,29.8,90.4,78.0,19.5,No,No,4,Yes,Yes,RotoWire projected lineup; MLB probable pitchers,lineup projected / unconfirmed,H:2026/2025 P:2026/2025,,,Direct BvP not yet weighted; 2026/2025 Statcast baseline active,7,6,24,0,"Last 7 games: 6/24, 0 HR","platoon edge; pitcher baseline 6.4% barrel, 11.7 HR allowed",neutral batted-ball profile; pitcher fly-ball pressure modest,12.96,46.75,90.92,100.4839,0.4375,0.2026,0.3291,70.52,7.28,36.94,32.87,12.3,0.1697,6.4,42.64,89.62,0.4112,0.1405,19.5,,,Wrigley Field,
58,699013,Esmerlyn Valdez,PIT,STL,2026-08-29T00:15:00Z,Scheduled,2,Quinn Mathews,687273,L,50.5,Longshot,Watch List,"Projected Lineup, Strong Barrel, Premium Lineup Spot, Platoon Edge",71.0,8.8,22.1,95.5,78.0,24.3,No,No,2,Yes,Yes,RotoWire projected lineup; MLB probable pitchers,lineup projected / unconfirmed,H:2026 P:2026,,,Direct BvP not yet weighted; 2026/2025 Statcast baseline active,7,4,25,1,"Last 7 games: 4/25, 1 HR","platoon edge; pitcher baseline 2.2% barrel, 1.0 HR allowed",fly-ball profile; pitcher allows elevated contact,21.2,48.3,91.9,102.857,0.451,0.248,0.339,74.9,51.9,37.3,41.5,15.0,0.287,2.2,28.3,86.6,0.294,0.064,30.4,,,Busch Stadium,
59,664034,Ty France,SD,TB,2026-08-28T23:10:00Z,Scheduled,4,Shane McClanahan,663556,L,50.4,Longshot,Watch List,"Projected Lineup, Premium Lineup Spot, Platoon Edge",42.8,44.0,27.6,90.4,78.0,37.8,No,No,4,Yes,Yes,RotoWire projected lineup; MLB probable pitchers,lineup projected / unconfirmed,H:2026/2025 P:2026,,,Direct BvP not yet weighted; 2026/2025 Statcast baseline active,7,5,20,1,"Last 7 games: 5/20, 1 HR","platoon edge; pitcher baseline 8.9% barrel, 8.0 HR allowed",neutral batted-ball profile; pitcher fly-ball pressure modest,9.17,47.21,91.25,101.103,0.4292,0.1765,0.3308,71.77,19.32,36.08,25.18,14.7,0.1835,8.9,41.6,89.5,0.405,0.164,27.7,,,Tropicana Field,
60,573262,Mike Yastrzemski,ATL,COL,2026-08-28T23:15:00Z,Scheduled,7,Tomoyuki Sugano,608372,R,50.4,Longshot,Watch List,"Projected Lineup, Pitcher Vulnerable, Platoon Edge",35.8,72.1,30.9,59.8,80.0,22.0,No,No,7,Yes,Yes,RotoWire projected lineup; MLB probable pitchers,lineup projected / unconfirmed,H:2026/2025 P:2026/2025,,,Direct BvP not yet weighted; 2026/2025 Statcast baseline active,7,4,15,0,"Last 7 games: 4/15, 0 HR","platoon edge; pitcher baseline 12.6% barrel, 28.1 HR allowed",neutral batted-ball profile; pitcher fly-ball pressure modest,7.45,43.65,90.8,99.8704,0.384,0.1477,0.3164,71.31,8.37,45.76,31.4,11.4,0.1595,12.64,42.46,90.63,0.5534,0.2469,29.86,,,Truist Park,
61,695734,Daylen Lile,WSH,MIA,2026-08-28T22:45:00Z,Scheduled,4,Eury Pérez,691587,R,50.3,Longshot,Watch List,"Projected Lineup, Premium Lineup Spot, Platoon Edge, Hot Hitter/Streak",33.3,42.4,28.2,90.4,80.0,100.0,No,No,4,Yes,Yes,RotoWire projected lineup; MLB probable pitchers,lineup projected / unconfirmed,H:2026/2025 P:2026/2025,,,Direct BvP not yet weighted; 2026/2025 Statcast baseline active,7,12,28,3,Hot streak: 3 HR in last 7 games,"platoon edge; pitcher baseline 9.1% barrel, 12.7 HR allowed",neutral batted-ball profile; pitcher allows elevated contact,7.58,37.86,88.62,98.8396,0.4357,0.1642,0.3284,70.64,8.8,41.22,32.62,14.6,0.178,9.07,41.04,88.89,0.3625,0.1546,30.52,,,Nationals Park,
62,687551,Drew Gilbert,SF,AZ,2026-08-29T02:15:00Z,Scheduled,1,Kohl Drake,684442,L,50.1,Longshot,Watch List,"Projected Lineup, Pitcher Vulnerable, Premium Lineup Spot",19.6,84.9,19.3,88.7,50.0,68.7,No,No,1,Yes,Yes,RotoWire projected lineup; MLB probable pitchers,lineup projected / unconfirmed,H:2026/2025 P:2026,,,Direct BvP not yet weighted; 2026/2025 Statcast baseline active,7,7,21,2,Hot streak: 2 HR in last 7 games,"same-side matchup; pitcher baseline 16.4% barrel, 3.0 HR allowed",neutral batted-ball profile; pitcher allows elevated contact,5.18,36.01,86.67,98.2219,0.3752,0.1286,0.3085,70.52,10.27,41.47,20.18,5.8,0.146,16.4,49.1,91.6,0.625,0.308,40.0,,,Oracle Park,
63,668930,Brice Turang,MIL,TEX,2026-08-28T23:40:00Z,Scheduled,2,Cody Bradford,674003,L,49.8,Longshot,Watch List,"Projected Lineup, Premium Lineup Spot",36.8,60.7,27.6,95.5,50.0,21.0,No,No,2,Yes,Yes,RotoWire projected lineup; MLB probable pitchers,lineup projected / unconfirmed,H:2026/2025 P:2026,,,Direct BvP not yet weighted; 2026/2025 Statcast baseline active,7,4,29,1,"Last 7 games: 4/29, 1 HR","same-side matchup; pitcher baseline 11.8% barrel, 1.0 HR allowed",neutral batted-ball profile; pitcher allows elevated contact,7.86,43.2,90.47,100.3467,0.4283,0.1719,0.3392,70.18,13.13,27.58,24.27,17.3,0.168,11.8,40.6,91.5,0.488,0.202,34.8,,,American Family Field,
64,701538,Jackson Merrill,SD,TB,2026-08-28T23:10:00Z,Scheduled,5,Shane McClanahan,663556,L,49.6,Longshot,Watch List,"Projected Lineup, Strong Barrel",50.6,44.0,27.6,81.9,50.0,45.5,No,No,5,Yes,Yes,RotoWire projected lineup; MLB probable pitchers,lineup projected / unconfirmed,H:2026/2025 P:2026,,,Direct BvP not yet weighted; 2026/2025 Statcast baseline active,7,5,28,2,Hot streak: 2 HR in last 7 games,"same-side matchup; pitcher baseline 8.9% barrel, 8.0 HR allowed",neutral batted-ball profile; pitcher fly-ball pressure modest,11.74,45.63,90.4,100.7158,0.4732,0.2151,0.3365,72.88,27.33,37.7,30.13,19.5,0.1818,8.9,41.6,89.5,0.405,0.164,27.7,,,Tropicana Field,
65,695657,Colson Montgomery,CWS,MIN,2026-08-29T00:10:00Z,Scheduled,6,Dean Kremer,665152,R,49.5,Longshot,Watch List,"Projected Lineup, Strong Barrel, Platoon Edge",51.9,42.4,27.1,71.7,80.0,18.3,No,No,6,Yes,Yes,RotoWire projected lineup; MLB probable pitchers,lineup projected / unconfirmed,H:2026/2025 P:2026/2025,,,Direct BvP not yet weighted; 2026/2025 Statcast baseline active,7,3,26,1,"Last 7 games: 3/26, 1 HR","platoon edge; pitcher baseline 7.8% barrel, 16.4 HR allowed",neutral batted-ball profile; pitcher allows elevated contact,12.96,42.89,89.12,101.8627,0.4359,0.2213,0.3137,76.65,69.6,49.02,33.79,25.2,0.2368,7.79,35.38,87.61,0.4326,0.1953,33.16,,,Target Field,
66,592626,Joc Pederson,TEX,MIL,2026-08-28T23:40:00Z,Scheduled,1,Logan Henderson,701656,R,49.4,Longshot,Watch List,"Projected Lineup, Strong Barrel, Premium Lineup Spot, Platoon Edge",49.1,34.0,27.6,88.7,80.0,25.3,No,No,1,Yes,Yes,RotoWire projected lineup; MLB probable pitchers,lineup projected / unconfirmed,H:2026/2025 P:2026/2025,,,Direct BvP not yet weighted; 2026/2025 Statcast baseline active,7,2,12,1,"Last 7 games: 2/12, 1 HR","platoon edge; pitcher baseline 7.9% barrel, 7.9 HR allowed",neutral batted-ball profile; pitcher allows elevated contact,10.62,48.86,91.9,101.9885,0.4315,0.1929,0.3367,72.46,25.27,42.9,29.82,18.8,0.2156,7.9,36.58,88.73,0.3506,0.1372,30.51,,,American Family Field,
67,521692,Salvador Perez,KC,CLE,2026-08-28T23:10:00Z,Scheduled,4,Tanner Bibee,676440,R,49.3,Longshot,Watch List,"Projected Lineup, Strong Barrel, Premium Lineup Spot",46.0,43.6,27.6,90.4,50.0,46.9,No,No,4,Yes,Yes,RotoWire projected lineup; MLB probable pitchers,lineup projected / unconfirmed,H:2026/2025 P:2026/2025,,,Direct BvP not yet weighted; 2026/2025 Statcast baseline active,7,9,29,1,"Last 7 games: 9/29, 1 HR","same-side matchup; pitcher baseline 8.2% barrel, 26.3 HR allowed",neutral batted-ball profile; pitcher fly-ball pressure modest,11.44,43.41,89.16,100.6061,0.4507,0.2065,0.3185,71.99,21.86,41.91,30.92,20.9,0.1687,8.17,38.84,89.06,0.4116,0.166,27.83,,,Progressive Field,
68,686469,Vinnie Pasquantino,KC,CLE,2026-08-28T23:10:00Z,Scheduled,5,Tanner Bibee,676440,R,49.0,Longshot,Watch List,"Projected Lineup, Platoon Edge",38.7,43.6,27.6,81.9,80.0,59.1,No,No,5,Yes,Yes,RotoWire projected lineup; MLB probable pitchers,lineup projected / unconfirmed,H:2026/2025 P:2026/2025,,,Direct BvP not yet weighted; 2026/2025 Statcast baseline active,7,7,26,2,Hot streak: 2 HR in last 7 games,"platoon edge; pitcher baseline 8.2% barrel, 26.3 HR allowed",neutral batted-ball profile; pitcher fly-ball pressure modest,8.7,42.46,89.92,100.2381,0.4315,0.1763,0.3312,71.03,14.82,43.84,28.37,15.2,0.1557,8.17,38.84,89.06,0.4116,0.166,27.83,,,Progressive Field,
69,596142,Gary Sanchez,MIL,TEX,2026-08-28T23:40:00Z,Scheduled,6,Cody Bradford,674003,L,49.0,Longshot,Watch List,"Projected Lineup, Platoon Edge",40.1,60.7,27.6,71.7,78.0,0.0,No,No,6,Yes,Yes,RotoWire projected lineup; MLB probable pitchers,lineup projected / unconfirmed,H:2026/2025 P:2026,,,Direct BvP not yet weighted; 2026/2025 Statcast baseline active,7,1,23,0,"Last 7 games: 1/23, 0 HR","platoon edge; pitcher baseline 11.8% barrel, 1.0 HR allowed",neutral batted-ball profile; pitcher allows elevated contact,9.15,42.82,89.87,101.0483,0.4168,0.1873,0.3381,71.85,25.4,47.45,27.37,8.5,0.2066,11.8,40.6,91.5,0.488,0.202,34.8,,,American Family Field,
70,518692,Freddie Freeman,LAD,DET,2026-08-28T22:40:00Z,Scheduled,2,Drew Anderson,623454,R,48.8,Longshot,Watch List,"Projected Lineup, Premium Lineup Spot, Platoon Edge",41.0,40.4,27.6,95.5,80.0,18.2,No,No,2,Yes,Yes,RotoWire projected lineup; MLB probable pitchers,lineup projected / unconfirmed,H:2026/2025 P:2026,,,Direct BvP not yet weighted; 2026/2025 Statcast baseline active,7,7,29,0,"Last 7 games: 7/29, 0 HR","platoon edge; pitcher baseline 8.6% barrel, 13.0 HR allowed",neutral batted-ball profile; pitcher fly-ball pressure modest,9.0,42.83,89.99,100.3044,0.4775,0.1895,0.3647,70.08,8.26,36.05,27.42,17.7,0.1734,8.6,38.6,90.2,0.369,0.148,25.1,,,Comerica Park,
71,686527,Dominic Canzone,SEA,TOR,2026-08-28T23:15:00Z,Scheduled,2,Dylan Cease,656302,R,48.7,Longshot,Watch List,"Projected Lineup, Strong Barrel, Premium Lineup Spot, Platoon Edge",54.9,20.0,30.4,95.5,80.0,14.1,No,No,2,Yes,Yes,RotoWire projected lineup; MLB probable pitchers,lineup projected / unconfirmed,H:2026/2025 P:2026/2025,,,Direct BvP not yet weighted; 2026/2025 Statcast baseline active,7,6,28,0,"Last 7 games: 6/28, 0 HR","platoon edge; pitcher baseline 5.9% barrel, 12.6 HR allowed",neutral batted-ball profile; pitcher fly-ball pressure modest,12.89,46.13,91.53,102.5371,0.4959,0.2206,0.3613,74.15,42.9,39.97,25.95,16.6,0.209,5.87,33.86,86.87,0.2995,0.1072,25.47,,,Rogers Centre,
72,671732,Lawrence Butler,ATH,BAL,2026-08-29T01:40:00Z,Scheduled,5,Brandon Young,687064,R,48.5,Longshot,Watch List,"Projected Lineup, Platoon Edge",35.6,43.2,30.9,81.9,80.0,62.8,No,No,5,Yes,Yes,RotoWire projected lineup; MLB probable pitchers,lineup projected / unconfirmed,H:2026/2025 P:2026/2025,,,Direct BvP not yet weighted; 2026/2025 Statcast baseline active,7,10,24,1,Contact streak: 10/24 over last 7 games,"platoon edge; pitcher baseline 7.9% barrel, 14.8 HR allowed",neutral batted-ball profile; pitcher fly-ball pressure modest,8.15,45.1,89.66,101.7192,0.3825,0.1486,0.3124,73.7,38.37,34.26,22.35,14.7,0.1525,7.89,41.15,89.4,0.4173,0.1651,26.66,,,Sutter Health Park,
73,660821,Jesus Sanchez,TOR,SEA,2026-08-28T23:15:00Z,Scheduled,5,,,,48.4,Longshot,Watch List,"Projected Lineup, Strong Barrel",47.0,41.2,30.4,81.9,60.0,32.0,No,No,5,Yes,Yes,RotoWire projected lineup; MLB probable pitchers,lineup projected / unconfirmed,H:2026/2025 P:,,,Direct BvP not yet weighted; 2026/2025 Statcast baseline active,7,5,15,0,Contact streak: 5/15 over last 7 games,"handedness incomplete; pitcher baseline 0.0% barrel, 0.0 HR allowed",neutral batted-ball profile; pitcher fly-ball pressure modest,11.31,45.5,90.95,102.0535,0.4396,0.1832,0.3293,74.19,47.61,34.31,25.07,9.8,0.1622,,,,,,,,,Rogers Centre,
74,680777,Ryan Jeffers,MIN,CWS,2026-08-29T00:10:00Z,Scheduled,4,Luis Castillo,622491,R,48.4,Longshot,Watch List,"Projected Lineup, Premium Lineup Spot",39.3,55.1,27.1,90.4,50.0,19.5,No,No,4,Yes,Yes,RotoWire projected lineup; MLB probable pitchers,lineup projected / unconfirmed,H:2026/2025 P:2026/2025,,,Direct BvP not yet weighted; 2026/2025 Statcast baseline active,7,6,24,0,"Last 7 games: 6/24, 0 HR","same-side matchup; pitcher baseline 10.0% barrel, 21.6 HR allowed",neutral batted-ball profile; pitcher fly-ball pressure modest,9.8,40.63,89.02,100.8543,0.4287,0.1766,0.3474,73.0,35.77,36.27,27.33,9.7,0.1772,9.98,43.6,90.16,0.4453,0.1828,28.28,,,Target Field,
75,802139,JJ Wetherholt,STL,PIT,2026-08-29T00:15:00Z,Scheduled,1,Jared Jones,683003,R,48.4,Longshot,Watch List,"Projected Lineup, Premium Lineup Spot, Platoon Edge",40.3,40.9,22.1,88.7,80.0,48.5,No,No,1,Yes,Yes,RotoWire projected lineup; MLB probable pitchers,lineup projected / unconfirmed,H:2026 P:2026,,,Direct BvP not yet weighted; 2026/2025 Statcast baseline active,7,9,28,1,Contact streak: 9/28 over last 7 games,"platoon edge; pitcher baseline 8.2% barrel, 11.0 HR allowed",neutral batted-ball profile; pitcher fly-ball pressure modest,7.7,45.4,90.0,99.5397,0.444,0.184,0.355,71.9,19.8,36.5,29.6,17.0,0.131,8.2,39.1,89.7,0.382,0.166,27.2,,,Busch Stadium,
76,624424,Michael Conforto,CHC,CIN,2026-08-28T18:20:00Z,Scheduled,8,Rhett Lowder,695076,R,48.3,Longshot,Watch List,"Projected Lineup, Strong Barrel, Platoon Edge",45.2,50.4,29.8,47.9,80.0,58.1,No,No,8,Yes,Yes,RotoWire projected lineup; MLB probable pitchers,lineup projected / unconfirmed,H:2026/2025 P:2026,,,Direct BvP not yet weighted; 2026/2025 Statcast baseline active,7,5,19,2,Hot streak: 2 HR in last 7 games,"platoon edge; pitcher baseline 9.5% barrel, 15.0 HR allowed",neutral batted-ball profile; pitcher fly-ball pressure modest,10.82,42.46,90.32,100.6671,0.4184,0.1882,0.3258,72.92,34.28,44.16,34.83,12.0,0.2061,9.5,37.6,90.1,0.455,0.189,28.0,,,Wrigley Field,
77,672960,Kazuma Okamoto,TOR,SEA,2026-08-28T23:15:00Z,Scheduled,6,,,,48.1,Longshot,Watch List,"Projected Lineup, Strong Barrel",49.8,41.2,30.4,71.7,60.0,34.9,No,No,6,Yes,Yes,RotoWire projected lineup; MLB probable pitchers,lineup projected / unconfirmed,H:2026 P:,,,Direct BvP not yet weighted; 2026/2025 Statcast baseline active,7,6,26,1,"Last 7 games: 6/26, 1 HR","handedness incomplete; pitcher baseline 0.0% barrel, 0.0 HR allowed",neutral batted-ball profile; pitcher fly-ball pressure modest,12.6,43.2,90.4,101.2724,0.426,0.209,0.314,73.1,34.6,50.5,33.1,26.0,0.207,,,,,,,,,Rogers Centre,
78,543807,George Springer,TOR,SEA,2026-08-28T23:15:00Z,Scheduled,4,,,,48.0,Longshot,Watch List,"Projected Lineup, Premium Lineup Spot",38.1,41.2,30.4,90.4,60.0,59.0,No,No,4,Yes,Yes,RotoWire projected lineup; MLB probable pitchers,lineup projected / unconfirmed,H:2026/2025 P:,,,Direct BvP not yet weighted; 2026/2025 Statcast baseline active,7,9,23,1,Contact streak: 9/23 over last 7 games,"handedness incomplete; pitcher baseline 0.0% barrel, 0.0 HR allowed",neutral batted-ball profile; pitcher fly-ball pressure modest,9.27,40.39,88.74,100.0606,0.4282,0.1792,0.3312,73.24,34.67,41.16,26.23,18.0,0.1796,,,,,,,,,Rogers Centre,
79,607043,Brandon Nimmo,TEX,MIL,2026-08-28T23:40:00Z,Scheduled,4,Logan Henderson,701656,R,48.0,Longshot,Watch List,"Projected Lineup, Premium Lineup Spot, Platoon Edge",47.9,34.0,27.6,90.4,80.0,0.0,No,No,4,Yes,Yes,RotoWire projected lineup; MLB probable pitchers,lineup projected / unconfirmed,H:2026/2025 P:2026/2025,,,Direct BvP not yet weighted; 2026/2025 Statcast baseline active,7,2,28,0,"Last 7 games: 2/28, 0 HR","platoon edge; pitcher baseline 7.9% barrel, 7.9 HR allowed",EV profile; pitcher allows elevated contact,9.71,50.55,92.11,102.0841,0.4547,0.1838,0.3448,72.27,27.25,32.47,26.19,16.6,0.1621,7.9,36.58,88.73,0.3506,0.1372,30.51,,,American Family Field,
80,643217,Andrew Benintendi,CWS,MIN,2026-08-29T00:10:00Z,Scheduled,4,Dean Kremer,665152,R,47.9,Longshot,Watch List,"Projected Lineup, Premium Lineup Spot, Platoon Edge",36.7,42.4,27.1,90.4,80.0,34.4,No,No,4,Yes,Yes,RotoWire projected lineup; MLB probable pitchers,lineup projected / unconfirmed,H:2026/2025 P:2026/2025,,,Direct BvP not yet weighted; 2026/2025 Statcast baseline active,7,5,22,1,"Last 7 games: 5/22, 1 HR","platoon edge; pitcher baseline 7.8% barrel, 16.4 HR allowed",neutral batted-ball profile; pitcher allows elevated contact,9.21,42.01,88.7,98.7758,0.4125,0.1718,0.3144,69.54,4.15,49.33,31.85,15.1,0.1798,7.79,35.38,87.61,0.4326,0.1953,33.16,,,Target Field,
81,800050,Chase DeLauter,CLE,KC,2026-08-28T23:10:00Z,Scheduled,2,Michael Wacha,608379,R,47.8,Longshot,Watch List,"Projected Lineup, Premium Lineup Spot, Platoon Edge",34.7,39.3,27.6,95.5,80.0,43.8,No,No,2,Yes,Yes,RotoWire projected lineup; MLB probable pitchers,lineup projected / unconfirmed,H:2026 P:2026/2025,,,Direct BvP not yet weighted; 2026/2025 Statcast baseline active,7,7,17,0,Contact streak: 7/17 over last 7 games,"platoon edge; pitcher baseline 7.1% barrel, 19.9 HR allowed",neutral batted-ball profile; pitcher fly-ball pressure modest,6.3,45.7,91.3,101.4162,0.426,0.15,0.345,71.3,17.2,37.3,19.4,13.0,0.162,7.12,36.28,88.27,0.4179,0.1668,29.3,,,Progressive Field,
82,671218,Heliot Ramos,NYY,BOS,2026-08-28T23:15:00Z,Scheduled,5,Patrick Sandoval,663776,L,47.8,Longshot,Watch List,"Projected Lineup, Strong Barrel, Platoon Edge",48.7,29.4,38.2,81.9,78.0,9.3,No,No,5,Yes,Yes,RotoWire projected lineup; MLB probable pitchers,lineup projected / unconfirmed,H:2026/2025 P:2026,,,Direct BvP not yet weighted; 2026/2025 Statcast baseline active,7,4,22,0,"Last 7 games: 4/22, 0 HR","platoon edge; pitcher baseline 6.5% barrel, 5.0 HR allowed",EV profile; pitcher fly-ball pressure modest,12.02,48.66,92.01,102.8784,0.4282,0.1771,0.3193,72.99,31.77,33.38,22.39,12.6,0.1461,6.5,33.9,87.2,0.429,0.154,24.2,,,Yankee Stadium,
83,681047,Christian Franklin,BAL,ATH,2026-08-29T01:40:00Z,Scheduled,6,,,,47.5,Longshot,Watch List,"Projected Lineup, Strong Barrel",50.5,41.2,30.9,71.7,60.0,17.3,No,No,6,Yes,Yes,RotoWire projected lineup; MLB probable pitchers,lineup projected / unconfirmed,H:2026 P:,,,Direct BvP not yet weighted; 2026/2025 Statcast baseline active,7,4,17,0,"Last 7 games: 4/17, 0 HR","handedness incomplete; pitcher baseline 0.0% barrel, 0.0 HR allowed",neutral batted-ball profile; pitcher fly-ball pressure modest,15.8,47.4,88.6,100.0786,0.365,0.193,0.329,74.4,49.0,10.5,26.3,0.0,0.069,,,,,,,,,Sutter Health Park,
84,686611,Dylan Crews,WSH,MIA,2026-08-28T22:45:00Z,Scheduled,3,Eury Pérez,691587,R,47.3,Longshot,Watch List,"Projected Lineup, Premium Lineup Spot",42.0,42.4,28.2,92.1,50.0,32.0,No,No,3,Yes,Yes,RotoWire projected lineup; MLB probable pitchers,lineup projected / unconfirmed,H:2026/2025 P:2026/2025,,,Direct BvP not yet weighted; 2026/2025 Statcast baseline active,7,9,27,0,Contact streak: 9/27 over last 7 games,"same-side matchup; pitcher baseline 9.1% barrel, 12.7 HR allowed",neutral batted-ball profile; pitcher allows elevated contact,9.87,42.55,90.4,101.1502,0.4119,0.1748,0.3147,73.9,37.93,34.22,28.12,10.0,0.1468,9.07,41.04,88.89,0.3625,0.1546,30.52,,,Nationals Park,
85,665953,Andres Chaparro,WSH,MIA,2026-08-28T22:45:00Z,Scheduled,7,Eury Pérez,691587,R,47.3,Longshot,Watch List,"Projected Lineup, Strong Barrel",50.4,42.4,28.2,59.8,50.0,68.7,No,No,7,Yes,Yes,RotoWire projected lineup; MLB probable pitchers,lineup projected / unconfirmed,H:2026/2025 P:2026/2025,,,Direct BvP not yet weighted; 2026/2025 Statcast baseline active,7,8,24,2,Hot streak: 2 HR in last 7 games,"same-side matchup; pitcher baseline 9.1% barrel, 12.7 HR allowed",neutral batted-ball profile; pitcher allows elevated contact,14.18,44.52,88.45,101.3011,0.4419,0.2114,0.3385,74.21,43.07,49.36,27.63,6.6,0.2258,9.07,41.04,88.89,0.3625,0.1546,30.52,,,Nationals Park,
86,804668,Rafael Flores,PIT,STL,2026-08-29T00:15:00Z,Scheduled,5,Quinn Mathews,687273,L,47.3,Longshot,Watch List,"Projected Lineup, Strong Barrel, Platoon Edge",64.2,8.8,22.1,81.9,78.0,44.8,No,No,5,Yes,Yes,RotoWire projected lineup; MLB probable pitchers,lineup projected / unconfirmed,H:2026/2025 P:2026,,,Direct BvP not yet weighted; 2026/2025 Statcast baseline active,7,4,23,2,Hot streak: 2 HR in last 7 games,"platoon edge; pitcher baseline 2.2% barrel, 1.0 HR allowed",fly-ball profile; pitcher allows elevated contact,15.93,47.66,91.02,101.7751,0.4867,0.25,0.3463,73.68,37.29,37.95,41.7,4.2,0.2534,2.2,28.3,86.6,0.294,0.064,30.4,,,Busch Stadium,
87,682928,CJ Abrams,WSH,MIA,2026-08-28T22:45:00Z,Scheduled,1,Eury Pérez,691587,R,47.2,Longshot,Watch List,"Projected Lineup, Premium Lineup Spot, Platoon Edge",38.7,42.4,28.2,88.7,80.0,7.9,No,No,1,Yes,Yes,RotoWire projected lineup; MLB probable pitchers,lineup projected / unconfirmed,H:2026/2025 P:2026/2025,,,Direct BvP not yet weighted; 2026/2025 Statcast baseline active,7,5,29,0,"Last 7 games: 5/29, 0 HR","platoon edge; pitcher baseline 9.1% barrel, 12.7 HR allowed",neutral batted-ball profile; pitcher allows elevated contact,9.28,40.46,89.19,99.8339,0.4276,0.177,0.3286,72.82,27.68,43.8,28.24,26.0,0.2257,9.07,41.04,88.89,0.3625,0.1546,30.52,,,Nationals Park,
88,665833,Oneil Cruz,PIT,STL,2026-08-29T00:15:00Z,Scheduled,6,Quinn Mathews,687273,L,47.2,Longshot,Watch List,"Projected Lineup, Elite Power, Strong Barrel",75.7,8.8,22.1,71.7,50.0,44.8,No,No,6,Yes,Yes,RotoWire projected lineup; MLB probable pitchers,lineup projected / unconfirmed,H:2026/2025 P:2026,,,Direct BvP not yet weighted; 2026/2025 Statcast baseline active,7,4,23,2,Hot streak: 2 HR in last 7 games,"same-side matchup; pitcher baseline 2.2% barrel, 1.0 HR allowed",EV profile; pitcher allows elevated contact,18.21,57.44,95.8,107.1612,0.4768,0.2357,0.3499,78.45,76.52,39.95,24.85,17.9,0.2137,2.2,28.3,86.6,0.294,0.064,30.4,,,Busch Stadium,
89,666126,Carlos Cortes,ATH,BAL,2026-08-29T01:40:00Z,Scheduled,4,Brandon Young,687064,R,47.0,Longshot,Watch List,"Projected Lineup, Premium Lineup Spot, Platoon Edge",30.5,43.2,30.9,90.4,80.0,41.2,No,No,4,Yes,Yes,RotoWire projected lineup; MLB probable pitchers,lineup projected / unconfirmed,H:2026/2025 P:2026/2025,,,Direct BvP not yet weighted; 2026/2025 Statcast baseline active,7,6,22,1,"Last 7 games: 6/22, 1 HR","platoon edge; pitcher baseline 7.9% barrel, 14.8 HR allowed",neutral batted-ball profile; pitcher fly-ball pressure modest,7.38,39.52,89.38,99.6123,0.3996,0.1462,0.3133,70.76,14.48,30.27,23.15,6.8,0.1738,7.89,41.15,89.4,0.4173,0.1651,26.66,,,Sutter Health Park,
90,553993,Eugenio Suarez,CIN,CHC,2026-08-28T18:20:00Z,Scheduled,5,David Peterson,656849,L,46.9,Longshot,Watch List,"Projected Lineup, Strong Barrel, Platoon Edge",40.8,35.9,29.8,81.9,78.0,36.0,No,No,5,Yes,Yes,RotoWire projected lineup; MLB probable pitchers,lineup projected / unconfirmed,H:2026/2025 P:2026/2025,,,Direct BvP not yet weighted; 2026/2025 Statcast baseline active,7,5,21,1,"Last 7 games: 5/21, 1 HR","platoon edge; pitcher baseline 6.4% barrel, 11.7 HR allowed",neutral batted-ball profile; pitcher fly-ball pressure modest,11.71,38.64,89.08,100.0058,0.3776,0.1785,0.2934,72.02,21.74,48.73,34.46,28.0,0.2308,6.4,42.64,89.62,0.4112,0.1405,19.5,,,Wrigley Field,
91,665489,Vladimir Guerrero,TOR,SEA,2026-08-28T23:15:00Z,Scheduled,2,,,,46.9,Longshot,Watch List,"Projected Lineup, Premium Lineup Spot",39.1,41.2,30.4,95.5,60.0,15.3,No,No,2,Yes,Yes,RotoWire projected lineup; MLB probable pitchers,lineup projected / unconfirmed,H:2026/2025 P:,,,Direct BvP not yet weighted; 2026/2025 Statcast baseline active,7,6,27,0,"Last 7 games: 6/27, 0 HR","handedness incomplete; pitcher baseline 0.0% barrel, 0.0 HR allowed",neutral batted-ball profile; pitcher fly-ball pressure modest,8.35,45.24,90.53,102.9451,0.4318,0.1437,0.3483,76.35,63.4,35.6,19.31,11.8,0.1162,,,,,,,,,Rogers Centre,
92,694208,Moises Ballesteros,LAA,PHI,2026-08-29T01:38:00Z,Scheduled,3,Andrew Painter,691725,R,46.5,Longshot,Watch List,"Projected Lineup, Premium Lineup Spot, Platoon Edge",34.2,42.1,28.2,92.1,80.0,15.9,No,No,3,Yes,Yes,RotoWire projected lineup; MLB probable pitchers,lineup projected / unconfirmed,H:2026/2025 P:2026,,,Direct BvP not yet weighted; 2026/2025 Statcast baseline active,7,7,31,0,"Last 7 games: 7/31, 0 HR","platoon edge; pitcher baseline 8.6% barrel, 17.0 HR allowed",neutral batted-ball profile; pitcher fly-ball pressure modest,8.31,43.03,90.22,100.8647,0.3832,0.1422,0.3081,72.64,32.38,34.22,20.51,4.8,0.134,8.6,36.6,87.3,0.439,0.177,27.1,,,Angel Stadium,
93,680776,Jarren Duran,BOS,NYY,2026-08-28T23:15:00Z,Scheduled,7,Cam Schlittler,693645,R,46.1,Longshot,Watch List,"Projected Lineup, Platoon Edge, Hot Hitter/Streak",39.1,34.9,38.2,59.8,80.0,70.8,No,No,7,Yes,Yes,RotoWire projected lineup; MLB probable pitchers,lineup projected / unconfirmed,H:2026/2025 P:2026/2025,,,Direct BvP not yet weighted; 2026/2025 Statcast baseline active,7,8,23,2,Hot streak: 2 HR in last 7 games,"platoon edge; pitcher baseline 7.8% barrel, 12.2 HR allowed",neutral batted-ball profile; pitcher fly-ball pressure modest,9.77,42.18,90.4,102.0749,0.3925,0.1529,0.3064,74.91,49.82,38.34,23.07,17.4,0.1678,7.85,39.5,88.51,0.3504,0.1344,27.02,,,Yankee Stadium,
94,691777,Max Muncy,LAD,DET,2026-08-28T22:40:00Z,Scheduled,4,Drew Anderson,623454,R,45.9,Longshot,Watch List,"Projected Lineup, Strong Barrel, Premium Lineup Spot",37.3,40.4,27.6,90.4,50.0,51.3,No,No,4,Yes,Yes,RotoWire projected lineup; MLB probable pitchers,lineup projected / unconfirmed,H:2026/2025 P:2026,,,Direct BvP not yet weighted; 2026/2025 Statcast baseline active,7,5,23,2,Hot streak: 2 HR in last 7 games,"same-side matchup; pitcher baseline 8.6% barrel, 13.0 HR allowed",neutral batted-ball profile; pitcher fly-ball pressure modest,11.36,40.03,89.2,100.8908,0.3572,0.1493,0.2789,73.87,43.79,41.98,23.91,7.6,0.1636,8.6,38.6,90.2,0.369,0.148,25.1,,,Comerica Park,
95,642708,Amed Rosario,NYY,BOS,2026-08-28T23:15:00Z,Scheduled,3,Patrick Sandoval,663776,L,45.8,Longshot,Watch List,"Projected Lineup, Premium Lineup Spot, Platoon Edge",39.8,29.4,38.2,92.1,78.0,0.0,No,No,3,Yes,Yes,RotoWire projected lineup; MLB probable pitchers,lineup projected / unconfirmed,H:2026/2025 P:2026,,,Direct BvP not yet weighted; 2026/2025 Statcast baseline active,7,0,8,0,"Last 7 games: 0/8, 0 HR","platoon edge; pitcher baseline 6.5% barrel, 5.0 HR allowed",neutral batted-ball profile; pitcher fly-ball pressure modest,9.5,40.8,90.57,101.3888,0.4243,0.1692,0.3142,73.59,36.92,37.61,23.86,8.8,0.1873,6.5,33.9,87.2,0.429,0.154,24.2,,,Yankee Stadium,
96,663616,Trevor Larnach,MIN,CWS,2026-08-29T00:10:00Z,Scheduled,6,Luis Castillo,622491,R,45.8,Longshot,Watch List,"Projected Lineup, Platoon Edge",31.0,55.1,27.1,71.7,80.0,21.8,No,No,6,Yes,Yes,RotoWire projected lineup; MLB probable pitchers,lineup projected / unconfirmed,H:2026/2025 P:2026/2025,,,Direct BvP not yet weighted; 2026/2025 Statcast baseline active,7,3,21,1,"Last 7 games: 3/21, 1 HR","platoon edge; pitcher baseline 10.0% barrel, 21.6 HR allowed",neutral batted-ball profile; pitcher fly-ball pressure modest,7.48,40.1,88.66,99.8587,0.4016,0.1453,0.3264,72.1,22.06,42.48,24.26,12.8,0.1561,9.98,43.6,90.16,0.4453,0.1828,28.28,,,Target Field,
97,608324,Alex Bregman,CHC,CIN,2026-08-28T18:20:00Z,Scheduled,4,Rhett Lowder,695076,R,45.7,Longshot,Watch List,"Projected Lineup, Premium Lineup Spot",26.7,50.4,29.8,90.4,50.0,63.8,No,No,4,Yes,Yes,RotoWire projected lineup; MLB probable pitchers,lineup projected / unconfirmed,H:2026/2025 P:2026,,,Direct BvP not yet weighted; 2026/2025 Statcast baseline active,7,5,28,3,Hot streak: 3 HR in last 7 games,"same-side matchup; pitcher baseline 9.5% barrel, 15.0 HR allowed",neutral batted-ball profile; pitcher fly-ball pressure modest,5.55,39.5,88.7,98.3019,0.3871,0.1411,0.3216,70.16,4.94,46.72,27.16,18.7,0.1687,9.5,37.6,90.1,0.455,0.189,28.0,,,Wrigley Field,
98,645277,Ozzie Albies,ATL,COL,2026-08-28T23:15:00Z,Scheduled,6,Tomoyuki Sugano,608372,R,45.7,Longshot,Watch List,"Projected Lineup, Pitcher Vulnerable, Platoon Edge",16.5,71.2,30.9,71.7,75.0,33.9,No,No,6,Yes,Yes,RotoWire projected lineup; MLB probable pitchers,lineup projected / unconfirmed,H:2026/2025 P:2026/2025,,,Direct BvP not yet weighted; 2026/2025 Statcast baseline active,7,9,26,0,Contact streak: 9/26 over last 7 games,"switch hitter; pitcher baseline 12.6% barrel, 28.1 HR allowed",neutral batted-ball profile; pitcher fly-ball pressure modest,4.34,28.67,87.08,96.6333,0.3611,0.1251,0.2906,68.86,5.88,46.49,32.11,18.8,0.1516,12.64,42.46,90.63,0.5534,0.2469,29.86,,,Truist Park,
99,683002,Gunnar Henderson,BAL,ATH,2026-08-29T01:40:00Z,Scheduled,3,,,,45.7,Longshot,Watch List,"Projected Lineup, Premium Lineup Spot",37.4,41.2,30.9,92.1,60.0,9.8,No,No,3,Yes,Yes,RotoWire projected lineup; MLB probable pitchers,lineup projected / unconfirmed,H:2026/2025 P:,,,Direct BvP not yet weighted; 2026/2025 Statcast baseline active,7,5,27,0,"Last 7 games: 5/27, 0 HR","handedness incomplete; pitcher baseline 0.0% barrel, 0.0 HR allowed",neutral batted-ball profile; pitcher fly-ball pressure modest,7.48,45.84,90.42,101.3559,0.404,0.1511,0.3242,74.67,47.31,41.5,23.45,19.1,0.1696,,,,,,,,,Sutter Health Park,
100,650489,Willi Castro,COL,ATL,2026-08-28T23:15:00Z,Scheduled,6,Grant Holmes,656550,R,45.5,Longshot,Watch List,"Projected Lineup, Platoon Edge",31.2,50.0,30.9,71.7,75.0,34.9,No,No,6,Yes,Yes,RotoWire projected lineup; MLB probable pitchers,lineup projected / unconfirmed,H:2026/2025 P:2026/2025,,,Direct BvP not yet weighted; 2026/2025 Statcast baseline active,7,6,26,1,"Last 7 games: 6/26, 1 HR","switch hitter; pitcher baseline 9.3% barrel, 18.1 HR allowed",neutral batted-ball profile; pitcher fly-ball pressure modest,7.83,39.61,87.4,100.2137,0.3862,0.1519,0.3088,72.51,25.9,42.39,30.34,13.8,0.1568,9.26,43.02,90.94,0.4266,0.1754,27.11,,,Truist Park,
101,694671,Wyatt Langford,TEX,MIL,2026-08-28T23:40:00Z,Scheduled,3,Logan Henderson,701656,R,45.5,Longshot,Watch List,"Projected Lineup, Premium Lineup Spot",39.6,34.0,27.6,92.1,50.0,54.3,No,No,3,Yes,Yes,RotoWire projected lineup; MLB probable pitchers,lineup projected / unconfirmed,H:2026/2025 P:2026/2025,,,Direct BvP not yet weighted; 2026/2025 Statcast baseline active,7,9,25,1,Contact streak: 9/25 over last 7 games,"same-side matchup; pitcher baseline 7.9% barrel, 7.9 HR allowed",neutral batted-ball profile; pitcher allows elevated contact,9.1,42.31,90.0,100.9161,0.4158,0.1722,0.3271,72.68,25.54,43.03,28.57,17.1,0.2005,7.9,36.58,88.73,0.3506,0.1372,30.51,,,American Family Field,
102,596019,Francisco Lindor,NYM,HOU,2026-08-28T23:10:00Z,Scheduled,2,Hunter Brown,686613,R,45.4,Longshot,Watch List,"Projected Lineup, Premium Lineup Spot, Platoon Edge",46.0,20.9,24.8,95.5,75.0,27.1,No,No,2,Yes,Yes,RotoWire projected lineup; MLB probable pitchers,lineup projected / unconfirmed,H:2026/2025 P:2026/2025,,,Direct BvP not yet weighted; 2026/2025 Statcast baseline active,7,5,28,1,"Last 7 games: 5/28, 1 HR","switch hitter; pitcher baseline 6.2% barrel, 12.1 HR allowed",neutral batted-ball profile; pitcher fly-ball pressure modest,9.32,46.22,90.85,100.2278,0.4547,0.2024,0.3457,72.02,22.39,45.25,30.86,18.4,0.192,6.18,35.21,85.82,0.3383,0.1297,21.97,,,Citi Field,
103,691728,Zac Veen,COL,ATL,2026-08-28T23:15:00Z,Scheduled,8,Grant Holmes,656550,R,45.4,Longshot,Watch List,"Projected Lineup, Strong Barrel, Platoon Edge",43.5,52.0,30.9,47.9,80.0,0.0,No,No,8,Yes,Yes,RotoWire projected lineup; MLB probable pitchers,lineup projected / unconfirmed,H:2026/2025 P:2026/2025,,,Direct BvP not yet weighted; 2026/2025 Statcast baseline active,7,1,11,0,"Last 7 games: 1/11, 0 HR","platoon edge; pitcher baseline 9.3% barrel, 18.1 HR allowed",fly-ball profile; pitcher fly-ball pressure modest,13.19,38.19,87.89,100.375,0.3716,0.1977,0.2676,71.77,23.29,60.19,39.69,1.7,0.2395,9.26,43.02,90.94,0.4266,0.1754,27.11,,,Truist Park,
104,663993,Nathaniel Lowe,CLE,KC,2026-08-28T23:10:00Z,Scheduled,5,Michael Wacha,608379,R,45.3,Longshot,Watch List,"Projected Lineup, Platoon Edge",36.6,39.3,27.6,81.9,80.0,19.5,No,No,5,Yes,Yes,RotoWire projected lineup; MLB probable pitchers,lineup projected / unconfirmed,H:2026/2025 P:2026/2025,,,Direct BvP not yet weighted; 2026/2025 Statcast baseline active,7,7,28,0,"Last 7 games: 7/28, 0 HR","platoon edge; pitcher baseline 7.1% barrel, 19.9 HR allowed",neutral batted-ball profile; pitcher fly-ball pressure modest,8.19,41.64,89.14,100.9454,0.4206,0.1632,0.3282,74.0,39.29,35.1,26.27,15.2,0.1866,7.12,36.28,88.27,0.4179,0.1668,29.3,,,Progressive Field,
105,650490,Yandy Diaz,TB,SD,2026-08-28T23:10:00Z,Scheduled,1,Casey Mize,663554,R,45.2,Longshot,Watch List,"Projected Lineup, Premium Lineup Spot",40.1,42.5,27.6,88.7,50.0,14.1,No,No,1,Yes,Yes,RotoWire projected lineup; MLB probable pitchers,lineup projected / unconfirmed,H:2026/2025 P:2026/2025,,,Direct BvP not yet weighted; 2026/2025 Statcast baseline active,7,6,28,0,"Last 7 games: 6/28, 0 HR","same-side matchup; pitcher baseline 8.6% barrel, 13.3 HR allowed",neutral batted-ball profile; pitcher allows elevated contact,7.18,48.72,91.32,103.1065,0.4478,0.1621,0.3537,73.5,37.23,23.39,19.3,20.8,0.1652,8.64,39.0,89.3,0.3875,0.1546,31.02,,,Tropicana Field,
106,502671,Paul Goldschmidt,NYY,BOS,2026-08-28T23:15:00Z,Scheduled,1,Patrick Sandoval,663776,L,45.2,Longshot,Watch List,"Projected Lineup, Premium Lineup Spot, Platoon Edge",35.8,29.4,38.2,88.7,78.0,22.9,No,No,1,Yes,Yes,RotoWire projected lineup; MLB probable pitchers,lineup projected / unconfirmed,H:2026/2025 P:2026,,,Direct BvP not yet weighted; 2026/2025 Statcast baseline active,7,3,11,0,"Last 7 games: 3/11, 0 HR","platoon edge; pitcher baseline 6.5% barrel, 5.0 HR allowed",neutral batted-ball profile; pitcher fly-ball pressure modest,9.61,38.73,87.67,99.3323,0.4185,0.1763,0.3122,71.62,16.2,33.04,29.21,14.2,0.1787,6.5,33.9,87.2,0.429,0.154,24.2,,,Yankee Stadium,
107,693307,Dillon Dingler,DET,LAD,2026-08-28T22:40:00Z,Scheduled,4,Tarik Skubal,669373,L,45.1,Longshot,Watch List,"Projected Lineup, Premium Lineup Spot, Platoon Edge",43.1,27.7,27.6,90.4,78.0,8.1,No,No,4,Yes,Yes,RotoWire projected lineup; MLB probable pitchers,lineup projected / unconfirmed,H:2026/2025 P:2026/2025,,,Direct BvP not yet weighted; 2026/2025 Statcast baseline active,7,4,23,0,"Last 7 games: 4/23, 0 HR","platoon edge; pitcher baseline 7.5% barrel, 13.8 HR allowed",neutral batted-ball profile; pitcher fly-ball pressure modest,9.83,43.32,88.95,100.5947,0.4748,0.2011,0.3504,71.77,15.62,41.01,28.92,22.1,0.2023,7.54,34.75,86.73,0.3398,0.1205,25.83,,,Comerica Park,
108,701678,Hao-Yu Lee,DET,LAD,2026-08-28T22:40:00Z,Scheduled,2,Tarik Skubal,669373,L,45.0,Longshot,Watch List,"Projected Lineup, Premium Lineup Spot, Platoon Edge",36.2,27.7,27.6,95.5,78.0,37.8,No,No,2,Yes,Yes,RotoWire projected lineup; MLB probable pitchers,lineup projected / unconfirmed,H:2026 P:2026/2025,,,Direct BvP not yet weighted; 2026/2025 Statcast baseline active,7,6,24,1,"Last 7 games: 6/24, 1 HR","platoon edge; pitcher baseline 7.5% barrel, 13.8 HR allowed",neutral batted-ball profile; pitcher fly-ball pressure modest,8.9,40.8,89.5,100.0436,0.41,0.165,0.305,71.4,21.5,29.6,26.8,7.0,0.15,7.54,34.75,86.73,0.3398,0.1205,25.83,,,Comerica Park,
109,665862,Jazz Chisholm,NYY,BOS,2026-08-28T23:15:00Z,Scheduled,6,Patrick Sandoval,663776,L,45.0,Longshot,Watch List,"Projected Lineup, Strong Barrel",44.1,29.4,38.2,71.7,50.0,63.3,No,No,6,Yes,Yes,RotoWire projected lineup; MLB probable pitchers,lineup projected / unconfirmed,H:2026/2025 P:2026,,,Direct BvP not yet weighted; 2026/2025 Statcast baseline active,7,10,23,1,Contact streak: 10/23 over last 7 games,"same-side matchup; pitcher baseline 6.5% barrel, 5.0 HR allowed",neutral batted-ball profile; pitcher fly-ball pressure modest,10.87,42.67,90.26,100.53,0.4054,0.1847,0.3096,73.41,34.35,51.35,30.61,21.9,0.1956,6.5,33.9,87.2,0.429,0.154,24.2,,,Yankee Stadium,
110,666139,Josh Lowe,LAA,PHI,2026-08-29T01:38:00Z,Scheduled,5,Andrew Painter,691725,R,44.8,Longshot,Watch List,"Projected Lineup, Platoon Edge",32.2,42.1,28.2,81.9,80.0,22.9,No,No,5,Yes,Yes,RotoWire projected lineup; MLB probable pitchers,lineup projected / unconfirmed,H:2026/2025 P:2026,,,Direct BvP not yet weighted; 2026/2025 Statcast baseline active,7,6,22,0,"Last 7 games: 6/22, 0 HR","platoon edge; pitcher baseline 8.6% barrel, 17.0 HR allowed",neutral batted-ball profile; pitcher fly-ball pressure modest,7.3,38.41,88.67,99.3043,0.3784,0.1541,0.291,73.45,34.54,36.2,31.43,10.3,0.1467,8.6,36.6,87.3,0.439,0.177,27.1,,,Angel Stadium,
111,808982,Jung Hoo Lee,SF,AZ,2026-08-29T02:15:00Z,Scheduled,4,Kohl Drake,684442,L,44.8,Longshot,Watch List,"Projected Lineup, Pitcher Vulnerable, Premium Lineup Spot",11.8,84.9,19.3,90.4,50.0,9.3,No,No,4,Yes,Yes,RotoWire projected lineup; MLB probable pitchers,lineup projected / unconfirmed,H:2026/2025 P:2026,,,Direct BvP not yet weighted; 2026/2025 Statcast baseline active,7,4,22,0,"Last 7 games: 4/22, 0 HR","same-side matchup; pitcher baseline 16.4% barrel, 3.0 HR allowed",neutral batted-ball profile; pitcher allows elevated contact,3.0,30.46,87.1,96.723,0.3822,0.0982,0.3147,68.37,3.68,37.76,22.8,8.7,0.1361,16.4,49.1,91.6,0.625,0.308,40.0,,,Oracle Park,
112,703607,Henry Bolte,ATH,BAL,2026-08-29T01:40:00Z,Scheduled,1,Brandon Young,687064,R,44.7,Longshot,Watch List,"Projected Lineup, Premium Lineup Spot",34.7,43.2,30.9,88.7,50.0,26.4,No,No,1,Yes,Yes,RotoWire projected lineup; MLB probable pitchers,lineup projected / unconfirmed,H:2026 P:2026/2025,,,Direct BvP not yet weighted; 2026/2025 Statcast baseline active,7,8,27,0,"Last 7 games: 8/27, 0 HR","same-side matchup; pitcher baseline 7.9% barrel, 14.8 HR allowed",neutral batted-ball profile; pitcher fly-ball pressure modest,7.1,47.4,90.9,104.5294,0.356,0.114,0.305,77.0,72.8,31.6,16.5,6.0,0.102,7.89,41.15,89.4,0.4173,0.1651,26.66,,,Sutter Health Park,
113,680869,Zack Gelof,ATH,BAL,2026-08-29T01:40:00Z,Scheduled,3,Brandon Young,687064,R,44.7,Longshot,Watch List,"Projected Lineup, Premium Lineup Spot",37.4,43.2,30.9,92.1,50.0,0.0,No,No,3,Yes,Yes,RotoWire projected lineup; MLB probable pitchers,lineup projected / unconfirmed,H:2026/2025 P:2026/2025,,,Direct BvP not yet weighted; 2026/2025 Statcast baseline active,7,2,27,0,"Last 7 games: 2/27, 0 HR","same-side matchup; pitcher baseline 7.9% barrel, 14.8 HR allowed",neutral batted-ball profile; pitcher fly-ball pressure modest,9.42,44.05,88.66,99.7035,0.3655,0.1662,0.2757,73.29,28.48,39.18,27.8,10.4,0.1687,7.89,41.15,89.4,0.4173,0.1651,26.66,,,Sutter Health Park,
114,643289,Mauricio Dubon,ATL,COL,2026-08-28T23:15:00Z,Scheduled,4,Tomoyuki Sugano,608372,R,44.6,Longshot,Watch List,"Projected Lineup, Pitcher Vulnerable, Premium Lineup Spot",10.2,72.1,30.9,90.4,50.0,43.1,No,No,4,Yes,Yes,RotoWire projected lineup; MLB probable pitchers,lineup projected / unconfirmed,H:2026/2025 P:2026/2025,,,Direct BvP not yet weighted; 2026/2025 Statcast baseline active,7,11,27,0,Contact streak: 11/27 over last 7 games,"same-side matchup; pitcher baseline 12.6% barrel, 28.1 HR allowed",neutral batted-ball profile; pitcher fly-ball pressure modest,3.09,28.96,85.97,96.3064,0.3632,0.1015,0.2969,68.73,3.47,31.96,24.95,9.1,0.1203,12.64,42.46,90.63,0.5534,0.2469,29.86,,,Truist Park,
115,672640,Otto Lopez,MIA,WSH,2026-08-28T22:45:00Z,Scheduled,1,Jackson Kent,800600,L,44.5,Longshot,Watch List,"Projected Lineup, Premium Lineup Spot, Platoon Edge",30.3,39.5,28.2,88.7,78.0,28.2,No,No,1,Yes,Yes,RotoWire projected lineup; MLB probable pitchers,lineup projected / unconfirmed,H:2026/2025 P:2026,,,Direct BvP not yet weighted; 2026/2025 Statcast baseline active,7,8,26,0,"Last 7 games: 8/26, 0 HR","platoon edge; pitcher baseline 8.3% barrel, 1.0 HR allowed",neutral batted-ball profile; pitcher fly-ball pressure modest,6.54,40.26,88.92,100.2121,0.4263,0.1475,0.3272,71.7,22.6,32.51,22.64,10.8,0.1318,8.3,47.2,88.3,0.424,0.149,16.7,,,Nationals Park,
116,668939,Adley Rutschman,BOS,NYY,2026-08-28T23:15:00Z,Scheduled,5,Cam Schlittler,693645,R,44.4,Longshot,Watch List,"Projected Lineup, Platoon Edge",32.9,33.6,38.2,81.9,75.0,31.6,No,No,5,Yes,Yes,RotoWire projected lineup; MLB probable pitchers,lineup projected / unconfirmed,H:2026/2025 P:2026/2025,,,Direct BvP not yet weighted; 2026/2025 Statcast baseline active,7,5,24,1,"Last 7 games: 5/24, 1 HR","switch hitter; pitcher baseline 7.8% barrel, 12.2 HR allowed",neutral batted-ball profile; pitcher fly-ball pressure modest,7.22,40.35,88.98,99.4317,0.4184,0.1634,0.3355,70.42,12.28,38.4,29.08,9.0,0.1628,7.85,39.5,88.51,0.3504,0.1344,27.02,,,Yankee Stadium,
117,669394,Jake Burger,TEX,MIL,2026-08-28T23:40:00Z,Scheduled,7,Logan Henderson,701656,R,44.4,Longshot,Watch List,"Projected Lineup, Strong Barrel",50.9,34.0,27.6,59.8,50.0,48.7,No,No,7,Yes,Yes,RotoWire projected lineup; MLB probable pitchers,lineup projected / unconfirmed,H:2026/2025 P:2026/2025,,,Direct BvP not yet weighted; 2026/2025 Statcast baseline active,7,4,20,2,Hot streak: 2 HR in last 7 games,"same-side matchup; pitcher baseline 7.9% barrel, 7.9 HR allowed",neutral batted-ball profile; pitcher allows elevated contact,12.36,47.59,90.26,102.8791,0.436,0.1984,0.3163,75.37,58.42,41.32,28.11,20.9,0.1907,7.9,36.58,88.73,0.3506,0.1372,30.51,,,American Family Field,
118,605141,Mookie Betts,LAD,DET,2026-08-28T22:40:00Z,Scheduled,3,Drew Anderson,623454,R,44.3,Longshot,Watch List,"Projected Lineup, Premium Lineup Spot",31.9,40.4,27.6,92.1,50.0,50.3,No,No,3,Yes,Yes,RotoWire projected lineup; MLB probable pitchers,lineup projected / unconfirmed,H:2026/2025 P:2026,,,Direct BvP not yet weighted; 2026/2025 Statcast baseline active,7,9,27,1,Contact streak: 9/27 over last 7 games,"same-side matchup; pitcher baseline 8.6% barrel, 13.0 HR allowed",neutral batted-ball profile; pitcher fly-ball pressure modest,6.76,37.2,89.73,98.4292,0.4241,0.1532,0.3279,69.6,8.81,38.91,34.71,17.2,0.1606,8.6,38.6,90.2,0.369,0.148,25.1,,,Comerica Park,
119,691781,Brady House,WSH,MIA,2026-08-28T22:45:00Z,Scheduled,5,Eury Pérez,691587,R,44.3,Longshot,Watch List,Projected Lineup,40.4,42.4,28.2,81.9,50.0,12.0,No,No,5,Yes,Yes,RotoWire projected lineup; MLB probable pitchers,lineup projected / unconfirmed,H:2026/2025 P:2026/2025,,,Direct BvP not yet weighted; 2026/2025 Statcast baseline active,7,4,20,0,"Last 7 games: 4/20, 0 HR","same-side matchup; pitcher baseline 9.1% barrel, 12.7 HR allowed",neutral batted-ball profile; pitcher allows elevated contact,9.13,47.07,89.73,101.71,0.4183,0.1609,0.3162,73.31,31.09,33.45,26.0,7.5,0.1342,9.07,41.04,88.89,0.3625,0.1546,30.52,,,Nationals Park,
120,662139,Daulton Varsho,HOU,NYM,2026-08-28T23:10:00Z,Scheduled,5,Christian Scott,681035,R,44.3,Longshot,Watch List,"Projected Lineup, Platoon Edge",35.4,29.2,24.8,81.9,80.0,63.7,No,No,5,Yes,Yes,RotoWire projected lineup; MLB probable pitchers,lineup projected / unconfirmed,H:2026/2025 P:2026,,,Direct BvP not yet weighted; 2026/2025 Statcast baseline active,7,9,30,2,Hot streak: 2 HR in last 7 games,"platoon edge; pitcher baseline 7.4% barrel, 10.0 HR allowed",neutral batted-ball profile; pitcher fly-ball pressure modest,9.18,38.62,87.87,99.5853,0.3967,0.1662,0.299,73.71,36.39,41.29,30.36,13.0,0.1889,7.4,34.2,87.1,0.362,0.133,27.7,,,Citi Field,
121,694249,Cole Carrigg,COL,ATL,2026-08-28T23:15:00Z,Scheduled,3,Grant Holmes,656550,R,44.3,Longshot,Watch List,"Projected Lineup, Premium Lineup Spot, Platoon Edge",21.1,50.0,30.9,92.1,75.0,21.0,No,No,3,Yes,Yes,RotoWire projected lineup; MLB probable pitchers,lineup projected / unconfirmed,H:2026 P:2026/2025,,,Direct BvP not yet weighted; 2026/2025 Statcast baseline active,7,4,29,1,"Last 7 games: 4/29, 1 HR","switch hitter; pitcher baseline 9.3% barrel, 18.1 HR allowed",neutral batted-ball profile; pitcher fly-ball pressure modest,4.8,32.7,86.7,97.9516,0.38,0.129,0.319,73.5,36.9,47.0,28.0,6.0,0.188,9.26,43.02,90.94,0.4266,0.1754,27.11,,,Truist Park,
122,701807,Carson Benge,NYM,HOU,2026-08-28T23:10:00Z,Scheduled,4,Hunter Brown,686613,R,44.1,Longshot,Watch List,"Projected Lineup, Premium Lineup Spot, Platoon Edge, Hot Hitter/Streak",33.8,22.2,24.8,90.4,80.0,80.7,No,No,4,Yes,Yes,RotoWire projected lineup; MLB probable pitchers,lineup projected / unconfirmed,H:2026 P:2026/2025,,,Direct BvP not yet weighted; 2026/2025 Statcast baseline active,7,12,29,2,Hot streak: 2 HR in last 7 games,"platoon edge; pitcher baseline 6.2% barrel, 12.1 HR allowed",neutral batted-ball profile; pitcher fly-ball pressure modest,7.4,40.5,89.1,99.9178,0.443,0.16,0.343,70.9,17.1,31.9,27.3,16.0,0.148,6.18,35.21,85.82,0.3383,0.1297,21.97,,,Citi Field,
123,664761,Alec Bohm,PHI,LAA,2026-08-29T01:38:00Z,Scheduled,5,Reid Detmers,672282,L,44.1,Longshot,Watch List,"Projected Lineup, Platoon Edge",31.7,40.2,28.2,81.9,78.0,26.4,No,No,5,Yes,Yes,RotoWire projected lineup; MLB probable pitchers,lineup projected / unconfirmed,H:2026/2025 P:2026/2025,,,Direct BvP not yet weighted; 2026/2025 Statcast baseline active,7,8,27,0,"Last 7 games: 8/27, 0 HR","platoon edge; pitcher baseline 8.1% barrel, 13.7 HR allowed",neutral batted-ball profile; pitcher fly-ball pressure modest,5.85,43.67,90.59,100.3168,0.4074,0.1439,0.3198,71.21,14.42,28.42,22.37,13.1,0.1339,8.13,39.93,90.1,0.3637,0.1432,28.27,,,Angel Stadium,
124,695681,Christian Moore,LAA,PHI,2026-08-29T01:38:00Z,Scheduled,6,Andrew Painter,691725,R,44.1,Longshot,Watch List,"Projected Lineup, Strong Barrel",43.1,42.1,28.2,71.7,50.0,20.8,No,No,6,Yes,Yes,RotoWire projected lineup; MLB probable pitchers,lineup projected / unconfirmed,H:2026/2025 P:2026,,,Direct BvP not yet weighted; 2026/2025 Statcast baseline active,7,3,22,1,"Last 7 games: 3/22, 1 HR","same-side matchup; pitcher baseline 8.6% barrel, 17.0 HR allowed",neutral batted-ball profile; pitcher fly-ball pressure modest,15.37,39.52,90.51,100.41,0.3212,0.1336,0.2694,73.4,30.4,23.84,28.83,2.8,0.1272,8.6,36.6,87.3,0.439,0.177,27.1,,,Angel Stadium,
125,679529,Spencer Torkelson,DET,LAD,2026-08-28T22:40:00Z,Scheduled,6,Tarik Skubal,669373,L,43.8,Longshot,Watch List,"Projected Lineup, Strong Barrel, Platoon Edge",47.8,27.7,27.6,71.7,78.0,4.5,No,No,6,Yes,Yes,RotoWire projected lineup; MLB probable pitchers,lineup projected / unconfirmed,H:2026/2025 P:2026/2025,,,Direct BvP not yet weighted; 2026/2025 Statcast baseline active,7,3,20,0,"Last 7 games: 3/20, 0 HR","platoon edge; pitcher baseline 7.5% barrel, 13.8 HR allowed",fly-ball profile; pitcher fly-ball pressure modest,12.73,42.37,89.64,100.1678,0.4133,0.1957,0.3172,73.07,25.88,46.72,35.76,23.3,0.1943,7.54,34.75,86.73,0.3398,0.1205,25.83,,,Comerica Park,
126,608070,Jose Ramirez,CLE,KC,2026-08-28T23:10:00Z,Scheduled,3,Michael Wacha,608379,R,43.5,Longshot,Watch List,"Projected Lineup, Premium Lineup Spot, Platoon Edge",29.6,37.2,27.6,92.1,75.0,20.7,No,No,3,Yes,Yes,RotoWire projected lineup; MLB probable pitchers,lineup projected / unconfirmed,H:2026/2025 P:2026/2025,,,Direct BvP not yet weighted; 2026/2025 Statcast baseline active,7,8,31,0,"Last 7 games: 8/31, 0 HR","switch hitter; pitcher baseline 7.1% barrel, 19.9 HR allowed",neutral batted-ball profile; pitcher fly-ball pressure modest,5.39,40.5,89.25,99.6991,0.4278,0.1459,0.3448,70.34,13.26,50.69,29.41,16.0,0.1654,7.12,36.28,88.27,0.4179,0.1668,29.3,,,Progressive Field,
127,681393,Connor Norby,COL,ATL,2026-08-28T23:15:00Z,Scheduled,7,Grant Holmes,656550,R,43.5,Longshot,Watch List,"Projected Lineup, Hot Hitter/Streak",30.3,52.0,30.9,59.8,50.0,70.8,No,No,7,Yes,Yes,RotoWire projected lineup; MLB probable pitchers,lineup projected / unconfirmed,H:2026/2025 P:2026/2025,,,Direct BvP not yet weighted; 2026/2025 Statcast baseline active,7,8,23,2,Hot streak: 2 HR in last 7 games,"same-side matchup; pitcher baseline 9.3% barrel, 18.1 HR allowed",fly-ball profile; pitcher fly-ball pressure modest,8.07,37.52,87.74,98.1577,0.3666,0.1529,0.3,70.07,7.15,40.56,35.63,6.6,0.1429,9.26,43.02,90.94,0.4266,0.1754,27.11,,,Truist Park,
128,677594,Julio Rodriguez,SEA,TOR,2026-08-28T23:15:00Z,Scheduled,3,Dylan Cease,656302,R,43.4,Longshot,Watch List,"Projected Lineup, Premium Lineup Spot",46.7,20.0,30.4,92.1,50.0,24.5,No,No,3,Yes,Yes,RotoWire projected lineup; MLB probable pitchers,lineup projected / unconfirmed,H:2026/2025 P:2026/2025,,,Direct BvP not yet weighted; 2026/2025 Statcast baseline active,7,5,31,1,"Last 7 games: 5/31, 1 HR","same-side matchup; pitcher baseline 5.9% barrel, 12.6 HR allowed",neutral batted-ball profile; pitcher fly-ball pressure modest,9.59,44.5,90.47,102.6087,0.4636,0.195,0.344,76.61,67.2,38.42,26.47,23.6,0.1748,5.87,33.86,86.87,0.2995,0.1072,25.47,,,Rogers Centre,
129,671056,Ivan Herrera,STL,PIT,2026-08-29T00:15:00Z,Scheduled,2,Jared Jones,683003,R,43.4,Longshot,Watch List,"Projected Lineup, Premium Lineup Spot",34.1,40.9,22.1,95.5,50.0,22.4,No,No,2,Yes,Yes,RotoWire projected lineup; MLB probable pitchers,lineup projected / unconfirmed,H:2026/2025 P:2026,,,Direct BvP not yet weighted; 2026/2025 Statcast baseline active,7,7,26,0,"Last 7 games: 7/26, 0 HR","same-side matchup; pitcher baseline 8.2% barrel, 11.0 HR allowed",neutral batted-ball profile; pitcher fly-ball pressure modest,7.25,42.45,89.87,101.2999,0.4098,0.153,0.3437,73.81,42.58,37.73,19.24,15.5,0.1485,8.2,39.1,89.7,0.382,0.166,27.2,,,Busch Stadium,
130,701785,Kaelen Culpepper,MIN,CWS,2026-08-29T00:10:00Z,Scheduled,9,Luis Castillo,622491,R,43.3,Longshot,Watch List,"Projected Lineup, Hot Hitter/Streak",35.6,55.1,27.1,40.2,50.0,81.7,No,No,9,Yes,Yes,RotoWire projected lineup; MLB probable pitchers,lineup projected / unconfirmed,H:2026 P:2026/2025,,,Direct BvP not yet weighted; 2026/2025 Statcast baseline active,7,11,26,2,Hot streak: 2 HR in last 7 games,"same-side matchup; pitcher baseline 10.0% barrel, 21.6 HR allowed",neutral batted-ball profile; pitcher fly-ball pressure modest,7.1,34.9,89.6,98.508,0.455,0.188,0.337,73.6,34.0,41.9,27.9,3.0,0.193,9.98,43.6,90.16,0.4453,0.1828,28.28,,,Target Field,
131,607208,Trea Turner,PHI,LAA,2026-08-29T01:38:00Z,Scheduled,2,Reid Detmers,672282,L,43.3,Longshot,Watch List,"Projected Lineup, Premium Lineup Spot, Platoon Edge",27.0,40.2,28.2,95.5,78.0,2.0,No,No,2,Yes,Yes,RotoWire projected lineup; MLB probable pitchers,lineup projected / unconfirmed,H:2026/2025 P:2026/2025,,,Direct BvP not yet weighted; 2026/2025 Statcast baseline active,7,4,30,0,"Last 7 games: 4/30, 0 HR","platoon edge; pitcher baseline 8.1% barrel, 13.7 HR allowed",neutral batted-ball profile; pitcher fly-ball pressure modest,6.01,40.63,88.74,99.3916,0.3785,0.1274,0.3007,71.45,19.0,34.89,25.27,16.4,0.1446,8.13,39.93,90.1,0.3637,0.1432,28.27,,,Angel Stadium,
132,687093,Vaughn Grissom,LAA,PHI,2026-08-29T01:38:00Z,Scheduled,4,Andrew Painter,691725,R,43.3,Longshot,Watch List,"Projected Lineup, Premium Lineup Spot",26.4,42.1,28.2,90.4,50.0,61.5,No,No,4,Yes,Yes,RotoWire projected lineup; MLB probable pitchers,lineup projected / unconfirmed,H:2026 P:2026,,,Direct BvP not yet weighted; 2026/2025 Statcast baseline active,7,8,28,2,Hot streak: 2 HR in last 7 games,"same-side matchup; pitcher baseline 8.6% barrel, 17.0 HR allowed",neutral batted-ball profile; pitcher fly-ball pressure modest,6.9,37.1,87.8,99.0425,0.383,0.135,0.31,71.3,18.1,41.3,26.3,9.0,0.141,8.6,36.6,87.3,0.439,0.177,27.1,,,Angel Stadium,
133,680574,Matt McLain,CIN,CHC,2026-08-28T18:20:00Z,Scheduled,6,David Peterson,656849,L,43.2,Longshot,Watch List,"Projected Lineup, Platoon Edge",34.1,35.9,29.8,71.7,78.0,36.7,No,No,6,Yes,Yes,RotoWire projected lineup; MLB probable pitchers,lineup projected / unconfirmed,H:2026/2025 P:2026/2025,,,Direct BvP not yet weighted; 2026/2025 Statcast baseline active,7,3,26,2,Hot streak: 2 HR in last 7 games,"platoon edge; pitcher baseline 6.4% barrel, 11.7 HR allowed",neutral batted-ball profile; pitcher fly-ball pressure modest,9.48,38.04,88.31,99.0027,0.3806,0.1588,0.3068,71.0,10.03,35.15,33.15,13.6,0.1468,6.4,42.64,89.62,0.4112,0.1405,19.5,,,Wrigley Field,
134,668227,Randy Arozarena,SEA,TOR,2026-08-28T23:15:00Z,Scheduled,1,Dylan Cease,656302,R,42.9,Longshot,Watch List,"Projected Lineup, Premium Lineup Spot, Hot Hitter/Streak",39.2,20.0,30.4,88.7,50.0,73.0,No,No,1,Yes,Yes,RotoWire projected lineup; MLB probable pitchers,lineup projected / unconfirmed,H:2026/2025 P:2026/2025,,,Direct BvP not yet weighted; 2026/2025 Statcast baseline active,7,6,25,3,Hot streak: 3 HR in last 7 games,"same-side matchup; pitcher baseline 5.9% barrel, 12.6 HR allowed",neutral batted-ball profile; pitcher fly-ball pressure modest,8.77,44.79,90.88,101.0159,0.4177,0.1669,0.3417,71.32,24.52,33.56,24.03,22.1,0.188,5.87,33.86,86.87,0.2995,0.1072,25.47,,,Rogers Centre,
135,682663,Agustin Ramirez,MIA,WSH,2026-08-28T22:45:00Z,Scheduled,4,Jackson Kent,800600,L,42.8,Longshot,Watch List,"Projected Lineup, Premium Lineup Spot, Platoon Edge",27.6,39.5,28.2,90.4,78.0,5.7,No,No,4,Yes,Yes,RotoWire projected lineup; MLB probable pitchers,lineup projected / unconfirmed,H:2026/2025 P:2026,,,Direct BvP not yet weighted; 2026/2025 Statcast baseline active,7,3,19,0,"Last 7 games: 3/19, 0 HR","platoon edge; pitcher baseline 8.3% barrel, 1.0 HR allowed",neutral batted-ball profile; pitcher fly-ball pressure modest,5.75,41.96,89.82,102.0933,0.3415,0.1119,0.2949,75.55,56.88,41.03,17.16,7.7,0.1267,8.3,47.2,88.3,0.424,0.149,16.7,,,Nationals Park,
136,672386,Alejandro Kirk,TOR,SEA,2026-08-28T23:15:00Z,Scheduled,3,,,,42.7,Longshot,Watch List,"Projected Lineup, Premium Lineup Spot",28.2,41.2,30.4,92.1,60.0,13.3,No,No,3,Yes,Yes,RotoWire projected lineup; MLB probable pitchers,lineup projected / unconfirmed,H:2026/2025 P:,,,Direct BvP not yet weighted; 2026/2025 Statcast baseline active,7,5,24,0,"Last 7 games: 5/24, 0 HR","handedness incomplete; pitcher baseline 0.0% barrel, 0.0 HR allowed",neutral batted-ball profile; pitcher fly-ball pressure modest,5.41,42.82,89.07,100.2168,0.4023,0.1351,0.3247,71.8,19.65,25.23,21.62,9.4,0.1376,,,,,,,,,Rogers Centre,
137,667472,Dane Myers,CIN,CHC,2026-08-28T18:20:00Z,Scheduled,3,David Peterson,656849,L,42.5,Longshot,Watch List,"Projected Lineup, Premium Lineup Spot, Platoon Edge",25.7,35.9,29.8,92.1,78.0,20.9,No,No,3,Yes,Yes,RotoWire projected lineup; MLB probable pitchers,lineup projected / unconfirmed,H:2026/2025 P:2026/2025,,,Direct BvP not yet weighted; 2026/2025 Statcast baseline active,7,7,27,0,"Last 7 games: 7/27, 0 HR","platoon edge; pitcher baseline 6.4% barrel, 11.7 HR allowed",neutral batted-ball profile; pitcher fly-ball pressure modest,5.84,36.47,89.51,98.9859,0.3699,0.1309,0.3117,71.11,18.68,26.11,25.03,5.3,0.1015,6.4,42.64,89.62,0.4112,0.1405,19.5,,,Wrigley Field,
138,663656,Kyle Tucker,LAD,DET,2026-08-28T22:40:00Z,Scheduled,6,Drew Anderson,623454,R,42.4,Longshot,Watch List,"Projected Lineup, Platoon Edge",32.4,40.4,27.6,71.7,80.0,12.0,No,No,6,Yes,Yes,RotoWire projected lineup; MLB probable pitchers,lineup projected / unconfirmed,H:2026/2025 P:2026,,,Direct BvP not yet weighted; 2026/2025 Statcast baseline active,7,5,25,0,"Last 7 games: 5/25, 0 HR","platoon edge; pitcher baseline 8.6% barrel, 13.0 HR allowed",neutral batted-ball profile; pitcher fly-ball pressure modest,7.16,38.37,89.26,98.8613,0.4088,0.1507,0.3377,71.51,20.59,43.17,32.56,14.3,0.1504,8.6,38.6,90.2,0.369,0.148,25.1,,,Comerica Park,
139,664983,Jake McCarthy,COL,ATL,2026-08-28T23:15:00Z,Scheduled,1,Grant Holmes,656550,R,42.4,Longshot,Watch List,"Projected Lineup, Premium Lineup Spot, Platoon Edge",14.6,52.0,30.9,88.7,80.0,17.0,No,No,1,Yes,Yes,RotoWire projected lineup; MLB probable pitchers,lineup projected / unconfirmed,H:2026/2025 P:2026/2025,,,Direct BvP not yet weighted; 2026/2025 Statcast baseline active,7,7,30,0,"Last 7 games: 7/30, 0 HR","platoon edge; pitcher baseline 9.3% barrel, 18.1 HR allowed",neutral batted-ball profile; pitcher fly-ball pressure modest,5.09,27.46,84.84,96.7312,0.3943,0.1308,0.3077,70.82,12.21,37.52,21.03,10.3,0.1725,9.26,43.02,90.94,0.4266,0.1754,27.11,,,Truist Park,
140,624641,Edmundo Sosa,PHI,LAA,2026-08-29T01:38:00Z,Scheduled,6,Reid Detmers,672282,L,42.3,Longshot,Watch List,"Projected Lineup, Platoon Edge",27.9,40.2,28.2,71.7,78.0,42.0,No,No,6,Yes,Yes,RotoWire projected lineup; MLB probable pitchers,lineup projected / unconfirmed,H:2026/2025 P:2026/2025,,,Direct BvP not yet weighted; 2026/2025 Statcast baseline active,7,8,20,0,Contact streak: 8/20 over last 7 games,"platoon edge; pitcher baseline 8.1% barrel, 13.7 HR allowed",neutral batted-ball profile; pitcher fly-ball pressure modest,6.44,38.98,87.56,99.8102,0.4225,0.1516,0.3173,72.3,25.75,40.75,20.17,6.8,0.1545,8.13,39.93,90.1,0.3637,0.1432,28.27,,,Angel Stadium,
141,642350,Jose Siri,LAA,PHI,2026-08-29T01:38:00Z,Scheduled,8,Andrew Painter,691725,R,42.3,Longshot,Watch List,"Projected Lineup, Strong Barrel",50.0,42.1,28.2,47.9,50.0,4.5,No,No,8,Yes,Yes,RotoWire projected lineup; MLB probable pitchers,lineup projected / unconfirmed,H:2026/2025 P:2026,,,Direct BvP not yet weighted; 2026/2025 Statcast baseline active,7,3,20,0,"Last 7 games: 3/20, 0 HR","same-side matchup; pitcher baseline 8.6% barrel, 17.0 HR allowed",fly-ball profile; pitcher fly-ball pressure modest,15.94,38.41,87.63,99.7552,0.39,0.205,0.2813,73.22,36.41,31.48,43.53,4.9,0.1453,8.6,36.6,87.3,0.439,0.177,27.1,,,Angel Stadium,
142,676724,Jared Young,NYM,HOU,2026-08-28T23:10:00Z,Scheduled,5,Hunter Brown,686613,R,42.2,Longshot,Watch List,"Projected Lineup, Platoon Edge",40.1,22.2,24.8,81.9,80.0,24.9,No,No,5,Yes,Yes,RotoWire projected lineup; MLB probable pitchers,lineup projected / unconfirmed,H:2026/2025 P:2026/2025,,,Direct BvP not yet weighted; 2026/2025 Statcast baseline active,7,8,28,0,"Last 7 games: 8/28, 0 HR","platoon edge; pitcher baseline 6.2% barrel, 12.1 HR allowed",neutral batted-ball profile; pitcher fly-ball pressure modest,9.61,44.13,88.45,100.9641,0.4147,0.1857,0.3086,73.37,33.32,39.51,26.67,6.8,0.2103,6.18,35.21,85.82,0.3383,0.1297,21.97,,,Citi Field,
143,673357,Luis Robert,NYM,HOU,2026-08-28T23:10:00Z,Scheduled,6,Hunter Brown,686613,R,42.1,Longshot,Watch List,"Projected Lineup, Hot Hitter/Streak",41.9,22.2,24.8,71.7,50.0,94.1,No,No,6,Yes,Yes,RotoWire projected lineup; MLB probable pitchers,lineup projected / unconfirmed,H:2026/2025 P:2026/2025,,,Direct BvP not yet weighted; 2026/2025 Statcast baseline active,7,8,21,3,Hot streak: 3 HR in last 7 games,"same-side matchup; pitcher baseline 6.2% barrel, 12.1 HR allowed",neutral batted-ball profile; pitcher fly-ball pressure modest,9.32,40.48,89.61,101.7506,0.4295,0.1835,0.3273,76.65,67.69,45.95,27.73,11.2,0.1739,6.18,35.21,85.82,0.3383,0.1297,21.97,,,Citi Field,
144,694197,Angel Genao,CLE,KC,2026-08-28T23:10:00Z,Scheduled,6,Michael Wacha,608379,R,42.0,Longshot,Watch List,"Projected Lineup, Platoon Edge",34.0,37.2,27.6,71.7,75.0,18.2,No,No,6,Yes,Yes,RotoWire projected lineup; MLB probable pitchers,lineup projected / unconfirmed,H:2026 P:2026/2025,,,Direct BvP not yet weighted; 2026/2025 Statcast baseline active,7,7,29,0,"Last 7 games: 7/29, 0 HR","switch hitter; pitcher baseline 7.1% barrel, 19.9 HR allowed",EV profile; pitcher fly-ball pressure modest,5.2,56.9,92.3,101.0527,0.359,0.1,0.303,72.2,22.3,34.5,15.5,1.0,0.091,7.12,36.28,88.27,0.4179,0.1668,29.3,,,Progressive Field,
145,641355,Cody Bellinger,NYY,BOS,2026-08-28T23:15:00Z,Scheduled,4,Patrick Sandoval,663776,L,42.0,Longshot,Watch List,"Projected Lineup, Premium Lineup Spot",30.6,29.4,38.2,90.4,50.0,39.2,No,No,4,Yes,Yes,RotoWire projected lineup; MLB probable pitchers,lineup projected / unconfirmed,H:2026/2025 P:2026,,,Direct BvP not yet weighted; 2026/2025 Statcast baseline active,7,7,27,1,"Last 7 games: 7/27, 1 HR","same-side matchup; pitcher baseline 6.5% barrel, 5.0 HR allowed",neutral batted-ball profile; pitcher fly-ball pressure modest,6.87,37.41,88.86,98.582,0.4229,0.154,0.3412,69.75,4.19,42.4,31.85,17.1,0.1779,6.5,33.9,87.2,0.429,0.154,24.2,,,Yankee Stadium,
146,800325,Luis Lara,MIL,TEX,2026-08-28T23:40:00Z,Scheduled,8,Cody Bradford,674003,L,42.0,Longshot,Watch List,"Projected Lineup, Platoon Edge",24.5,60.6,27.6,47.9,75.0,36.0,No,No,8,Yes,Yes,RotoWire projected lineup; MLB probable pitchers,lineup projected / unconfirmed,H:2026 P:2026,,,Direct BvP not yet weighted; 2026/2025 Statcast baseline active,7,9,25,0,Contact streak: 9/25 over last 7 games,"switch hitter; pitcher baseline 11.8% barrel, 1.0 HR allowed",neutral batted-ball profile; pitcher allows elevated contact,5.4,43.0,89.5,98.9965,0.374,0.095,0.322,71.5,17.8,30.1,17.2,1.0,0.112,11.8,40.6,91.5,0.488,0.202,34.8,,,American Family Field,
147,593428,Xander Bogaerts,SD,TB,2026-08-28T23:10:00Z,Scheduled,6,Shane McClanahan,663556,L,41.8,Longshot,Watch List,"Projected Lineup, Platoon Edge",29.0,44.0,27.6,71.7,78.0,9.3,No,No,6,Yes,Yes,RotoWire projected lineup; MLB probable pitchers,lineup projected / unconfirmed,H:2026/2025 P:2026,,,Direct BvP not yet weighted; 2026/2025 Statcast baseline active,7,4,22,0,"Last 7 games: 4/22, 0 HR","platoon edge; pitcher baseline 8.9% barrel, 8.0 HR allowed",neutral batted-ball profile; pitcher fly-ball pressure modest,6.48,40.53,89.0,100.0327,0.3878,0.1355,0.3249,72.38,28.01,43.52,23.34,11.0,0.1126,8.9,41.6,89.5,0.405,0.164,27.7,,,Tropicana Field,
148,669242,Tommy Edman,LAD,DET,2026-08-28T22:40:00Z,Scheduled,5,Drew Anderson,623454,R,41.7,Longshot,Watch List,"Projected Lineup, Platoon Edge",23.7,39.0,27.6,81.9,75.0,42.3,No,No,5,Yes,Yes,RotoWire projected lineup; MLB probable pitchers,lineup projected / unconfirmed,H:2026/2025 P:2026,,,Direct BvP not yet weighted; 2026/2025 Statcast baseline active,7,7,25,1,"Last 7 games: 7/25, 1 HR","switch hitter; pitcher baseline 8.6% barrel, 13.0 HR allowed",neutral batted-ball profile; pitcher fly-ball pressure modest,5.69,37.38,88.23,99.3855,0.383,0.1202,0.3189,70.45,11.9,42.53,26.5,7.4,0.1514,8.6,38.6,90.2,0.369,0.148,25.1,,,Comerica Park,
149,687637,Dylan Beavers,BAL,ATH,2026-08-29T01:40:00Z,Scheduled,8,,,,41.6,Longshot,Watch List,"Projected Lineup, Hot Hitter/Streak",34.5,41.2,30.9,47.9,60.0,71.2,No,No,8,Yes,Yes,RotoWire projected lineup; MLB probable pitchers,lineup projected / unconfirmed,H:2026/2025 P:,,,Direct BvP not yet weighted; 2026/2025 Statcast baseline active,7,7,20,2,Hot streak: 2 HR in last 7 games,"handedness incomplete; pitcher baseline 0.0% barrel, 0.0 HR allowed",neutral batted-ball profile; pitcher fly-ball pressure modest,8.39,37.17,89.01,99.4751,0.3919,0.1656,0.3188,72.41,21.19,40.74,32.58,5.4,0.1534,,,,,,,,,Sutter Health Park,
150,701852,Drew Cavanaugh,SF,AZ,2026-08-29T02:15:00Z,Scheduled,6,Kohl Drake,684442,L,41.5,Longshot,Watch List,"Projected Lineup, Pitcher Vulnerable",9.4,84.9,19.3,71.7,50.0,12.0,No,No,6,Yes,Yes,RotoWire projected lineup; MLB probable pitchers,lineup projected / unconfirmed,H:2026 P:2026,,,Direct BvP not yet weighted; 2026/2025 Statcast baseline active,7,4,20,0,"Last 7 games: 4/20, 0 HR","same-side matchup; pitcher baseline 16.4% barrel, 3.0 HR allowed",neutral batted-ball profile; pitcher allows elevated contact,3.1,29.9,86.0,98.6377,0.34,0.099,0.312,69.4,5.4,25.4,20.9,0.0,0.011,16.4,49.1,91.6,0.625,0.308,40.0,,,Oracle Park,
151,687401,Joey Ortiz,MIL,TEX,2026-08-28T23:40:00Z,Scheduled,7,Cody Bradford,674003,L,41.4,Longshot,Watch List,"Projected Lineup, Platoon Edge",15.8,60.7,27.6,59.8,78.0,42.3,No,No,7,Yes,Yes,RotoWire projected lineup; MLB probable pitchers,lineup projected / unconfirmed,H:2026/2025 P:2026,,,Direct BvP not yet weighted; 2026/2025 Statcast baseline active,7,7,25,1,"Last 7 games: 7/25, 1 HR","platoon edge; pitcher baseline 11.8% barrel, 1.0 HR allowed",neutral batted-ball profile; pitcher allows elevated contact,3.84,35.53,87.42,98.8822,0.3319,0.0932,0.2883,72.79,28.68,31.91,20.1,7.0,0.1157,11.8,40.6,91.5,0.488,0.202,34.8,,,American Family Field,
152,702616,Jackson Holliday,BAL,ATH,2026-08-29T01:40:00Z,Scheduled,1,,,,41.4,Longshot,Watch List,"Projected Lineup, Premium Lineup Spot",24.7,41.2,30.9,88.7,60.0,17.0,No,No,1,Yes,Yes,RotoWire projected lineup; MLB probable pitchers,lineup projected / unconfirmed,H:2026/2025 P:,,,Direct BvP not yet weighted; 2026/2025 Statcast baseline active,7,7,30,0,"Last 7 games: 7/30, 0 HR","handedness incomplete; pitcher baseline 0.0% barrel, 0.0 HR allowed",neutral batted-ball profile; pitcher fly-ball pressure modest,6.75,36.32,87.68,98.12,0.3788,0.1343,0.3126,70.67,7.48,33.87,24.19,9.3,0.1246,,,,,,,,,Sutter Health Park,
153,695731,Braden Montgomery,CWS,MIN,2026-08-29T00:10:00Z,Scheduled,5,Dean Kremer,665152,R,41.3,Longshot,Watch List,"Projected Lineup, Platoon Edge",24.0,40.7,27.1,81.9,75.0,26.4,No,No,5,Yes,Yes,RotoWire projected lineup; MLB probable pitchers,lineup projected / unconfirmed,H:2026 P:2026/2025,,,Direct BvP not yet weighted; 2026/2025 Statcast baseline active,7,4,23,1,"Last 7 games: 4/23, 1 HR","switch hitter; pitcher baseline 7.8% barrel, 16.4 HR allowed",neutral batted-ball profile; pitcher allows elevated contact,4.4,40.6,89.3,100.1308,0.381,0.135,0.32,69.8,8.6,36.1,20.6,5.0,0.139,7.79,35.38,87.61,0.4326,0.1953,33.16,,,Target Field,
154,668804,Bryan Reynolds,PIT,STL,2026-08-29T00:15:00Z,Scheduled,3,Quinn Mathews,687273,L,41.3,Longshot,Watch List,"Projected Lineup, Strong Barrel, Premium Lineup Spot, Platoon Edge",45.5,8.7,22.1,92.1,75.0,24.9,No,No,3,Yes,Yes,RotoWire projected lineup; MLB probable pitchers,lineup projected / unconfirmed,H:2026/2025 P:2026,,,Direct BvP not yet weighted; 2026/2025 Statcast baseline active,7,8,28,0,"Last 7 games: 8/28, 0 HR","switch hitter; pitcher baseline 2.2% barrel, 1.0 HR allowed",neutral batted-ball profile; pitcher allows elevated contact,10.73,46.28,90.71,101.8516,0.4379,0.1862,0.3464,72.62,28.37,39.45,25.04,15.3,0.1605,2.2,28.3,86.6,0.294,0.064,30.4,,,Busch Stadium,
155,643446,Jeff McNeil,ATH,BAL,2026-08-29T01:40:00Z,Scheduled,2,Brandon Young,687064,R,41.3,Longshot,Watch List,"Projected Lineup, Premium Lineup Spot, Platoon Edge",12.9,43.2,30.9,95.5,80.0,28.6,No,No,2,Yes,Yes,RotoWire projected lineup; MLB probable pitchers,lineup projected / unconfirmed,H:2026/2025 P:2026/2025,,,Direct BvP not yet weighted; 2026/2025 Statcast baseline active,7,9,29,0,"Last 7 games: 9/29, 0 HR","platoon edge; pitcher baseline 7.9% barrel, 14.8 HR allowed",neutral batted-ball profile; pitcher fly-ball pressure modest,2.79,31.5,86.92,96.6838,0.3782,0.1034,0.3153,69.23,5.44,43.56,23.19,7.8,0.1183,7.89,41.15,89.4,0.4173,0.1651,26.66,,,Sutter Health Park,
156,803011,Sam Antonacci,CWS,MIN,2026-08-29T00:10:00Z,Scheduled,1,Dean Kremer,665152,R,41.2,Longshot,Watch List,"Projected Lineup, Premium Lineup Spot, Platoon Edge",19.1,42.4,27.1,88.7,80.0,21.1,No,No,1,Yes,Yes,RotoWire projected lineup; MLB probable pitchers,lineup projected / unconfirmed,H:2026 P:2026/2025,,,Direct BvP not yet weighted; 2026/2025 Statcast baseline active,7,6,23,0,"Last 7 games: 6/23, 0 HR","platoon edge; pitcher baseline 7.8% barrel, 16.4 HR allowed",neutral batted-ball profile; pitcher allows elevated contact,5.3,32.9,87.3,97.6219,0.394,0.119,0.343,69.9,8.3,33.4,21.9,8.0,0.126,7.79,35.38,87.61,0.4326,0.1953,33.16,,,Target Field,
157,669357,Nolan Gorman,STL,PIT,2026-08-29T00:15:00Z,Scheduled,8,Jared Jones,683003,R,41.1,Longshot,Watch List,"Projected Lineup, Platoon Edge",39.8,40.9,22.1,47.9,80.0,18.3,No,No,8,Yes,Yes,RotoWire projected lineup; MLB probable pitchers,lineup projected / unconfirmed,H:2026/2025 P:2026,,,Direct BvP not yet weighted; 2026/2025 Statcast baseline active,7,1,18,1,"Last 7 games: 1/18, 1 HR","platoon edge; pitcher baseline 8.2% barrel, 11.0 HR allowed",fly-ball profile; pitcher fly-ball pressure modest,9.55,42.64,89.25,100.7512,0.3671,0.1697,0.2848,72.98,28.77,43.13,37.33,9.8,0.144,8.2,39.1,89.7,0.382,0.166,27.2,,,Busch Stadium,
158,686797,Brooks Lee,MIN,CWS,2026-08-29T00:10:00Z,Scheduled,8,Luis Castillo,622491,R,41.0,Longshot,Watch List,"Projected Lineup, Platoon Edge, Hot Hitter/Streak",20.2,53.2,27.1,47.9,75.0,81.4,No,No,8,Yes,Yes,RotoWire projected lineup; MLB probable pitchers,lineup projected / unconfirmed,H:2026/2025 P:2026/2025,,,Direct BvP not yet weighted; 2026/2025 Statcast baseline active,7,8,27,3,Hot streak: 3 HR in last 7 games,"switch hitter; pitcher baseline 10.0% barrel, 21.6 HR allowed",neutral batted-ball profile; pitcher fly-ball pressure modest,4.61,34.51,88.11,97.549,0.3488,0.1225,0.2778,69.92,8.7,42.34,29.35,19.5,0.1732,9.98,43.6,90.16,0.4453,0.1828,28.28,,,Target Field,
159,805808,Kevin McGonigle,DET,LAD,2026-08-28T22:40:00Z,Scheduled,3,Tarik Skubal,669373,L,40.8,Longshot,Watch List,"Projected Lineup, Premium Lineup Spot",33.1,27.7,27.6,92.1,50.0,33.7,No,No,3,Yes,Yes,RotoWire projected lineup; MLB probable pitchers,lineup projected / unconfirmed,H:2026 P:2026/2025,,,Direct BvP not yet weighted; 2026/2025 Statcast baseline active,7,6,27,1,"Last 7 games: 6/27, 1 HR","same-side matchup; pitcher baseline 7.5% barrel, 13.8 HR allowed",fly-ball profile; pitcher fly-ball pressure modest,7.2,36.8,88.1,98.3052,0.433,0.17,0.352,71.2,16.2,37.5,36.3,14.0,0.145,7.54,34.75,86.73,0.3398,0.1205,25.83,,,Comerica Park,
160,572233,Christian Walker,HOU,NYM,2026-08-28T23:10:00Z,Scheduled,6,Christian Scott,681035,R,40.8,Longshot,Watch List,"Projected Lineup, Strong Barrel",41.3,29.2,24.8,71.7,50.0,39.2,No,No,6,Yes,Yes,RotoWire projected lineup; MLB probable pitchers,lineup projected / unconfirmed,H:2026/2025 P:2026,,,Direct BvP not yet weighted; 2026/2025 Statcast baseline active,7,7,27,1,"Last 7 games: 7/27, 1 HR","same-side matchup; pitcher baseline 7.4% barrel, 10.0 HR allowed",neutral batted-ball profile; pitcher fly-ball pressure modest,10.24,42.6,89.78,101.527,0.3986,0.1715,0.3049,74.31,43.76,42.27,27.65,24.2,0.1956,7.4,34.2,87.1,0.362,0.133,27.7,,,Citi Field,
161,683766,Christian Koss,SF,AZ,2026-08-29T02:15:00Z,Scheduled,9,Kohl Drake,684442,L,40.8,Longshot,Watch List,"Projected Lineup, Pitcher Vulnerable, Platoon Edge",11.2,84.9,19.3,40.2,78.0,22.9,No,No,9,Yes,Yes,RotoWire projected lineup; MLB probable pitchers,lineup projected / unconfirmed,H:2026/2025 P:2026,,,Direct BvP not yet weighted; 2026/2025 Statcast baseline active,7,6,22,0,"Last 7 games: 6/22, 0 HR","platoon edge; pitcher baseline 16.4% barrel, 3.0 HR allowed",neutral batted-ball profile; pitcher allows elevated contact,5.3,30.59,85.64,97.7581,0.3131,0.0914,0.2571,69.79,5.86,38.23,18.84,0.9,0.0634,16.4,49.1,91.6,0.625,0.308,40.0,,,Oracle Park,
162,650859,Luis Rengifo,SD,TB,2026-08-28T23:10:00Z,Scheduled,2,Shane McClanahan,663556,L,40.7,Longshot,Watch List,"Projected Lineup, Premium Lineup Spot, Platoon Edge",16.1,43.1,27.6,95.5,75.0,16.1,No,No,2,Yes,Yes,RotoWire projected lineup; MLB probable pitchers,lineup projected / unconfirmed,H:2026/2025 P:2026,,,Direct BvP not yet weighted; 2026/2025 Statcast baseline active,7,5,22,0,"Last 7 games: 5/22, 0 HR","switch hitter; pitcher baseline 8.9% barrel, 8.0 HR allowed",neutral batted-ball profile; pitcher fly-ball pressure modest,4.44,33.89,87.52,97.7721,0.3547,0.0989,0.3034,70.83,14.02,37.32,17.87,5.5,0.0844,8.9,41.6,89.5,0.405,0.164,27.7,,,Tropicana Field,
163,664040,Brandon Lowe,PIT,STL,2026-08-29T00:15:00Z,Scheduled,4,Quinn Mathews,687273,L,40.7,Longshot,Watch List,"Projected Lineup, Strong Barrel, Premium Lineup Spot",51.3,8.8,22.1,90.4,50.0,23.4,No,No,4,Yes,Yes,RotoWire projected lineup; MLB probable pitchers,lineup projected / unconfirmed,H:2026/2025 P:2026,,,Direct BvP not yet weighted; 2026/2025 Statcast baseline active,7,4,26,1,"Last 7 games: 4/26, 1 HR","same-side matchup; pitcher baseline 2.2% barrel, 1.0 HR allowed",neutral batted-ball profile; pitcher allows elevated contact,12.23,46.18,91.1,101.4337,0.4402,0.1995,0.3252,73.66,40.02,46.93,32.78,28.2,0.2217,2.2,28.3,86.6,0.294,0.064,30.4,,,Busch Stadium,
164,807712,Luke Keaschall,MIN,CWS,2026-08-29T00:10:00Z,Scheduled,1,Luis Castillo,622491,R,40.6,Longshot,Watch List,"Projected Lineup, Premium Lineup Spot",13.3,55.1,27.1,88.7,50.0,39.0,No,No,1,Yes,Yes,RotoWire projected lineup; MLB probable pitchers,lineup projected / unconfirmed,H:2026/2025 P:2026/2025,,,Direct BvP not yet weighted; 2026/2025 Statcast baseline active,7,8,31,1,"Last 7 games: 8/31, 1 HR","same-side matchup; pitcher baseline 10.0% barrel, 21.6 HR allowed",neutral batted-ball profile; pitcher fly-ball pressure modest,4.15,29.94,85.57,96.8366,0.364,0.116,0.3156,68.64,7.66,38.26,27.74,6.8,0.1199,9.98,43.6,90.16,0.4453,0.1828,28.28,,,Target Field,
165,650559,Bryan De La Cruz,PHI,LAA,2026-08-29T01:38:00Z,Scheduled,7,Reid Detmers,672282,L,40.6,Longshot,Watch List,"Projected Lineup, Platoon Edge",27.5,40.2,28.2,59.8,78.0,44.5,No,No,7,Yes,Yes,RotoWire projected lineup; MLB probable pitchers,lineup projected / unconfirmed,H:2026/2025 P:2026/2025,,,Direct BvP not yet weighted; 2026/2025 Statcast baseline active,7,5,12,0,Contact streak: 5/12 over last 7 games,"platoon edge; pitcher baseline 8.1% barrel, 13.7 HR allowed",neutral batted-ball profile; pitcher fly-ball pressure modest,6.48,43.93,89.19,99.8671,0.3458,0.1245,0.2779,71.48,17.49,35.45,19.1,1.4,0.1466,8.13,39.93,90.1,0.3637,0.1432,28.27,,,Angel Stadium,
166,668709,JJ Bleday,CIN,CHC,2026-08-28T18:20:00Z,Scheduled,7,David Peterson,656849,L,40.5,Longshot,Watch List,Projected Lineup,38.9,35.9,29.8,59.8,50.0,34.9,No,No,7,Yes,Yes,RotoWire projected lineup; MLB probable pitchers,lineup projected / unconfirmed,H:2026/2025 P:2026/2025,,,Direct BvP not yet weighted; 2026/2025 Statcast baseline active,7,6,26,1,"Last 7 games: 6/26, 1 HR","same-side matchup; pitcher baseline 6.4% barrel, 11.7 HR allowed",neutral batted-ball profile; pitcher fly-ball pressure modest,9.41,39.96,88.77,99.9121,0.4087,0.1788,0.3285,73.14,28.07,45.6,33.06,18.9,0.2095,6.4,42.64,89.62,0.4112,0.1405,19.5,,,Wrigley Field,
167,683146,Brett Baty,NYM,HOU,2026-08-28T23:10:00Z,Scheduled,7,Hunter Brown,686613,R,40.5,Longshot,Watch List,"Projected Lineup, Strong Barrel, Platoon Edge",41.7,22.2,24.8,59.8,80.0,42.0,No,No,7,Yes,Yes,RotoWire projected lineup; MLB probable pitchers,lineup projected / unconfirmed,H:2026/2025 P:2026/2025,,,Direct BvP not yet weighted; 2026/2025 Statcast baseline active,7,6,15,0,Contact streak: 6/15 over last 7 games,"platoon edge; pitcher baseline 6.2% barrel, 12.1 HR allowed",neutral batted-ball profile; pitcher fly-ball pressure modest,10.24,43.12,90.21,101.6405,0.4045,0.1651,0.3151,75.01,53.37,36.38,25.47,11.0,0.1362,6.18,35.21,85.82,0.3383,0.1297,21.97,,,Citi Field,
168,592663,J.T. Realmuto,PHI,LAA,2026-08-29T01:38:00Z,Scheduled,8,Reid Detmers,672282,L,40.5,Longshot,Watch List,"Projected Lineup, Platoon Edge",30.6,40.2,28.2,47.9,78.0,54.9,No,No,8,Yes,Yes,RotoWire projected lineup; MLB probable pitchers,lineup projected / unconfirmed,H:2026/2025 P:2026/2025,,,Direct BvP not yet weighted; 2026/2025 Statcast baseline active,7,8,22,1,Contact streak: 8/22 over last 7 games,"platoon edge; pitcher baseline 8.1% barrel, 13.7 HR allowed",neutral batted-ball profile; pitcher fly-ball pressure modest,5.58,42.35,90.0,100.2688,0.3956,0.137,0.3195,72.77,31.45,42.51,25.38,9.9,0.1305,8.13,39.93,90.1,0.3637,0.1432,28.27,,,Angel Stadium,
169,678882,Ceddanne Rafaela,BOS,NYY,2026-08-28T23:15:00Z,Scheduled,2,Cam Schlittler,693645,R,40.4,Longshot,Watch List,"Projected Lineup, Premium Lineup Spot",22.4,34.9,38.2,95.5,50.0,20.7,No,No,2,Yes,Yes,RotoWire projected lineup; MLB probable pitchers,lineup projected / unconfirmed,H:2026/2025 P:2026/2025,,,Direct BvP not yet weighted; 2026/2025 Statcast baseline active,7,8,31,0,"Last 7 games: 8/31, 0 HR","same-side matchup; pitcher baseline 7.8% barrel, 12.2 HR allowed",neutral batted-ball profile; pitcher fly-ball pressure modest,6.61,34.22,86.97,97.7783,0.3775,0.1313,0.2903,70.02,8.62,35.43,25.72,16.0,0.1685,7.85,39.5,88.51,0.3504,0.1344,27.02,,,Yankee Stadium,
170,656537,Derek Hill,PHI,LAA,2026-08-29T01:38:00Z,Scheduled,9,Reid Detmers,672282,L,40.4,Longshot,Watch List,"Projected Lineup, Strong Barrel, Platoon Edge",37.3,40.2,28.2,40.2,78.0,32.0,No,No,9,Yes,Yes,RotoWire projected lineup; MLB probable pitchers,lineup projected / unconfirmed,H:2026/2025 P:2026/2025,,,Direct BvP not yet weighted; 2026/2025 Statcast baseline active,7,3,9,0,Contact streak: 3/9 over last 7 games,"platoon edge; pitcher baseline 8.1% barrel, 13.7 HR allowed",neutral batted-ball profile; pitcher fly-ball pressure modest,10.57,39.46,89.73,100.0802,0.3873,0.1612,0.2943,71.97,19.94,36.05,24.53,7.2,0.1631,8.13,39.93,90.1,0.3637,0.1432,28.27,,,Angel Stadium,
171,665161,Jeremy Pena,HOU,NYM,2026-08-28T23:10:00Z,Scheduled,1,Christian Scott,681035,R,40.3,Longshot,Watch List,"Projected Lineup, Premium Lineup Spot",30.6,29.2,24.8,88.7,50.0,52.0,No,No,1,Yes,Yes,RotoWire projected lineup; MLB probable pitchers,lineup projected / unconfirmed,H:2026/2025 P:2026,,,Direct BvP not yet weighted; 2026/2025 Statcast baseline active,7,6,27,2,Hot streak: 2 HR in last 7 games,"same-side matchup; pitcher baseline 7.4% barrel, 10.0 HR allowed",neutral batted-ball profile; pitcher fly-ball pressure modest,6.59,40.8,88.62,99.9375,0.4208,0.1473,0.3291,72.16,14.06,45.99,24.01,15.6,0.1835,7.4,34.2,87.1,0.362,0.133,27.7,,,Citi Field,
172,681198,TJ Rumfield,COL,ATL,2026-08-28T23:15:00Z,Scheduled,5,Grant Holmes,656550,R,40.3,Longshot,Watch List,"Projected Lineup, Platoon Edge",11.5,52.0,30.9,81.9,80.0,15.3,No,No,5,Yes,Yes,RotoWire projected lineup; MLB probable pitchers,lineup projected / unconfirmed,H:2026 P:2026/2025,,,Direct BvP not yet weighted; 2026/2025 Statcast baseline active,7,4,18,0,"Last 7 games: 4/18, 0 HR","platoon edge; pitcher baseline 9.3% barrel, 18.1 HR allowed",neutral batted-ball profile; pitcher fly-ball pressure modest,4.5,27.2,84.0,95.9996,0.374,0.12,0.323,68.6,8.2,41.5,28.7,13.0,0.152,9.26,43.02,90.94,0.4266,0.1754,27.11,,,Truist Park,
173,699393,Pedro Ramirez,CHC,CIN,2026-08-28T18:20:00Z,Scheduled,7,Rhett Lowder,695076,R,40.2,Longshot,Watch List,"Projected Lineup, Platoon Edge",20.7,48.8,29.8,59.8,75.0,40.7,No,No,7,Yes,Yes,RotoWire projected lineup; MLB probable pitchers,lineup projected / unconfirmed,H:2026 P:2026,,,Direct BvP not yet weighted; 2026/2025 Statcast baseline active,7,7,26,1,"Last 7 games: 7/26, 1 HR","switch hitter; pitcher baseline 9.5% barrel, 15.0 HR allowed",neutral batted-ball profile; pitcher fly-ball pressure modest,3.8,41.5,88.9,99.6833,0.36,0.094,0.301,72.2,22.1,38.5,17.7,3.0,0.143,9.5,37.6,90.1,0.455,0.189,28.0,,,Wrigley Field,
174,691777,Max Muncy,ATH,BAL,2026-08-29T01:40:00Z,Scheduled,9,Brandon Young,687064,R,40.0,Longshot,Watch List,"Projected Lineup, Strong Barrel",37.3,43.2,30.9,40.2,50.0,51.3,No,No,9,Yes,Yes,RotoWire projected lineup; MLB probable pitchers,lineup projected / unconfirmed,H:2026/2025 P:2026/2025,,,Direct BvP not yet weighted; 2026/2025 Statcast baseline active,7,5,23,2,Hot streak: 2 HR in last 7 games,"same-side matchup; pitcher baseline 7.9% barrel, 14.8 HR allowed",neutral batted-ball profile; pitcher fly-ball pressure modest,11.36,40.03,89.2,100.8908,0.3572,0.1493,0.2789,73.87,43.79,41.98,23.91,7.6,0.1636,7.89,41.15,89.4,0.4173,0.1651,26.66,,,Sutter Health Park,
175,666182,Bo Bichette,NYM,HOU,2026-08-28T23:10:00Z,Scheduled,3,Hunter Brown,686613,R,39.9,Longshot,Watch List,"Projected Lineup, Premium Lineup Spot",32.8,22.2,24.8,92.1,50.0,52.0,No,No,3,Yes,Yes,RotoWire projected lineup; MLB probable pitchers,lineup projected / unconfirmed,H:2026/2025 P:2026/2025,,,Direct BvP not yet weighted; 2026/2025 Statcast baseline active,7,6,27,2,Hot streak: 2 HR in last 7 games,"same-side matchup; pitcher baseline 6.2% barrel, 12.1 HR allowed",neutral batted-ball profile; pitcher fly-ball pressure modest,6.85,43.69,90.02,101.088,0.4331,0.1489,0.3334,69.73,13.37,26.28,22.88,15.2,0.1419,6.18,35.21,85.82,0.3383,0.1297,21.97,,,Citi Field,
176,689414,Liam Hicks,TB,SD,2026-08-28T23:10:00Z,Scheduled,4,Casey Mize,663554,R,39.9,Longshot,Watch List,"Projected Lineup, Premium Lineup Spot, Platoon Edge",8.9,42.5,27.6,90.4,80.0,54.9,No,No,4,Yes,Yes,RotoWire projected lineup; MLB probable pitchers,lineup projected / unconfirmed,H:2026/2025 P:2026/2025,,,Direct BvP not yet weighted; 2026/2025 Statcast baseline active,7,8,22,1,Contact streak: 8/22 over last 7 games,"platoon edge; pitcher baseline 8.6% barrel, 13.3 HR allowed",neutral batted-ball profile; pitcher allows elevated contact,3.88,28.05,84.88,96.2519,0.3535,0.1018,0.3178,68.03,3.79,41.82,24.29,13.7,0.1424,8.64,39.0,89.3,0.3875,0.1546,31.02,,,Tropicana Field,
177,660688,Keibert Ruiz,WSH,MIA,2026-08-28T22:45:00Z,Scheduled,6,Eury Pérez,691587,R,39.7,Longshot,Watch List,"Projected Lineup, Platoon Edge, Hot Hitter/Streak",16.0,41.1,28.2,71.7,75.0,70.8,No,No,6,Yes,Yes,RotoWire projected lineup; MLB probable pitchers,lineup projected / unconfirmed,H:2026/2025 P:2026/2025,,,Direct BvP not yet weighted; 2026/2025 Statcast baseline active,7,8,23,2,Hot streak: 2 HR in last 7 games,"switch hitter; pitcher baseline 9.1% barrel, 12.7 HR allowed",neutral batted-ball profile; pitcher allows elevated contact,4.02,35.31,87.6,97.6261,0.3601,0.1073,0.2863,67.29,0.93,54.61,25.72,6.2,0.1333,9.07,41.04,88.89,0.3625,0.1546,30.52,,,Nationals Park,
178,677950,Alek Thomas,LAD,DET,2026-08-28T22:40:00Z,Scheduled,7,Drew Anderson,623454,R,39.6,Longshot,Watch List,"Projected Lineup, Platoon Edge",30.1,40.4,27.6,59.8,80.0,5.7,No,No,7,Yes,Yes,RotoWire projected lineup; MLB probable pitchers,lineup projected / unconfirmed,H:2026/2025 P:2026,,,Direct BvP not yet weighted; 2026/2025 Statcast baseline active,7,3,19,0,"Last 7 games: 3/19, 0 HR","platoon edge; pitcher baseline 8.6% barrel, 13.0 HR allowed",neutral batted-ball profile; pitcher fly-ball pressure modest,7.52,39.65,89.74,100.1562,0.3755,0.1398,0.2855,70.26,8.52,31.54,25.0,4.1,0.1329,8.6,38.6,90.2,0.369,0.148,25.1,,,Comerica Park,
179,699625,Jimmy Crooks,STL,PIT,2026-08-29T00:15:00Z,Scheduled,9,Jared Jones,683003,R,39.6,Longshot,Watch List,"Projected Lineup, Platoon Edge",41.2,40.9,22.1,40.2,80.0,0.0,No,No,9,Yes,Yes,RotoWire projected lineup; MLB probable pitchers,lineup projected / unconfirmed,H:2026/2025 P:2026,,,Direct BvP not yet weighted; 2026/2025 Statcast baseline active,7,1,15,0,"Last 7 games: 1/15, 0 HR","platoon edge; pitcher baseline 8.2% barrel, 11.0 HR allowed",fly-ball profile; pitcher fly-ball pressure modest,8.99,45.53,91.0,100.5488,0.3491,0.162,0.2601,71.87,18.64,33.85,40.25,3.1,0.125,8.2,39.1,89.7,0.382,0.166,27.2,,,Busch Stadium,
180,699302,Hector Rodriguez,CIN,CHC,2026-08-28T18:20:00Z,Scheduled,9,David Peterson,656849,L,39.5,Longshot,Watch List,"Projected Lineup, Strong Barrel, Hot Hitter/Streak",35.8,35.9,29.8,40.2,50.0,88.9,No,No,9,Yes,Yes,RotoWire projected lineup; MLB probable pitchers,lineup projected / unconfirmed,H:2026 P:2026/2025,,,Direct BvP not yet weighted; 2026/2025 Statcast baseline active,7,9,26,3,Hot streak: 3 HR in last 7 games,"same-side matchup; pitcher baseline 6.4% barrel, 11.7 HR allowed",neutral batted-ball profile; pitcher fly-ball pressure modest,10.5,31.6,88.4,99.3588,0.39,0.182,0.295,74.9,54.0,39.5,26.3,3.0,0.22,6.4,42.64,89.62,0.4112,0.1405,19.5,,,Wrigley Field,
181,606192,Teoscar Hernandez,LAD,DET,2026-08-28T22:40:00Z,Scheduled,8,Drew Anderson,623454,R,39.4,Longshot,Watch List,Projected Lineup,41.1,40.4,27.6,47.9,50.0,15.3,No,No,8,Yes,Yes,RotoWire projected lineup; MLB probable pitchers,lineup projected / unconfirmed,H:2026/2025 P:2026,,,Direct BvP not yet weighted; 2026/2025 Statcast baseline active,7,6,27,0,"Last 7 games: 6/27, 0 HR","same-side matchup; pitcher baseline 8.6% barrel, 13.0 HR allowed",neutral batted-ball profile; pitcher fly-ball pressure modest,9.68,44.14,89.64,101.0265,0.4207,0.1759,0.316,72.41,24.85,34.29,28.89,15.2,0.1629,8.6,38.6,90.2,0.369,0.148,25.1,,,Comerica Park,
182,805999,A.J. Ewing,NYM,HOU,2026-08-28T23:10:00Z,Scheduled,1,Hunter Brown,686613,R,39.4,Longshot,Watch List,"Projected Lineup, Premium Lineup Spot, Platoon Edge",31.3,22.2,24.8,88.7,80.0,7.9,No,No,1,Yes,Yes,RotoWire projected lineup; MLB probable pitchers,lineup projected / unconfirmed,H:2026 P:2026/2025,,,Direct BvP not yet weighted; 2026/2025 Statcast baseline active,7,5,29,0,"Last 7 games: 5/29, 0 HR","platoon edge; pitcher baseline 6.2% barrel, 12.1 HR allowed",neutral batted-ball profile; pitcher fly-ball pressure modest,7.4,42.4,89.3,100.2237,0.394,0.141,0.318,70.3,12.2,32.1,25.5,7.0,0.116,6.18,35.21,85.82,0.3383,0.1297,21.97,,,Citi Field,
183,669221,Sean Murphy,ATL,COL,2026-08-28T23:15:00Z,Scheduled,9,Tomoyuki Sugano,608372,R,39.4,Longshot,Watch List,"Projected Lineup, Pitcher Vulnerable",16.2,72.1,30.9,40.2,50.0,39.5,No,No,9,Yes,Yes,RotoWire projected lineup; MLB probable pitchers,lineup projected / unconfirmed,H:2026/2025 P:2026/2025,,,Direct BvP not yet weighted; 2026/2025 Statcast baseline active,7,6,23,1,"Last 7 games: 6/23, 1 HR","same-side matchup; pitcher baseline 12.6% barrel, 28.1 HR allowed",neutral batted-ball profile; pitcher fly-ball pressure modest,6.33,33.93,84.76,99.3519,0.296,0.116,0.2286,71.76,23.5,49.61,23.06,5.5,0.1358,12.64,42.46,90.63,0.5534,0.2469,29.86,,,Truist Park,
184,678662,Ezequiel Tovar,COL,ATL,2026-08-28T23:15:00Z,Scheduled,9,Grant Holmes,656550,R,39.3,Longshot,Watch List,Projected Lineup,29.7,52.0,30.9,40.2,50.0,44.5,No,No,9,Yes,Yes,RotoWire projected lineup; MLB probable pitchers,lineup projected / unconfirmed,H:2026/2025 P:2026/2025,,,Direct BvP not yet weighted; 2026/2025 Statcast baseline active,7,5,17,1,"Last 7 games: 5/17, 1 HR","same-side matchup; pitcher baseline 9.3% barrel, 18.1 HR allowed",neutral batted-ball profile; pitcher fly-ball pressure modest,7.48,35.47,88.07,99.107,0.392,0.1548,0.2938,71.95,20.82,37.82,29.92,9.7,0.1344,9.26,43.02,90.94,0.4266,0.1754,27.11,,,Truist Park,
185,672275,Patrick Bailey,CLE,KC,2026-08-28T23:10:00Z,Scheduled,8,Michael Wacha,608379,R,39.0,Longshot,Watch List,"Projected Lineup, Platoon Edge",31.1,37.2,27.6,47.9,75.0,44.5,No,No,8,Yes,Yes,RotoWire projected lineup; MLB probable pitchers,lineup projected / unconfirmed,H:2026/2025 P:2026/2025,,,Direct BvP not yet weighted; 2026/2025 Statcast baseline active,7,5,17,1,"Last 7 games: 5/17, 1 HR","switch hitter; pitcher baseline 7.1% barrel, 19.9 HR allowed",neutral batted-ball profile; pitcher fly-ball pressure modest,6.58,40.11,89.88,99.6123,0.3715,0.1454,0.2906,72.55,27.6,33.9,26.9,6.7,0.1135,7.12,36.28,88.27,0.4179,0.1668,29.3,,,Progressive Field,
186,701675,Nathan Church,STL,PIT,2026-08-29T00:15:00Z,Scheduled,6,Jared Jones,683003,R,38.9,Longshot,Watch List,"Projected Lineup, Platoon Edge",16.5,40.9,22.1,71.7,80.0,62.1,No,No,6,Yes,Yes,RotoWire projected lineup; MLB probable pitchers,lineup projected / unconfirmed,H:2026/2025 P:2026,,,Direct BvP not yet weighted; 2026/2025 Statcast baseline active,7,7,17,1,Contact streak: 7/17 over last 7 games,"platoon edge; pitcher baseline 8.2% barrel, 11.0 HR allowed",neutral batted-ball profile; pitcher fly-ball pressure modest,5.27,33.59,86.83,97.6757,0.3378,0.1123,0.2743,69.53,8.48,34.92,22.16,7.3,0.1144,8.2,39.1,89.7,0.382,0.166,27.2,,,Busch Stadium,
187,647304,Josh Naylor,SEA,TOR,2026-08-28T23:15:00Z,Scheduled,4,Dylan Cease,656302,R,38.7,Longshot,Watch List,"Projected Lineup, Premium Lineup Spot, Platoon Edge",23.6,20.0,30.4,90.4,80.0,33.7,No,No,4,Yes,Yes,RotoWire projected lineup; MLB probable pitchers,lineup projected / unconfirmed,H:2026/2025 P:2026/2025,,,Direct BvP not yet weighted; 2026/2025 Statcast baseline active,7,10,29,0,Contact streak: 10/29 over last 7 games,"platoon edge; pitcher baseline 5.9% barrel, 12.6 HR allowed",neutral batted-ball profile; pitcher fly-ball pressure modest,5.23,38.19,87.94,99.142,0.4019,0.131,0.3222,70.41,11.61,41.78,22.57,13.0,0.1201,5.87,33.86,86.87,0.2995,0.1072,25.47,,,Rogers Centre,
188,596115,Trevor Story,BOS,NYY,2026-08-28T23:15:00Z,Scheduled,6,Cam Schlittler,693645,R,38.7,Longshot,Watch List,Projected Lineup,26.2,34.9,38.2,71.7,50.0,29.2,No,No,6,Yes,Yes,RotoWire projected lineup; MLB probable pitchers,lineup projected / unconfirmed,H:2026/2025 P:2026/2025,,,Direct BvP not yet weighted; 2026/2025 Statcast baseline active,7,5,26,1,"Last 7 games: 5/26, 1 HR","same-side matchup; pitcher baseline 7.8% barrel, 12.2 HR allowed",neutral batted-ball profile; pitcher fly-ball pressure modest,5.49,43.36,89.65,100.2134,0.3426,0.1191,0.2669,71.1,14.8,43.07,22.85,9.6,0.1189,7.85,39.5,88.51,0.3504,0.1344,27.02,,,Yankee Stadium,
189,695720,Tommy White,ATH,BAL,2026-08-29T01:40:00Z,Scheduled,6,Brandon Young,687064,R,38.5,Longshot,Watch List,Projected Lineup,23.5,43.2,30.9,71.7,50.0,23.4,No,No,6,Yes,Yes,RotoWire projected lineup; MLB probable pitchers,lineup projected / unconfirmed,H:2026 P:2026/2025,,,Direct BvP not yet weighted; 2026/2025 Statcast baseline active,7,8,29,0,"Last 7 games: 8/29, 0 HR","same-side matchup; pitcher baseline 7.9% barrel, 14.8 HR allowed",neutral batted-ball profile; pitcher fly-ball pressure modest,8.8,32.7,85.7,97.4128,0.414,0.134,0.313,69.3,13.8,27.4,22.1,2.0,0.074,7.89,41.15,89.4,0.4173,0.1651,26.66,,,Sutter Health Park,
190,650402,Gleyber Torres,DET,LAD,2026-08-28T22:40:00Z,Scheduled,1,Tarik Skubal,669373,L,38.4,Longshot,Watch List,"Projected Lineup, Premium Lineup Spot, Platoon Edge",24.3,27.7,27.6,88.7,78.0,3.4,No,No,1,Yes,Yes,RotoWire projected lineup; MLB probable pitchers,lineup projected / unconfirmed,H:2026/2025 P:2026/2025,,,Direct BvP not yet weighted; 2026/2025 Statcast baseline active,7,4,28,0,"Last 7 games: 4/28, 0 HR","platoon edge; pitcher baseline 7.5% barrel, 13.8 HR allowed",neutral batted-ball profile; pitcher fly-ball pressure modest,6.87,34.17,87.27,97.5873,0.3983,0.144,0.3371,68.63,5.82,26.83,27.94,10.4,0.1233,7.54,34.75,86.73,0.3398,0.1205,25.83,,,Comerica Park,
191,677649,Ezequiel Duran,TEX,MIL,2026-08-28T23:40:00Z,Scheduled,5,Logan Henderson,701656,R,38.0,Longshot,Watch List,Projected Lineup,20.0,34.0,27.6,81.9,50.0,63.3,No,No,5,Yes,Yes,RotoWire projected lineup; MLB probable pitchers,lineup projected / unconfirmed,H:2026/2025 P:2026/2025,,,Direct BvP not yet weighted; 2026/2025 Statcast baseline active,7,12,25,1,Contact streak: 12/25 over last 7 games,"same-side matchup; pitcher baseline 7.9% barrel, 7.9 HR allowed",neutral batted-ball profile; pitcher allows elevated contact,5.12,35.24,87.75,98.8462,0.3489,0.1139,0.2855,72.27,24.24,35.87,21.65,9.8,0.1411,7.9,36.58,88.73,0.3506,0.1372,30.51,,,American Family Field,
192,676439,Hunter Feduccia,LAD,DET,2026-08-28T22:40:00Z,Scheduled,9,Drew Anderson,623454,R,37.8,Longshot,Watch List,"Projected Lineup, Platoon Edge",29.7,40.4,27.6,40.2,80.0,26.1,No,No,9,Yes,Yes,RotoWire projected lineup; MLB probable pitchers,lineup projected / unconfirmed,H:2026/2025 P:2026,,,Direct BvP not yet weighted; 2026/2025 Statcast baseline active,7,5,17,0,"Last 7 games: 5/17, 0 HR","platoon edge; pitcher baseline 8.6% barrel, 13.0 HR allowed",neutral batted-ball profile; pitcher fly-ball pressure modest,8.2,37.7,89.56,99.0515,0.3622,0.1283,0.3079,70.78,12.98,32.31,27.87,2.1,0.0955,8.6,38.6,90.2,0.369,0.148,25.1,,,Comerica Park,
193,640459,Brian Navarreto,MIA,WSH,2026-08-28T22:45:00Z,Scheduled,9,Jackson Kent,800600,L,37.8,Longshot,Watch List,"Projected Lineup, Strong Barrel, Platoon Edge",31.8,39.5,28.2,40.2,78.0,19.1,No,No,9,Yes,Yes,RotoWire projected lineup; MLB probable pitchers,lineup projected / unconfirmed,H:2026/2025 P:2026,,,Direct BvP not yet weighted; 2026/2025 Statcast baseline active,7,2,16,1,"Last 7 games: 2/16, 1 HR","platoon edge; pitcher baseline 8.3% barrel, 1.0 HR allowed",neutral batted-ball profile; pitcher fly-ball pressure modest,13.1,34.01,88.75,98.0913,0.286,0.1197,0.2374,73.0,26.04,53.89,21.19,1.0,0.189,8.3,47.2,88.3,0.424,0.149,16.7,,,Nationals Park,
194,671976,Tristan Peters,CWS,MIN,2026-08-29T00:10:00Z,Scheduled,8,Dean Kremer,665152,R,37.8,Longshot,Watch List,"Projected Lineup, Platoon Edge, Hot Hitter/Streak",13.9,42.4,27.1,47.9,80.0,100.0,No,No,8,Yes,Yes,RotoWire projected lineup; MLB probable pitchers,lineup projected / unconfirmed,H:2026/2025 P:2026/2025,,,Direct BvP not yet weighted; 2026/2025 Statcast baseline active,7,10,23,5,Hot streak: 5 HR in last 7 games,"platoon edge; pitcher baseline 7.8% barrel, 16.4 HR allowed",neutral batted-ball profile; pitcher allows elevated contact,4.06,34.4,87.08,97.9446,0.3285,0.105,0.2649,69.23,5.67,42.47,18.69,8.4,0.1351,7.79,35.38,87.61,0.4326,0.1953,33.16,,,Target Field,
195,683953,Travis Bazzana,CLE,KC,2026-08-28T23:10:00Z,Scheduled,7,Michael Wacha,608379,R,37.7,Longshot,Watch List,"Projected Lineup, Platoon Edge",20.1,39.3,27.6,59.8,80.0,37.6,No,No,7,Yes,Yes,RotoWire projected lineup; MLB probable pitchers,lineup projected / unconfirmed,H:2026 P:2026/2025,,,Direct BvP not yet weighted; 2026/2025 Statcast baseline active,7,10,27,0,Contact streak: 10/27 over last 7 games,"platoon edge; pitcher baseline 7.1% barrel, 19.9 HR allowed",neutral batted-ball profile; pitcher fly-ball pressure modest,4.6,36.4,87.9,98.4439,0.348,0.121,0.3,69.6,12.3,38.3,27.7,9.0,0.13,7.12,36.28,88.27,0.4179,0.1668,29.3,,,Progressive Field,
196,694497,Evan Carter,TEX,MIL,2026-08-28T23:40:00Z,Scheduled,6,Logan Henderson,701656,R,37.6,Longshot,Watch List,"Projected Lineup, Platoon Edge",20.9,34.0,27.6,71.7,80.0,23.7,No,No,6,Yes,Yes,RotoWire projected lineup; MLB probable pitchers,lineup projected / unconfirmed,H:2026/2025 P:2026/2025,,,Direct BvP not yet weighted; 2026/2025 Statcast baseline active,7,5,18,0,"Last 7 games: 5/18, 0 HR","platoon edge; pitcher baseline 7.9% barrel, 7.9 HR allowed",neutral batted-ball profile; pitcher allows elevated contact,5.55,35.44,87.47,98.6229,0.3327,0.1204,0.2905,70.95,17.37,38.35,28.05,7.1,0.1324,7.9,36.58,88.73,0.3506,0.1372,30.51,,,American Family Field,
197,669134,Luis Campusano,SD,TB,2026-08-28T23:10:00Z,Scheduled,7,Shane McClanahan,663556,L,37.5,Longshot,Watch List,"Projected Lineup, Platoon Edge",22.4,44.0,27.6,59.8,78.0,0.0,No,No,7,Yes,Yes,RotoWire projected lineup; MLB probable pitchers,lineup projected / unconfirmed,H:2026/2025 P:2026,,,Direct BvP not yet weighted; 2026/2025 Statcast baseline active,7,1,17,0,"Last 7 games: 1/17, 0 HR","platoon edge; pitcher baseline 8.9% barrel, 8.0 HR allowed",neutral batted-ball profile; pitcher fly-ball pressure modest,6.65,38.75,88.15,98.9207,0.3025,0.1092,0.2983,72.47,26.28,45.72,18.19,3.5,0.1274,8.9,41.6,89.5,0.405,0.164,27.7,,,Tropicana Field,
198,608348,Carson Kelly,CHC,CIN,2026-08-28T18:20:00Z,Scheduled,9,Rhett Lowder,695076,R,37.4,Longshot,Watch List,Projected Lineup,26.7,50.4,29.8,40.2,50.0,36.3,No,No,9,Yes,Yes,RotoWire projected lineup; MLB probable pitchers,lineup projected / unconfirmed,H:2026/2025 P:2026,,,Direct BvP not yet weighted; 2026/2025 Statcast baseline active,7,6,25,1,"Last 7 games: 6/25, 1 HR","same-side matchup; pitcher baseline 9.5% barrel, 15.0 HR allowed",neutral batted-ball profile; pitcher fly-ball pressure modest,6.73,37.57,87.68,98.7882,0.3886,0.1477,0.3154,70.68,8.4,40.55,25.22,10.7,0.1342,9.5,37.6,90.1,0.455,0.189,28.0,,,Wrigley Field,
199,641680,Jonah Heim,ATH,BAL,2026-08-29T01:40:00Z,Scheduled,7,Brandon Young,687064,R,37.4,Longshot,Watch List,"Projected Lineup, Platoon Edge",23.0,41.6,30.9,59.8,75.0,1.6,No,No,7,Yes,Yes,RotoWire projected lineup; MLB probable pitchers,lineup projected / unconfirmed,H:2026/2025 P:2026/2025,,,Direct BvP not yet weighted; 2026/2025 Statcast baseline active,7,3,23,0,"Last 7 games: 3/23, 0 HR","switch hitter; pitcher baseline 7.9% barrel, 14.8 HR allowed",neutral batted-ball profile; pitcher fly-ball pressure modest,6.45,33.31,87.75,97.8481,0.3642,0.1368,0.2886,69.77,9.52,39.93,27.62,11.0,0.1547,7.89,41.15,89.4,0.4173,0.1651,26.66,,,Sutter Health Park,
200,665750,Leody Taveras,BAL,ATH,2026-08-29T01:40:00Z,Scheduled,7,,,,37.0,Longshot,Watch List,"Projected Lineup, Platoon Edge",19.5,40.2,30.9,59.8,75.0,22.6,No,No,7,Yes,Yes,RotoWire projected lineup; MLB probable pitchers,lineup projected / unconfirmed,H:2026/2025 P:,,,Direct BvP not yet weighted; 2026/2025 Statcast baseline active,7,4,27,1,"Last 7 games: 4/27, 1 HR","switch hitter; pitcher baseline 0.0% barrel, 0.0 HR allowed",neutral batted-ball profile; pitcher fly-ball pressure modest,5.0,33.45,88.22,99.16,0.3258,0.1131,0.2649,72.39,24.53,33.51,24.24,6.5,0.1242,,,,,,,,,Sutter Health Park,
201,805300,Jakob Marsee,MIA,WSH,2026-08-28T22:45:00Z,Scheduled,6,Jackson Kent,800600,L,36.9,Longshot,Watch List,Projected Lineup,20.0,39.5,28.2,71.7,50.0,41.2,No,No,6,Yes,Yes,RotoWire projected lineup; MLB probable pitchers,lineup projected / unconfirmed,H:2026/2025 P:2026,,,Direct BvP not yet weighted; 2026/2025 Statcast baseline active,7,6,22,1,"Last 7 games: 6/22, 1 HR","same-side matchup; pitcher baseline 8.3% barrel, 1.0 HR allowed",neutral batted-ball profile; pitcher fly-ball pressure modest,4.81,36.78,87.71,98.6002,0.3552,0.1169,0.3162,70.5,6.07,41.65,24.03,7.1,0.1363,8.3,47.2,88.3,0.424,0.149,16.7,,,Nationals Park,
202,679845,Nick Loftin,KC,CLE,2026-08-28T23:10:00Z,Scheduled,6,Tanner Bibee,676440,R,36.8,Longshot,Watch List,Projected Lineup,16.4,43.6,27.6,71.7,50.0,44.1,No,No,6,Yes,Yes,RotoWire projected lineup; MLB probable pitchers,lineup projected / unconfirmed,H:2026/2025 P:2026/2025,,,Direct BvP not yet weighted; 2026/2025 Statcast baseline active,7,7,24,1,"Last 7 games: 7/24, 1 HR","same-side matchup; pitcher baseline 8.2% barrel, 26.3 HR allowed",neutral batted-ball profile; pitcher fly-ball pressure modest,4.76,30.22,87.43,96.9379,0.3464,0.1151,0.2989,69.12,6.01,44.22,27.73,5.4,0.1483,8.17,38.84,89.06,0.4116,0.166,27.83,,,Progressive Field,
203,686555,Isaac Collins,KC,CLE,2026-08-28T23:10:00Z,Scheduled,8,Tanner Bibee,676440,R,36.8,Longshot,Watch List,"Projected Lineup, Platoon Edge",23.8,42.4,27.6,47.9,75.0,22.9,No,No,8,Yes,Yes,RotoWire projected lineup; MLB probable pitchers,lineup projected / unconfirmed,H:2026/2025 P:2026/2025,,,Direct BvP not yet weighted; 2026/2025 Statcast baseline active,7,6,22,0,"Last 7 games: 6/22, 0 HR","switch hitter; pitcher baseline 8.2% barrel, 26.3 HR allowed",neutral batted-ball profile; pitcher fly-ball pressure modest,5.46,39.95,88.8,100.0137,0.3324,0.099,0.3073,73.33,30.34,39.91,26.16,6.9,0.127,8.17,38.84,89.06,0.4116,0.166,27.83,,,Progressive Field,
204,669720,Austin Hays,SD,TB,2026-08-28T23:10:00Z,Scheduled,8,Shane McClanahan,663556,L,36.8,Longshot,Watch List,"Projected Lineup, Platoon Edge",23.5,44.0,27.6,47.9,78.0,12.0,No,No,8,Yes,Yes,RotoWire projected lineup; MLB probable pitchers,lineup projected / unconfirmed,H:2026/2025 P:2026,,,Direct BvP not yet weighted; 2026/2025 Statcast baseline active,7,3,15,0,"Last 7 games: 3/15, 0 HR","platoon edge; pitcher baseline 8.9% barrel, 8.0 HR allowed",neutral batted-ball profile; pitcher fly-ball pressure modest,6.16,39.8,87.19,98.881,0.3715,0.1158,0.2874,72.53,23.02,52.81,20.39,5.9,0.1289,8.9,41.6,89.5,0.405,0.164,27.7,,,Tropicana Field,
205,801501,Nate Furman,SF,AZ,2026-08-29T02:15:00Z,Scheduled,7,Kohl Drake,684442,L,36.8,Longshot,Watch List,"Projected Lineup, Pitcher Vulnerable",1.9,84.9,19.3,59.8,50.0,0.0,No,No,7,Yes,Yes,RotoWire projected lineup; MLB probable pitchers,lineup projected / unconfirmed,H:2026 P:2026,,,Direct BvP not yet weighted; 2026/2025 Statcast baseline active,7,1,9,0,"Last 7 games: 1/9, 0 HR","same-side matchup; pitcher baseline 16.4% barrel, 3.0 HR allowed",neutral batted-ball profile; pitcher allows elevated contact,0.0,28.6,82.3,95.6787,0.198,0.031,0.237,66.7,0.0,42.9,14.3,0.0,0.0,16.4,49.1,91.6,0.625,0.308,40.0,,,Oracle Park,
206,682626,Francisco Alvarez,NYM,HOU,2026-08-28T23:10:00Z,Scheduled,9,Hunter Brown,686613,R,36.7,Longshot,Watch List,"Projected Lineup, Strong Barrel",53.1,22.2,24.8,40.2,50.0,0.0,No,No,9,Yes,Yes,RotoWire projected lineup; MLB probable pitchers,lineup projected / unconfirmed,H:2026/2025 P:2026/2025,,,Direct BvP not yet weighted; 2026/2025 Statcast baseline active,7,2,24,0,"Last 7 games: 2/24, 0 HR","same-side matchup; pitcher baseline 6.2% barrel, 12.1 HR allowed",neutral batted-ball profile; pitcher fly-ball pressure modest,14.48,47.09,90.93,102.6873,0.4293,0.1989,0.326,74.11,42.39,38.94,24.96,12.4,0.1735,6.18,35.21,85.82,0.3383,0.1297,21.97,,,Citi Field,
207,656775,Cedric Mullins,TB,SD,2026-08-28T23:10:00Z,Scheduled,7,Casey Mize,663554,R,36.6,Longshot,Watch List,"Projected Lineup, Platoon Edge",20.4,42.5,27.6,59.8,80.0,0.0,No,No,7,Yes,Yes,RotoWire projected lineup; MLB probable pitchers,lineup projected / unconfirmed,H:2026/2025 P:2026/2025,,,Direct BvP not yet weighted; 2026/2025 Statcast baseline active,7,2,17,0,"Last 7 games: 2/17, 0 HR","platoon edge; pitcher baseline 8.6% barrel, 13.3 HR allowed",neutral batted-ball profile; pitcher allows elevated contact,4.87,33.1,88.1,97.9018,0.3157,0.1257,0.2666,70.89,9.08,44.83,32.15,14.2,0.1533,8.64,39.0,89.3,0.3875,0.1546,31.02,,,Tropicana Field,
208,694203,Denzer Guzman,LAA,PHI,2026-08-29T01:38:00Z,Scheduled,7,Andrew Painter,691725,R,36.6,Longshot,Watch List,Projected Lineup,25.2,42.1,28.2,59.8,50.0,21.8,No,No,7,Yes,Yes,RotoWire projected lineup; MLB probable pitchers,lineup projected / unconfirmed,H:2026/2025 P:2026,,,Direct BvP not yet weighted; 2026/2025 Statcast baseline active,7,3,21,1,"Last 7 games: 3/21, 1 HR","same-side matchup; pitcher baseline 8.6% barrel, 17.0 HR allowed",neutral batted-ball profile; pitcher fly-ball pressure modest,8.84,36.53,86.57,98.3059,0.3258,0.1155,0.2525,73.43,34.71,40.74,24.33,4.8,0.1404,8.6,36.6,87.3,0.439,0.177,27.1,,,Angel Stadium,
209,665966,Carlos Narvaez,BAL,ATH,2026-08-29T01:40:00Z,Scheduled,9,,,,36.5,Longshot,Watch List,Projected Lineup,33.0,41.2,30.9,40.2,60.0,0.0,No,No,9,Yes,Yes,RotoWire projected lineup; MLB probable pitchers,lineup projected / unconfirmed,H:2026/2025 P:,,,Direct BvP not yet weighted; 2026/2025 Statcast baseline active,7,1,15,0,"Last 7 games: 1/15, 0 HR","handedness incomplete; pitcher baseline 0.0% barrel, 0.0 HR allowed",neutral batted-ball profile; pitcher fly-ball pressure modest,7.63,40.47,91.24,100.3443,0.3355,0.1326,0.2748,72.02,19.18,31.95,30.59,6.6,0.1059,,,,,,,,,Sutter Health Park,
210,622268,Donovan Walton,ATH,BAL,2026-08-29T01:40:00Z,Scheduled,8,Brandon Young,687064,R,36.4,Longshot,Watch List,"Projected Lineup, Platoon Edge",15.4,43.2,30.9,47.9,80.0,48.1,No,No,8,Yes,Yes,RotoWire projected lineup; MLB probable pitchers,lineup projected / unconfirmed,H:2026/2025 P:2026/2025,,,Direct BvP not yet weighted; 2026/2025 Statcast baseline active,7,7,22,1,"Last 7 games: 7/22, 1 HR","platoon edge; pitcher baseline 7.9% barrel, 14.8 HR allowed",neutral batted-ball profile; pitcher fly-ball pressure modest,3.15,35.12,89.1,97.6752,0.3611,0.0998,0.3076,67.78,0.42,36.65,21.25,2.8,0.1127,7.89,41.15,89.4,0.4173,0.1651,26.66,,,Sutter Health Park,
211,680757,Steven Kwan,CLE,KC,2026-08-28T23:10:00Z,Scheduled,1,Michael Wacha,608379,R,36.3,Longshot,Watch List,"Projected Lineup, Premium Lineup Spot, Platoon Edge",2.6,39.3,27.6,88.7,80.0,44.9,No,No,1,Yes,Yes,RotoWire projected lineup; MLB probable pitchers,lineup projected / unconfirmed,H:2026/2025 P:2026/2025,,,Direct BvP not yet weighted; 2026/2025 Statcast baseline active,7,13,31,0,Contact streak: 13/31 over last 7 games,"platoon edge; pitcher baseline 7.1% barrel, 19.9 HR allowed",neutral batted-ball profile; pitcher fly-ball pressure modest,0.92,12.58,84.52,92.628,0.3429,0.072,0.3198,62.8,0.38,28.02,23.51,4.7,0.0726,7.12,36.28,88.27,0.4179,0.1668,29.3,,,Progressive Field,
212,669364,Xavier Edwards,MIA,WSH,2026-08-28T22:45:00Z,Scheduled,5,Jackson Kent,800600,L,36.2,Longshot,Watch List,"Projected Lineup, Platoon Edge",9.2,39.3,28.2,81.9,75.0,24.9,No,No,5,Yes,Yes,RotoWire projected lineup; MLB probable pitchers,lineup projected / unconfirmed,H:2026/2025 P:2026,,,Direct BvP not yet weighted; 2026/2025 Statcast baseline active,7,8,28,0,"Last 7 games: 8/28, 0 HR","switch hitter; pitcher baseline 8.3% barrel, 1.0 HR allowed",neutral batted-ball profile; pitcher fly-ball pressure modest,2.55,29.12,86.87,96.6577,0.3551,0.0914,0.3097,67.95,2.54,28.8,21.77,5.1,0.0882,8.3,47.2,88.3,0.424,0.149,16.7,,,Nationals Park,
213,670623,Isaac Paredes,HOU,NYM,2026-08-28T23:10:00Z,Scheduled,3,Christian Scott,681035,R,36.2,Longshot,Watch List,"Projected Lineup, Premium Lineup Spot",17.7,29.2,24.8,92.1,50.0,44.1,No,No,3,Yes,Yes,RotoWire projected lineup; MLB probable pitchers,lineup projected / unconfirmed,H:2026/2025 P:2026,,,Direct BvP not yet weighted; 2026/2025 Statcast baseline active,7,7,24,1,"Last 7 games: 7/24, 1 HR","same-side matchup; pitcher baseline 7.4% barrel, 10.0 HR allowed",neutral batted-ball profile; pitcher fly-ball pressure modest,5.46,29.82,86.42,96.898,0.3751,0.1299,0.3228,67.74,7.43,51.86,31.01,17.9,0.1774,7.4,34.2,87.1,0.362,0.133,27.7,,,Citi Field,
214,650333,Luis Arraez,PHI,LAA,2026-08-29T01:38:00Z,Scheduled,4,Reid Detmers,672282,L,36.0,Longshot,Watch List,"Projected Lineup, Premium Lineup Spot",7.5,40.2,28.2,90.4,50.0,50.3,No,No,4,Yes,Yes,RotoWire projected lineup; MLB probable pitchers,lineup projected / unconfirmed,H:2026/2025 P:2026/2025,,,Direct BvP not yet weighted; 2026/2025 Statcast baseline active,7,8,24,1,Contact streak: 8/24 over last 7 games,"same-side matchup; pitcher baseline 8.1% barrel, 13.7 HR allowed",neutral batted-ball profile; pitcher fly-ball pressure modest,1.17,18.8,86.45,93.9637,0.377,0.0872,0.3065,62.92,0.12,30.03,28.52,6.6,0.1133,8.13,39.93,90.1,0.3637,0.1432,28.27,,,Angel Stadium,
215,664770,Nathan Lukes,TOR,SEA,2026-08-28T23:15:00Z,Scheduled,7,,,,35.8,Longshot,Watch List,"Projected Lineup, Hot Hitter/Streak",10.6,41.2,30.4,59.8,60.0,80.8,No,No,7,Yes,Yes,RotoWire projected lineup; MLB probable pitchers,lineup projected / unconfirmed,H:2026/2025 P:,,,Direct BvP not yet weighted; 2026/2025 Statcast baseline active,7,7,24,3,Hot streak: 3 HR in last 7 games,"handedness incomplete; pitcher baseline 0.0% barrel, 0.0 HR allowed",neutral batted-ball profile; pitcher fly-ball pressure modest,2.98,30.56,87.27,96.8345,0.357,0.1001,0.2975,67.3,3.83,33.38,21.37,9.9,0.1296,,,,,,,,,Rogers Centre,
216,806198,Cooper Pratt,MIL,TEX,2026-08-28T23:40:00Z,Scheduled,9,Cody Bradford,674003,L,35.8,Longshot,Watch List,"Projected Lineup, Platoon Edge",10.7,60.7,27.6,40.2,78.0,17.3,No,No,9,Yes,Yes,RotoWire projected lineup; MLB probable pitchers,lineup projected / unconfirmed,H:2026 P:2026,,,Direct BvP not yet weighted; 2026/2025 Statcast baseline active,7,4,17,0,"Last 7 games: 4/17, 0 HR","platoon edge; pitcher baseline 11.8% barrel, 1.0 HR allowed",neutral batted-ball profile; pitcher allows elevated contact,3.3,28.7,86.7,96.6455,0.343,0.092,0.306,70.2,8.0,32.8,23.8,2.0,0.086,11.8,40.6,91.5,0.488,0.202,34.8,,,American Family Field,
217,701358,Cam Smith,HOU,NYM,2026-08-28T23:10:00Z,Scheduled,8,Christian Scott,681035,R,35.7,Longshot,Watch List,"Projected Lineup, Strong Barrel",41.9,29.2,24.8,47.9,50.0,0.0,No,No,8,Yes,Yes,RotoWire projected lineup; MLB probable pitchers,lineup projected / unconfirmed,H:2026/2025 P:2026,,,Direct BvP not yet weighted; 2026/2025 Statcast baseline active,7,1,21,0,"Last 7 games: 1/21, 0 HR","same-side matchup; pitcher baseline 7.4% barrel, 10.0 HR allowed",neutral batted-ball profile; pitcher fly-ball pressure modest,10.05,43.39,88.95,101.6013,0.4138,0.1739,0.3173,76.74,68.11,37.77,25.42,14.6,0.1591,7.4,34.2,87.1,0.362,0.133,27.7,,,Citi Field,
218,664728,Kyle Isbel,KC,CLE,2026-08-28T23:10:00Z,Scheduled,9,Tanner Bibee,676440,R,35.3,Longshot,Watch List,"Projected Lineup, Platoon Edge",13.6,43.6,27.6,40.2,80.0,66.7,No,No,9,Yes,Yes,RotoWire projected lineup; MLB probable pitchers,lineup projected / unconfirmed,H:2026/2025 P:2026/2025,,,Direct BvP not yet weighted; 2026/2025 Statcast baseline active,7,8,25,2,Hot streak: 2 HR in last 7 games,"platoon edge; pitcher baseline 8.2% barrel, 26.3 HR allowed",neutral batted-ball profile; pitcher fly-ball pressure modest,2.86,34.84,88.5,99.168,0.3145,0.0847,0.2636,71.17,13.97,33.65,19.01,5.4,0.1169,8.17,38.84,89.06,0.4116,0.166,27.83,,,Progressive Field,
219,691594,Javier Sanoja,MIA,WSH,2026-08-28T22:45:00Z,Scheduled,7,Jackson Kent,800600,L,35.2,Longshot,Watch List,"Projected Lineup, Platoon Edge",9.8,39.5,28.2,59.8,78.0,58.0,No,No,7,Yes,Yes,RotoWire projected lineup; MLB probable pitchers,lineup projected / unconfirmed,H:2026/2025 P:2026,,,Direct BvP not yet weighted; 2026/2025 Statcast baseline active,7,10,26,1,Contact streak: 10/26 over last 7 games,"platoon edge; pitcher baseline 8.3% barrel, 1.0 HR allowed",neutral batted-ball profile; pitcher fly-ball pressure modest,2.08,32.06,87.31,97.3829,0.3343,0.0795,0.2792,68.93,6.67,37.52,19.39,6.0,0.1439,8.3,47.2,88.3,0.424,0.149,16.7,,,Nationals Park,
220,702284,Cole Young,SEA,TOR,2026-08-28T23:15:00Z,Scheduled,6,Dylan Cease,656302,R,35.2,Longshot,Watch List,"Projected Lineup, Platoon Edge",23.4,20.0,30.4,71.7,80.0,18.3,No,No,6,Yes,Yes,RotoWire projected lineup; MLB probable pitchers,lineup projected / unconfirmed,H:2026/2025 P:2026/2025,,,Direct BvP not yet weighted; 2026/2025 Statcast baseline active,7,2,26,1,"Last 7 games: 2/26, 1 HR","platoon edge; pitcher baseline 5.9% barrel, 12.6 HR allowed",neutral batted-ball profile; pitcher fly-ball pressure modest,4.83,36.07,88.3,98.8513,0.383,0.1303,0.3103,71.44,21.58,42.19,27.01,12.4,0.1276,5.87,33.86,86.87,0.2995,0.1072,25.47,,,Rogers Centre,
221,,Walker Jenkins,MIN,CWS,2026-08-29T00:10:00Z,Scheduled,7,Luis Castillo,622491,R,35.2,Longshot,Watch List,Projected Lineup,6.4,53.2,27.1,59.8,60.0,50.0,No,No,7,Yes,Yes,RotoWire projected lineup; MLB probable pitchers,lineup projected / unconfirmed,H: P:2026/2025,,,Direct BvP not yet weighted; 2026/2025 Statcast baseline active,,,,,Recent form unavailable,"handedness incomplete; pitcher baseline 10.0% barrel, 21.6 HR allowed",neutral batted-ball profile; pitcher fly-ball pressure modest,,,,,,,,,,,,,,9.98,43.6,90.16,0.4453,0.1828,28.28,,,Target Field,
222,703520,Brett Bateman,TOR,SEA,2026-08-28T23:15:00Z,Scheduled,1,,,,34.8,Longshot,Watch List,"Projected Lineup, Premium Lineup Spot",1.3,41.2,30.4,88.7,60.0,40.9,No,No,1,Yes,Yes,RotoWire projected lineup; MLB probable pitchers,lineup projected / unconfirmed,H:2026 P:,,,Direct BvP not yet weighted; 2026/2025 Statcast baseline active,7,11,28,0,Contact streak: 11/28 over last 7 games,"handedness incomplete; pitcher baseline 0.0% barrel, 0.0 HR allowed",neutral batted-ball profile; pitcher fly-ball pressure modest,0.0,18.5,83.0,93.7033,0.291,0.053,0.261,68.3,3.0,31.5,7.4,0.0,0.073,,,,,,,,,Rogers Centre,
223,701162,Ben Malgeri,DET,LAD,2026-08-28T22:40:00Z,Scheduled,7,Tarik Skubal,669373,L,34.7,Longshot,Watch List,"Projected Lineup, Platoon Edge",25.8,27.7,27.6,59.8,78.0,0.0,No,No,7,Yes,Yes,RotoWire projected lineup; MLB probable pitchers,lineup projected / unconfirmed,H:2026 P:2026/2025,,,Direct BvP not yet weighted; 2026/2025 Statcast baseline active,7,1,11,0,"Last 7 games: 1/11, 0 HR","platoon edge; pitcher baseline 7.5% barrel, 13.8 HR allowed",neutral batted-ball profile; pitcher fly-ball pressure modest,6.1,40.8,90.1,100.1442,0.358,0.115,0.33,69.0,4.8,42.9,24.5,3.0,0.167,7.54,34.75,86.73,0.3398,0.1205,25.83,,,Comerica Park,
224,553869,Elias Diaz,TEX,MIL,2026-08-28T23:40:00Z,Scheduled,8,Logan Henderson,701656,R,34.6,Longshot,Watch List,Projected Lineup,28.9,34.0,27.6,47.9,50.0,30.3,No,No,8,Yes,Yes,RotoWire projected lineup; MLB probable pitchers,lineup projected / unconfirmed,H:2026/2025 P:2026/2025,,,Direct BvP not yet weighted; 2026/2025 Statcast baseline active,7,3,15,1,"Last 7 games: 3/15, 1 HR","same-side matchup; pitcher baseline 7.9% barrel, 7.9 HR allowed",neutral batted-ball profile; pitcher allows elevated contact,7.53,38.42,87.49,100.1283,0.3557,0.1383,0.2708,74.2,43.09,37.93,27.52,6.9,0.1508,7.9,36.58,88.73,0.3506,0.1372,30.51,,,American Family Field,
225,673237,Yainer Diaz,HOU,NYM,2026-08-28T23:10:00Z,Scheduled,9,Christian Scott,681035,R,34.4,Longshot,Watch List,"Projected Lineup, Hot Hitter/Streak",29.9,29.2,24.8,40.2,50.0,73.2,No,No,9,Yes,Yes,RotoWire projected lineup; MLB probable pitchers,lineup projected / unconfirmed,H:2026/2025 P:2026,,,Direct BvP not yet weighted; 2026/2025 Statcast baseline active,7,8,22,2,Hot streak: 2 HR in last 7 games,"same-side matchup; pitcher baseline 7.4% barrel, 10.0 HR allowed",neutral batted-ball profile; pitcher fly-ball pressure modest,6.87,38.14,88.71,99.6104,0.4216,0.1543,0.3113,72.41,21.46,37.12,19.73,13.0,0.161,7.4,34.2,87.1,0.362,0.133,27.7,,,Citi Field,
226,802415,Chandler Simpson,TB,SD,2026-08-28T23:10:00Z,Scheduled,5,Casey Mize,663554,R,34.3,Longshot,Watch List,"Projected Lineup, Platoon Edge",0.2,42.5,27.6,81.9,80.0,24.0,No,No,5,Yes,Yes,RotoWire projected lineup; MLB probable pitchers,lineup projected / unconfirmed,H:2026/2025 P:2026/2025,,,Direct BvP not yet weighted; 2026/2025 Statcast baseline active,7,7,25,0,"Last 7 games: 7/25, 0 HR","platoon edge; pitcher baseline 8.6% barrel, 13.3 HR allowed",neutral batted-ball profile; pitcher allows elevated contact,0.0,14.43,83.95,92.8145,0.3066,0.0382,0.2732,64.66,0.51,28.34,12.65,0.0,0.0521,8.64,39.0,89.3,0.3875,0.1546,31.02,,,Tropicana Field,
227,514888,Jose Altuve,HOU,NYM,2026-08-28T23:10:00Z,Scheduled,4,Christian Scott,681035,R,34.2,Longshot,Watch List,"Projected Lineup, Premium Lineup Spot",13.9,29.2,24.8,90.4,50.0,34.9,No,No,4,Yes,Yes,RotoWire projected lineup; MLB probable pitchers,lineup projected / unconfirmed,H:2026/2025 P:2026,,,Direct BvP not yet weighted; 2026/2025 Statcast baseline active,7,6,26,1,"Last 7 games: 6/26, 1 HR","same-side matchup; pitcher baseline 7.4% barrel, 10.0 HR allowed",neutral batted-ball profile; pitcher fly-ball pressure modest,5.15,31.88,85.24,97.1155,0.3441,0.1176,0.2818,69.07,10.06,45.5,22.09,17.6,0.1595,7.4,34.2,87.1,0.362,0.133,27.7,,,Citi Field,
228,676356,Jonny DeLuca,TB,SD,2026-08-28T23:10:00Z,Scheduled,6,Casey Mize,663554,R,34.2,Longshot,Watch List,Projected Lineup,12.1,42.5,27.6,71.7,50.0,26.4,No,No,6,Yes,Yes,RotoWire projected lineup; MLB probable pitchers,lineup projected / unconfirmed,H:2026/2025 P:2026/2025,,,Direct BvP not yet weighted; 2026/2025 Statcast baseline active,7,8,27,0,"Last 7 games: 8/27, 0 HR","same-side matchup; pitcher baseline 8.6% barrel, 13.3 HR allowed",neutral batted-ball profile; pitcher allows elevated contact,3.35,30.89,85.67,97.5264,0.3472,0.0984,0.2733,72.82,29.5,46.86,21.64,5.6,0.1524,8.64,39.0,89.3,0.3875,0.1546,31.02,,,Tropicana Field,
229,663538,Nico Hoerner,CHC,CIN,2026-08-28T18:20:00Z,Scheduled,6,Rhett Lowder,695076,R,33.8,Longshot,Watch List,Projected Lineup,8.2,50.4,29.8,71.7,50.0,0.0,No,No,6,Yes,Yes,RotoWire projected lineup; MLB probable pitchers,lineup projected / unconfirmed,H:2026/2025 P:2026,,,Direct BvP not yet weighted; 2026/2025 Statcast baseline active,7,3,26,0,"Last 7 games: 3/26, 0 HR","same-side matchup; pitcher baseline 9.5% barrel, 15.0 HR allowed",neutral batted-ball profile; pitcher fly-ball pressure modest,1.63,28.62,86.07,96.1878,0.3777,0.0829,0.322,68.33,1.76,32.52,21.7,7.0,0.0963,9.5,37.6,90.1,0.455,0.189,28.0,,,Wrigley Field,
230,686765,Nick Sogard,BOS,NYY,2026-08-28T23:15:00Z,Scheduled,9,Cam Schlittler,693645,R,33.4,Longshot,Watch List,"Projected Lineup, Platoon Edge",12.3,33.6,38.2,40.2,75.0,63.1,No,No,9,Yes,Yes,RotoWire projected lineup; MLB probable pitchers,lineup projected / unconfirmed,H:2026/2025 P:2026/2025,,,Direct BvP not yet weighted; 2026/2025 Statcast baseline active,7,8,27,2,Hot streak: 2 HR in last 7 games,"switch hitter; pitcher baseline 7.8% barrel, 12.2 HR allowed",neutral batted-ball profile; pitcher fly-ball pressure modest,4.83,28.89,85.79,96.3966,0.3554,0.1065,0.3167,68.85,3.47,45.17,22.76,1.4,0.1134,7.85,39.5,88.51,0.3504,0.1344,27.02,,,Yankee Stadium,
231,806146,George Lombard,NYY,BOS,2026-08-28T23:15:00Z,Scheduled,7,Patrick Sandoval,663776,L,33.4,Longshot,Watch List,"Projected Lineup, Platoon Edge",14.4,29.4,38.2,59.8,78.0,8.8,No,No,7,Yes,Yes,RotoWire projected lineup; MLB probable pitchers,lineup projected / unconfirmed,H:2026 P:2026,,,Direct BvP not yet weighted; 2026/2025 Statcast baseline active,7,5,28,0,"Last 7 games: 5/28, 0 HR","platoon edge; pitcher baseline 6.5% barrel, 5.0 HR allowed",neutral batted-ball profile; pitcher fly-ball pressure modest,6.3,32.7,84.8,97.1873,0.329,0.088,0.285,71.8,19.0,30.6,22.4,2.0,0.103,6.5,33.9,87.2,0.429,0.154,24.2,,,Yankee Stadium,
232,665923,Esteury Ruiz,MIA,WSH,2026-08-28T22:45:00Z,Scheduled,8,Jackson Kent,800600,L,33.3,Longshot,Watch List,"Projected Lineup, Platoon Edge",17.8,39.5,28.2,47.9,78.0,0.0,No,No,8,Yes,Yes,RotoWire projected lineup; MLB probable pitchers,lineup projected / unconfirmed,H:2026/2025 P:2026,,,Direct BvP not yet weighted; 2026/2025 Statcast baseline active,7,1,14,0,"Last 7 games: 1/14, 0 HR","platoon edge; pitcher baseline 8.3% barrel, 1.0 HR allowed",neutral batted-ball profile; pitcher fly-ball pressure modest,7.98,26.74,84.44,96.1593,0.3223,0.1386,0.284,71.24,18.03,44.94,26.04,4.5,0.1752,8.3,47.2,88.3,0.424,0.149,16.7,,,Nationals Park,
233,680700,Richie Palacios,TB,SD,2026-08-28T23:10:00Z,Scheduled,8,Casey Mize,663554,R,32.9,Longshot,Watch List,"Projected Lineup, Platoon Edge",14.2,42.5,27.6,47.9,80.0,0.0,No,No,8,Yes,Yes,RotoWire projected lineup; MLB probable pitchers,lineup projected / unconfirmed,H:2026/2025 P:2026/2025,,,Direct BvP not yet weighted; 2026/2025 Statcast baseline active,7,2,25,0,"Last 7 games: 2/25, 0 HR","platoon edge; pitcher baseline 8.6% barrel, 13.3 HR allowed",neutral batted-ball profile; pitcher allows elevated contact,4.29,32.48,87.24,96.9639,0.3625,0.099,0.3194,68.84,3.59,35.69,21.4,3.8,0.112,8.64,39.0,89.3,0.3875,0.1546,31.02,,,Tropicana Field,
234,621493,Taylor Ward,SEA,TOR,2026-08-28T23:15:00Z,Scheduled,7,Dylan Cease,656302,R,32.7,Longshot,Watch List,Projected Lineup,31.7,20.0,30.4,59.8,50.0,0.0,No,No,7,Yes,Yes,RotoWire projected lineup; MLB probable pitchers,lineup projected / unconfirmed,H:2026/2025 P:2026/2025,,,Direct BvP not yet weighted; 2026/2025 Statcast baseline active,7,1,21,0,"Last 7 games: 1/21, 0 HR","same-side matchup; pitcher baseline 5.9% barrel, 12.6 HR allowed",neutral batted-ball profile; pitcher fly-ball pressure modest,7.96,39.34,89.26,99.4027,0.3933,0.1532,0.3372,68.8,4.09,33.31,29.94,15.7,0.1392,5.87,33.86,86.87,0.2995,0.1072,25.47,,,Rogers Centre,
235,805367,Chase Meidroth,CWS,MIN,2026-08-29T00:10:00Z,Scheduled,7,Dean Kremer,665152,R,32.3,Longshot,Watch List,Projected Lineup,12.8,42.4,27.1,59.8,50.0,19.5,No,No,7,Yes,Yes,RotoWire projected lineup; MLB probable pitchers,lineup projected / unconfirmed,H:2026/2025 P:2026/2025,,,Direct BvP not yet weighted; 2026/2025 Statcast baseline active,7,7,28,0,"Last 7 games: 7/28, 0 HR","same-side matchup; pitcher baseline 7.8% barrel, 16.4 HR allowed",neutral batted-ball profile; pitcher allows elevated contact,3.56,35.4,87.92,97.4625,0.3344,0.0933,0.2958,67.12,1.25,38.4,19.77,9.9,0.1097,7.79,35.38,87.61,0.4326,0.1953,33.16,,,Target Field,
236,664774,LaMonte Wade,HOU,NYM,2026-08-28T23:10:00Z,Scheduled,7,Christian Scott,681035,R,31.6,Longshot,Watch List,"Projected Lineup, Platoon Edge",15.1,29.2,24.8,59.8,80.0,5.7,No,No,7,Yes,Yes,RotoWire projected lineup; MLB probable pitchers,lineup projected / unconfirmed,H:2026/2025 P:2026,,,Direct BvP not yet weighted; 2026/2025 Statcast baseline active,7,3,19,0,"Last 7 games: 3/19, 0 HR","platoon edge; pitcher baseline 7.4% barrel, 10.0 HR allowed",neutral batted-ball profile; pitcher fly-ball pressure modest,3.38,34.53,87.6,98.2494,0.2986,0.1013,0.2831,70.77,7.87,36.09,28.31,2.0,0.1059,7.4,34.2,87.1,0.362,0.133,27.7,,,Citi Field,
237,696285,Jacob Young,WSH,MIA,2026-08-28T22:45:00Z,Scheduled,9,Eury Pérez,691587,R,31.5,Longshot,Watch List,Projected Lineup,18.6,42.4,28.2,40.2,50.0,16.1,No,No,9,Yes,Yes,RotoWire projected lineup; MLB probable pitchers,lineup projected / unconfirmed,H:2026/2025 P:2026/2025,,,Direct BvP not yet weighted; 2026/2025 Statcast baseline active,7,5,22,0,"Last 7 games: 5/22, 0 HR","same-side matchup; pitcher baseline 9.1% barrel, 12.7 HR allowed",neutral batted-ball profile; pitcher allows elevated contact,5.05,32.73,87.95,98.0157,0.3752,0.1146,0.3117,69.14,2.09,35.77,24.14,7.6,0.1211,9.07,41.04,88.89,0.3625,0.1546,30.52,,,Nationals Park,
238,665877,Jose Fermin,STL,PIT,2026-08-29T00:15:00Z,Scheduled,7,Jared Jones,683003,R,31.4,Longshot,Watch List,Projected Lineup,11.3,40.9,22.1,59.8,50.0,33.7,No,No,7,Yes,Yes,RotoWire projected lineup; MLB probable pitchers,lineup projected / unconfirmed,H:2026/2025 P:2026,,,Direct BvP not yet weighted; 2026/2025 Statcast baseline active,7,6,27,1,"Last 7 games: 6/27, 1 HR","same-side matchup; pitcher baseline 8.2% barrel, 11.0 HR allowed",neutral batted-ball profile; pitcher fly-ball pressure modest,1.82,31.92,86.82,96.7419,0.3537,0.0948,0.3096,68.14,3.09,49.3,24.59,4.5,0.127,8.2,39.1,89.7,0.382,0.166,27.2,,,Busch Stadium,
239,686475,Tyler Tolbert,KC,CLE,2026-08-28T23:10:00Z,Scheduled,7,Tanner Bibee,676440,R,30.9,Longshot,Watch List,Projected Lineup,7.7,43.6,27.6,59.8,50.0,17.3,No,No,7,Yes,Yes,RotoWire projected lineup; MLB probable pitchers,lineup projected / unconfirmed,H:2026/2025 P:2026/2025,,,Direct BvP not yet weighted; 2026/2025 Statcast baseline active,7,4,17,0,"Last 7 games: 4/17, 0 HR","same-side matchup; pitcher baseline 8.2% barrel, 26.3 HR allowed",neutral batted-ball profile; pitcher fly-ball pressure modest,3.03,29.14,86.13,96.608,0.3234,0.0753,0.3004,69.25,3.23,33.17,23.26,2.4,0.1196,8.17,38.84,89.06,0.4116,0.166,27.83,,,Progressive Field,
240,691011,Drew Romo,CWS,MIN,2026-08-29T00:10:00Z,Scheduled,9,Dean Kremer,665152,R,30.9,Longshot,Watch List,"Projected Lineup, Platoon Edge",9.6,40.7,27.1,40.2,75.0,30.3,No,No,9,Yes,Yes,RotoWire projected lineup; MLB probable pitchers,lineup projected / unconfirmed,H:2026/2025 P:2026/2025,,,Direct BvP not yet weighted; 2026/2025 Statcast baseline active,7,4,20,1,"Last 7 games: 4/20, 1 HR","switch hitter; pitcher baseline 7.8% barrel, 16.4 HR allowed",neutral batted-ball profile; pitcher allows elevated contact,6.4,26.4,84.2,95.2192,0.2037,0.0763,0.1764,68.56,3.85,37.6,31.2,4.9,0.1085,7.79,35.38,87.61,0.4326,0.1953,33.16,,,Target Field,
241,693304,Nick Gonzales,PIT,STL,2026-08-29T00:15:00Z,Scheduled,1,Quinn Mathews,687273,L,30.8,Longshot,Watch List,"Projected Lineup, Premium Lineup Spot, Platoon Edge",15.0,8.8,22.1,88.7,78.0,20.9,No,No,1,Yes,Yes,RotoWire projected lineup; MLB probable pitchers,lineup projected / unconfirmed,H:2026/2025 P:2026,,,Direct BvP not yet weighted; 2026/2025 Statcast baseline active,7,7,27,0,"Last 7 games: 7/27, 0 HR","platoon edge; pitcher baseline 2.2% barrel, 1.0 HR allowed",neutral batted-ball profile; pitcher allows elevated contact,3.17,35.3,86.84,98.1122,0.3757,0.1042,0.312,70.64,12.59,37.08,20.91,5.7,0.0929,2.2,28.3,86.6,0.294,0.064,30.4,,,Busch Stadium,
242,630105,Jake Cronenworth,SD,TB,2026-08-28T23:10:00Z,Scheduled,9,Shane McClanahan,663556,L,30.7,Longshot,Watch List,Projected Lineup,15.3,44.0,27.6,40.2,50.0,16.6,No,No,9,Yes,Yes,RotoWire projected lineup; MLB probable pitchers,lineup projected / unconfirmed,H:2026/2025 P:2026,,,Direct BvP not yet weighted; 2026/2025 Statcast baseline active,7,6,26,0,"Last 7 games: 6/26, 0 HR","same-side matchup; pitcher baseline 8.9% barrel, 8.0 HR allowed",neutral batted-ball profile; pitcher fly-ball pressure modest,4.17,32.7,87.59,97.9234,0.3243,0.1,0.2945,71.39,17.88,31.68,22.65,6.1,0.0939,8.9,41.6,89.5,0.405,0.164,27.7,,,Tropicana Field,
243,677587,Brayan Rocchio,CLE,KC,2026-08-28T23:10:00Z,Scheduled,9,Michael Wacha,608379,R,30.6,Longshot,Watch List,"Projected Lineup, Platoon Edge",14.1,37.2,27.6,40.2,75.0,9.8,No,No,9,Yes,Yes,RotoWire projected lineup; MLB probable pitchers,lineup projected / unconfirmed,H:2026/2025 P:2026/2025,,,Direct BvP not yet weighted; 2026/2025 Statcast baseline active,7,5,27,0,"Last 7 games: 5/27, 0 HR","switch hitter; pitcher baseline 7.1% barrel, 19.9 HR allowed",neutral batted-ball profile; pitcher fly-ball pressure modest,3.16,32.42,87.09,97.3159,0.3524,0.1074,0.2936,69.93,7.01,43.64,25.37,8.5,0.1147,7.12,36.28,88.27,0.4179,0.1668,29.3,,,Progressive Field,
244,641487,J.P. Crawford,SEA,TOR,2026-08-28T23:15:00Z,Scheduled,8,Dylan Cease,656302,R,30.6,Longshot,Watch List,"Projected Lineup, Platoon Edge",21.4,20.0,30.4,47.9,80.0,5.7,No,No,8,Yes,Yes,RotoWire projected lineup; MLB probable pitchers,lineup projected / unconfirmed,H:2026/2025 P:2026/2025,,,Direct BvP not yet weighted; 2026/2025 Statcast baseline active,7,3,19,0,"Last 7 games: 3/19, 0 HR","platoon edge; pitcher baseline 5.9% barrel, 12.6 HR allowed",neutral batted-ball profile; pitcher fly-ball pressure modest,5.88,35.4,87.62,98.3377,0.3692,0.1221,0.3255,71.21,18.67,35.7,20.44,10.6,0.1232,5.87,33.86,86.87,0.2995,0.1072,25.47,,,Rogers Centre,
245,624431,Jose Trevino,CIN,CHC,2026-08-28T18:20:00Z,Scheduled,8,David Peterson,656849,L,30.4,Longshot,Watch List,"Projected Lineup, Platoon Edge",9.0,35.9,29.8,47.9,78.0,12.0,No,No,8,Yes,Yes,RotoWire projected lineup; MLB probable pitchers,lineup projected / unconfirmed,H:2026/2025 P:2026/2025,,,Direct BvP not yet weighted; 2026/2025 Statcast baseline active,7,4,20,0,"Last 7 games: 4/20, 0 HR","platoon edge; pitcher baseline 6.4% barrel, 11.7 HR allowed",neutral batted-ball profile; pitcher fly-ball pressure modest,2.89,32.86,86.43,97.4732,0.2983,0.0878,0.229,68.73,2.71,34.81,22.13,4.0,0.127,6.4,42.64,89.62,0.4112,0.1405,19.5,,,Wrigley Field,
246,645305,Ali Sanchez,NYY,BOS,2026-08-28T23:15:00Z,Scheduled,9,Patrick Sandoval,663776,L,29.8,Longshot,Watch List,"Projected Lineup, Platoon Edge",13.1,29.4,38.2,40.2,78.0,0.8,No,No,9,Yes,Yes,RotoWire projected lineup; MLB probable pitchers,lineup projected / unconfirmed,H:2026/2025 P:2026,,,Direct BvP not yet weighted; 2026/2025 Statcast baseline active,7,1,8,0,"Last 7 games: 1/8, 0 HR","platoon edge; pitcher baseline 6.5% barrel, 5.0 HR allowed",neutral batted-ball profile; pitcher fly-ball pressure modest,6.82,30.63,84.52,96.1167,0.3344,0.0931,0.2613,70.14,7.77,36.72,20.47,0.7,0.0814,6.5,33.9,87.2,0.429,0.154,24.2,,,Yankee Stadium,
247,801126,Brock Rodden,SEA,TOR,2026-08-28T23:15:00Z,Scheduled,9,Dylan Cease,656302,R,29.6,Longshot,Watch List,"Projected Lineup, Platoon Edge",24.7,18.6,30.4,40.2,75.0,0.0,No,No,9,Yes,Yes,RotoWire projected lineup; MLB probable pitchers,lineup projected / unconfirmed,H:2026 P:2026/2025,,,Direct BvP not yet weighted; 2026/2025 Statcast baseline active,7,2,19,0,"Last 7 games: 2/19, 0 HR","switch hitter; pitcher baseline 5.9% barrel, 12.6 HR allowed",fly-ball profile; pitcher fly-ball pressure modest,5.3,42.1,90.1,97.9529,0.212,0.082,0.226,69.1,1.7,63.2,42.1,0.0,0.125,5.87,33.86,86.87,0.2995,0.1072,25.47,,,Rogers Centre,
248,676609,Jose Caballero,NYY,BOS,2026-08-28T23:15:00Z,Scheduled,8,Patrick Sandoval,663776,L,29.6,Longshot,Watch List,"Projected Lineup, Platoon Edge",9.1,29.4,38.2,47.9,78.0,0.8,No,No,8,Yes,Yes,RotoWire projected lineup; MLB probable pitchers,lineup projected / unconfirmed,H:2026/2025 P:2026,,,Direct BvP not yet weighted; 2026/2025 Statcast baseline active,7,3,24,0,"Last 7 games: 3/24, 0 HR","platoon edge; pitcher baseline 6.5% barrel, 5.0 HR allowed",neutral batted-ball profile; pitcher fly-ball pressure modest,4.71,27.17,84.39,96.4964,0.3355,0.1101,0.2857,68.89,8.12,41.67,21.59,9.9,0.1299,6.5,33.9,87.2,0.429,0.154,24.2,,,Yankee Stadium,
249,703601,Max Clark,DET,LAD,2026-08-28T22:40:00Z,Scheduled,8,Tarik Skubal,669373,L,29.3,Longshot,Watch List,Projected Lineup,18.1,27.7,27.6,47.9,50.0,27.6,No,No,8,Yes,Yes,RotoWire projected lineup; MLB probable pitchers,lineup projected / unconfirmed,H:2026 P:2026/2025,,,Direct BvP not yet weighted; 2026/2025 Statcast baseline active,7,4,22,1,"Last 7 games: 4/22, 1 HR","same-side matchup; pitcher baseline 7.5% barrel, 13.8 HR allowed",neutral batted-ball profile; pitcher fly-ball pressure modest,1.4,39.1,86.2,97.5036,0.369,0.097,0.308,73.4,28.0,37.7,29.0,2.0,0.147,7.54,34.75,86.73,0.3398,0.1205,25.83,,,Comerica Park,
250,683083,Nasim Nunez,WSH,MIA,2026-08-28T22:45:00Z,Scheduled,8,Eury Pérez,691587,R,29.3,Longshot,Watch List,"Projected Lineup, Platoon Edge",5.4,41.1,28.2,47.9,75.0,0.0,No,No,8,Yes,Yes,RotoWire projected lineup; MLB probable pitchers,lineup projected / unconfirmed,H:2026/2025 P:2026/2025,,,Direct BvP not yet weighted; 2026/2025 Statcast baseline active,7,2,22,0,"Last 7 games: 2/22, 0 HR","switch hitter; pitcher baseline 9.1% barrel, 12.7 HR allowed",neutral batted-ball profile; pitcher allows elevated contact,1.62,27.85,86.15,96.1129,0.2984,0.072,0.275,68.67,4.77,30.52,19.73,1.9,0.0741,9.07,41.04,88.89,0.3625,0.1546,30.52,,,Nationals Park,
251,543760,Marcus Semien,NYM,HOU,2026-08-28T23:10:00Z,Scheduled,8,Hunter Brown,686613,R,29.3,Longshot,Watch List,Projected Lineup,24.1,22.2,24.8,47.9,50.0,22.4,No,No,8,Yes,Yes,RotoWire projected lineup; MLB probable pitchers,lineup projected / unconfirmed,H:2026/2025 P:2026/2025,,,Direct BvP not yet weighted; 2026/2025 Statcast baseline active,7,7,26,0,"Last 7 games: 7/26, 0 HR","same-side matchup; pitcher baseline 6.2% barrel, 12.1 HR allowed",neutral batted-ball profile; pitcher fly-ball pressure modest,6.59,34.16,87.11,97.4846,0.3922,0.1446,0.3096,68.5,3.2,46.7,30.74,14.3,0.134,6.18,35.21,85.82,0.3383,0.1297,21.97,,,Citi Field,
252,676391,Ernie Clement,TOR,SEA,2026-08-28T23:15:00Z,Scheduled,8,,,,29.1,Longshot,Watch List,Projected Lineup,5.3,41.2,30.4,47.9,60.0,15.3,No,No,8,Yes,Yes,RotoWire projected lineup; MLB probable pitchers,lineup projected / unconfirmed,H:2026/2025 P:,,,Direct BvP not yet weighted; 2026/2025 Statcast baseline active,7,6,27,0,"Last 7 games: 6/27, 0 HR","handedness incomplete; pitcher baseline 0.0% barrel, 0.0 HR allowed",neutral batted-ball profile; pitcher fly-ball pressure modest,2.26,21.94,85.06,94.6486,0.3394,0.086,0.2736,67.46,2.75,41.22,27.83,9.0,0.1175,,,,,,,,,Rogers Centre,
253,665926,Andres Gimenez,TOR,SEA,2026-08-28T23:15:00Z,Scheduled,9,,,,28.9,Longshot,Watch List,Projected Lineup,6.7,41.2,30.4,40.2,60.0,24.0,No,No,9,Yes,Yes,RotoWire projected lineup; MLB probable pitchers,lineup projected / unconfirmed,H:2026/2025 P:,,,Direct BvP not yet weighted; 2026/2025 Statcast baseline active,7,7,25,0,"Last 7 games: 7/25, 0 HR","handedness incomplete; pitcher baseline 0.0% barrel, 0.0 HR allowed",neutral batted-ball profile; pitcher fly-ball pressure modest,3.07,24.97,85.81,95.8539,0.3323,0.0964,0.2793,68.53,5.07,38.8,23.58,7.7,0.1128,,,,,,,,,Rogers Centre,
254,670764,Taylor Walls,TB,SD,2026-08-28T23:10:00Z,Scheduled,9,Casey Mize,663554,R,28.2,Longshot,Watch List,"Projected Lineup, Platoon Edge",5.4,41.1,27.6,40.2,75.0,0.0,No,No,9,Yes,Yes,RotoWire projected lineup; MLB probable pitchers,lineup projected / unconfirmed,H:2026/2025 P:2026/2025,,,Direct BvP not yet weighted; 2026/2025 Statcast baseline active,7,2,21,0,"Last 7 games: 2/21, 0 HR","switch hitter; pitcher baseline 8.6% barrel, 13.3 HR allowed",neutral batted-ball profile; pitcher allows elevated contact,2.43,23.18,85.88,95.4373,0.2698,0.0759,0.2512,68.35,2.13,38.19,28.77,2.6,0.0815,8.64,39.0,89.3,0.3875,0.1546,31.02,,,Tropicana Field,
255,595879,Javier Baez,DET,LAD,2026-08-28T22:40:00Z,Scheduled,9,Tarik Skubal,669373,L,28.1,Longshot,Watch List,"Projected Lineup, Platoon Edge",12.8,27.7,27.6,40.2,78.0,8.1,No,No,9,Yes,Yes,RotoWire projected lineup; MLB probable pitchers,lineup projected / unconfirmed,H:2026/2025 P:2026/2025,,,Direct BvP not yet weighted; 2026/2025 Statcast baseline active,7,4,23,0,"Last 7 games: 4/23, 0 HR","platoon edge; pitcher baseline 7.5% barrel, 13.8 HR allowed",neutral batted-ball profile; pitcher fly-ball pressure modest,2.84,35.14,86.24,97.7376,0.3303,0.0863,0.2689,73.22,31.71,42.81,20.93,5.0,0.1224,7.54,34.75,86.73,0.3398,0.1205,25.83,,,Comerica Park,
256,702332,Caleb Durbin,BOS,NYY,2026-08-28T23:15:00Z,Scheduled,8,Cam Schlittler,693645,R,27.5,Longshot,Watch List,Projected Lineup,3.9,34.9,38.2,47.9,50.0,18.0,No,No,8,Yes,Yes,RotoWire projected lineup; MLB probable pitchers,lineup projected / unconfirmed,H:2026/2025 P:2026/2025,,,Direct BvP not yet weighted; 2026/2025 Statcast baseline active,7,6,25,0,"Last 7 games: 6/25, 0 HR","same-side matchup; pitcher baseline 7.8% barrel, 12.2 HR allowed",neutral batted-ball profile; pitcher fly-ball pressure modest,3.09,25.78,84.01,95.5612,0.3333,0.0909,0.2945,68.88,5.23,40.32,20.1,11.7,0.1387,7.85,39.5,88.51,0.3504,0.1344,27.02,,,Yankee Stadium,
257,694377,Nick Yorke,PIT,STL,2026-08-29T00:15:00Z,Scheduled,8,Quinn Mathews,687273,L,26.6,Longshot,Watch List,"Projected Lineup, Platoon Edge",20.3,8.8,22.1,47.9,78.0,14.6,No,No,8,Yes,Yes,RotoWire projected lineup; MLB probable pitchers,lineup projected / unconfirmed,H:2026/2025 P:2026,,,Direct BvP not yet weighted; 2026/2025 Statcast baseline active,7,5,23,0,"Last 7 games: 5/23, 0 HR","platoon edge; pitcher baseline 2.2% barrel, 1.0 HR allowed",neutral batted-ball profile; pitcher allows elevated contact,4.28,42.47,87.21,100.3555,0.3402,0.0978,0.2836,72.46,22.68,34.98,23.83,1.0,0.0772,2.2,28.3,86.6,0.294,0.064,30.4,,,Busch Stadium,
258,623168,Tyler Heineman,LAA,PHI,2026-08-29T01:38:00Z,Scheduled,9,Andrew Painter,691725,R,26.4,Longshot,Watch List,"Projected Lineup, Platoon Edge",0.4,40.3,28.2,40.2,75.0,0.0,No,No,9,Yes,Yes,RotoWire projected lineup; MLB probable pitchers,lineup projected / unconfirmed,H:2026/2025 P:2026,,,Direct BvP not yet weighted; 2026/2025 Statcast baseline active,7,1,16,0,"Last 7 games: 1/16, 0 HR","switch hitter; pitcher baseline 8.6% barrel, 17.0 HR allowed",neutral batted-ball profile; pitcher fly-ball pressure modest,1.52,14.91,82.3,92.5743,0.2734,0.0552,0.2506,65.61,0.49,45.32,21.89,1.6,0.0724,8.6,36.6,87.3,0.439,0.177,27.1,,,Angel Stadium,
259,669707,Jared Triolo,PIT,STL,2026-08-29T00:15:00Z,Scheduled,9,Quinn Mathews,687273,L,24.0,Longshot,Watch List,"Projected Lineup, Platoon Edge",15.1,8.8,22.1,40.2,78.0,19.5,No,No,9,Yes,Yes,RotoWire projected lineup; MLB probable pitchers,lineup projected / unconfirmed,H:2026/2025 P:2026,,,Direct BvP not yet weighted; 2026/2025 Statcast baseline active,7,5,20,0,"Last 7 games: 5/20, 0 HR","platoon edge; pitcher baseline 2.2% barrel, 1.0 HR allowed",neutral batted-ball profile; pitcher allows elevated contact,3.47,36.52,87.53,98.4111,0.3382,0.0936,0.2967,70.97,7.93,38.2,20.75,3.5,0.0842,2.2,28.3,86.6,0.294,0.064,30.4,,,Busch Stadium,
260,683227,Cody Freeman,TEX,MIL,2026-08-28T23:40:00Z,Scheduled,9,Logan Henderson,701656,R,23.9,Longshot,Watch List,Projected Lineup,0.6,34.0,27.6,40.2,50.0,24.9,No,No,9,Yes,Yes,RotoWire projected lineup; MLB probable pitchers,lineup projected / unconfirmed,H:2026/2025 P:2026/2025,,,Direct BvP not yet weighted; 2026/2025 Statcast baseline active,7,6,21,0,"Last 7 games: 6/21, 0 HR","same-side matchup; pitcher baseline 7.9% barrel, 7.9 HR allowed",neutral batted-ball profile; pitcher allows elevated contact,1.26,20.27,83.85,94.1676,0.2413,0.0471,0.2318,67.02,0.45,42.58,18.11,0.9,0.0636,7.9,36.58,88.73,0.3506,0.1372,30.51,,,American Family Field,
261,663968,Jake Mangum,PIT,STL,2026-08-29T00:15:00Z,Scheduled,7,Quinn Mathews,687273,L,22.6,Longshot,Watch List,"Projected Lineup, Platoon Edge",6.2,8.7,22.1,59.8,75.0,0.0,No,No,7,Yes,Yes,RotoWire projected lineup; MLB probable pitchers,lineup projected / unconfirmed,H:2026/2025 P:2026,,,Direct BvP not yet weighted; 2026/2025 Statcast baseline active,7,2,20,0,"Last 7 games: 2/20, 0 HR","switch hitter; pitcher baseline 2.2% barrel, 1.0 HR allowed",neutral batted-ball profile; pitcher allows elevated contact,2.28,29.41,85.97,96.6982,0.3297,0.0815,0.2823,67.58,3.94,27.72,15.7,3.7,0.0839,2.2,28.3,86.6,0.294,0.064,30.4,,,Busch Stadium,
