rank,hitter_id,player,team,opponent,game_start_time,game_status,batting_order,pitcher,pitcher_id,pitcher_hand,hr_score,tier,play_type,reason_tags,power_score,pitcher_score,environment_score,lineup_score,platoon_score,recent_form_score,confirmed_lineup,rotowire_confirmed_lineup,rotowire_batting_order,rotowire_player_found,lineup_disagreement,lineup_sources_used,source_warnings,stat_years_used,bvp_pa,bvp_hr,bvp_note,recent_games,recent_hits,recent_abs,recent_hr,recent_form_note,split_matchup_note,pitch_mix_note,barrel_pct,hard_hit_pct,avg_exit_velocity,ev50,xslg,xiso,xwoba,bat_speed,fast_swing_pct,pull_pct,fb_pct,hr_total,iso,pitcher_barrel_pct_allowed,pitcher_hard_hit_pct_allowed,pitcher_avg_exit_velocity_allowed,pitcher_xslg_allowed,pitcher_xiso_allowed,pitcher_fb_pct_allowed,wind_direction,weather_temp,ballpark,odds
1,703155,Lazaro Montes,SEA,COL,2026-09-20T19:10:00Z,Scheduled,8,Tomoyuki Sugano,608372,R,65.0,Tier 3,Watch List,"Projected Lineup, Elite Power, Strong Barrel, Platoon Edge",79.3,69.2,38.7,47.9,80.0,50.8,No,No,8,Yes,Yes,RotoWire projected lineup; MLB probable pitchers,lineup projected / unconfirmed,H:2026 P:2026/2025,,,Direct BvP not yet weighted; 2026/2025 Statcast baseline active,7,3,14,2,Hot streak: 2 HR in last 7 games,"platoon edge; pitcher baseline 11.9% barrel, 31.6 HR allowed",fly-ball profile; pitcher allows elevated contact,23.5,41.2,90.2,103.6905,0.594,0.368,0.37,76.1,63.2,29.4,47.1,4.0,0.406,11.94,42.18,90.7,0.5401,0.2385,30.14,,,Coors Field,
2,663728,Cal Raleigh,SEA,COL,2026-09-20T19:10:00Z,Scheduled,4,Tomoyuki Sugano,608372,R,64.2,Tier 3,Watch List,"Projected Lineup, Strong Barrel, Premium Lineup Spot, Platoon Edge",60.4,68.7,38.7,90.4,75.0,50.8,No,No,4,Yes,Yes,RotoWire projected lineup; MLB probable pitchers,lineup projected / unconfirmed,H:2026/2025 P:2026/2025,,,Direct BvP not yet weighted; 2026/2025 Statcast baseline active,7,6,28,2,Hot streak: 2 HR in last 7 games,"switch hitter; pitcher baseline 11.9% barrel, 31.6 HR allowed",fly-ball profile; pitcher allows elevated contact,16.14,42.53,90.39,101.2547,0.4413,0.2397,0.3283,75.06,52.32,53.17,42.64,33.4,0.2342,11.94,42.18,90.7,0.5401,0.2385,30.14,,,Coors Field,
3,686527,Dominic Canzone,SEA,COL,2026-09-20T19:10:00Z,Scheduled,3,Tomoyuki Sugano,608372,R,63.2,Tier 3,Watch List,"Projected Lineup, Strong Barrel, Premium Lineup Spot, Platoon Edge",55.4,69.2,38.7,92.1,80.0,48.3,No,No,3,Yes,Yes,RotoWire projected lineup; MLB probable pitchers,lineup projected / unconfirmed,H:2026/2025 P:2026/2025,,,Direct BvP not yet weighted; 2026/2025 Statcast baseline active,7,8,25,1,Contact streak: 8/25 over last 7 games,"platoon edge; pitcher baseline 11.9% barrel, 31.6 HR allowed",neutral batted-ball profile; pitcher allows elevated contact,12.89,46.34,91.46,102.527,0.5015,0.2262,0.3613,73.94,41.36,39.34,26.23,18.7,0.2111,11.94,42.18,90.7,0.5401,0.2385,30.14,,,Coors Field,
4,700250,Ben Rice,NYY,AZ,2026-09-20T20:10:00Z,Scheduled,1,Corbin Burnes,669203,R,63.0,Tier 3,Watch List,"Projected Lineup, Strong Barrel, Premium Lineup Spot, Platoon Edge, Hot Hitter/Streak",63.9,54.5,28.2,88.7,80.0,99.5,No,No,1,Yes,Yes,RotoWire projected lineup; MLB probable pitchers,lineup projected / unconfirmed,H:2026/2025 P:2026/2025,,,Direct BvP not yet weighted; 2026/2025 Statcast baseline active,7,10,24,3,Hot streak: 3 HR in last 7 games,"platoon edge; pitcher baseline 11.2% barrel, 3.5 HR allowed",lift-pull EV profile; pitcher allows elevated contact,14.56,50.85,92.39,102.4795,0.5236,0.2527,0.3819,72.84,27.38,44.54,31.09,35.1,0.2622,11.18,38.73,90.34,0.4081,0.1839,43.67,,,Chase Field,
5,691718,Pete Crow-Armstrong,CHC,CIN,2026-09-20T17:40:00Z,Scheduled,1,Rhett Lowder,695076,R,61.0,Tier 3,Watch List,"Projected Lineup, Strong Barrel, Premium Lineup Spot, Platoon Edge",58.4,53.1,39.3,88.7,80.0,69.8,No,No,1,Yes,Yes,RotoWire projected lineup; MLB probable pitchers,lineup projected / unconfirmed,H:2026/2025 P:2026,,,Direct BvP not yet weighted; 2026/2025 Statcast baseline active,7,7,32,3,Hot streak: 3 HR in last 7 games,"platoon edge; pitcher baseline 9.8% barrel, 18.0 HR allowed",fly-ball profile; pitcher fly-ball pressure modest,13.38,47.06,90.41,101.9145,0.5016,0.2442,0.3595,74.31,45.65,50.44,35.08,40.1,0.2774,9.8,38.9,90.1,0.463,0.192,27.6,,,Great American Ball Park,
6,682987,Spencer Jones,NYY,AZ,2026-09-20T20:10:00Z,Scheduled,4,Corbin Burnes,669203,R,60.9,Tier 3,Watch List,"Projected Lineup, Strong Barrel, Premium Lineup Spot, Platoon Edge",67.3,54.5,28.2,90.4,80.0,30.3,No,No,4,Yes,Yes,RotoWire projected lineup; MLB probable pitchers,lineup projected / unconfirmed,H:2026 P:2026/2025,,,Direct BvP not yet weighted; 2026/2025 Statcast baseline active,7,6,30,1,"Last 7 games: 6/30, 1 HR","platoon edge; pitcher baseline 11.2% barrel, 3.5 HR allowed",EV profile; pitcher allows elevated contact,15.4,55.6,94.2,104.3845,0.443,0.205,0.325,77.1,71.6,35.0,37.8,10.0,0.185,11.18,38.73,90.34,0.4081,0.1839,43.67,,,Chase Field,
7,670541,Yordan Alvarez,HOU,ATL,2026-09-20T18:10:00Z,Scheduled,2,Martín Pérez,527048,L,60.0,Tier 3,Watch List,"Projected Lineup, Elite Power, Strong Barrel, Premium Lineup Spot",78.1,37.7,27.6,95.5,50.0,63.7,No,No,2,Yes,Yes,RotoWire projected lineup; MLB probable pitchers,lineup projected / unconfirmed,H:2026/2025 P:2026/2025,,,Direct BvP not yet weighted; 2026/2025 Statcast baseline active,7,6,20,2,Hot streak: 2 HR in last 7 games,"same-side matchup; pitcher baseline 7.9% barrel, 10.9 HR allowed",lift-pull EV profile; pitcher fly-ball pressure modest,15.55,53.11,94.35,104.795,0.6127,0.3049,0.428,76.1,61.8,40.81,36.24,29.8,0.2487,7.93,37.16,88.06,0.4213,0.1618,24.69,,,Daikin Park,
8,682829,Elly De La Cruz,CIN,CHC,2026-09-20T17:40:00Z,Scheduled,2,,,,59.4,Longshot,Watch List,"Projected Lineup, Strong Barrel, Premium Lineup Spot, Platoon Edge, Hot Hitter/Streak",61.3,40.2,39.3,95.5,75.0,70.8,No,No,2,Yes,Yes,RotoWire projected lineup; MLB probable pitchers,lineup projected / unconfirmed,H:2026/2025 P:,,,Direct BvP not yet weighted; 2026/2025 Statcast baseline active,7,8,23,2,Hot streak: 2 HR in last 7 games,"switch hitter; pitcher baseline 0.0% barrel, 0.0 HR allowed",EV profile; pitcher fly-ball pressure modest,14.5,50.92,93.66,104.6004,0.4821,0.2087,0.3598,75.59,55.66,34.89,24.89,26.2,0.2152,,,,,,,,,Great American Ball Park,
9,682985,Riley Greene,DET,CWS,2026-09-20T18:10:00Z,Scheduled,4,Davis Martin,663436,R,59.0,Longshot,Watch List,"Projected Lineup, Strong Barrel, Premium Lineup Spot, Platoon Edge, Hot Hitter/Streak",62.3,44.8,27.6,90.4,80.0,74.2,No,No,4,Yes,Yes,RotoWire projected lineup; MLB probable pitchers,lineup projected / unconfirmed,H:2026/2025 P:2026/2025,,,Direct BvP not yet weighted; 2026/2025 Statcast baseline active,7,10,27,2,Hot streak: 2 HR in last 7 games,"platoon edge; pitcher baseline 7.4% barrel, 15.8 HR allowed",neutral batted-ball profile; pitcher fly-ball pressure modest,15.77,46.9,90.25,102.5884,0.5036,0.2459,0.3614,75.6,58.15,39.12,33.52,25.5,0.2105,7.42,44.67,90.42,0.4293,0.1573,23.97,,,Rate Field,
10,699024,Leo Bernal,STL,WSH,2026-09-20T18:15:00Z,Scheduled,5,Jake Irvin,663623,R,59.0,Longshot,Watch List,"Projected Lineup, Platoon Edge",63.0,60.5,22.1,81.9,75.0,43.9,No,No,5,Yes,Yes,RotoWire projected lineup; MLB probable pitchers,lineup projected / unconfirmed,H:2026 P:2026/2025,,,Direct BvP not yet weighted; 2026/2025 Statcast baseline active,7,9,31,1,"Last 7 games: 9/31, 1 HR","switch hitter; pitcher baseline 11.2% barrel, 23.3 HR allowed",lift-pull EV profile; pitcher fly-ball pressure modest,9.6,65.4,94.4,102.7369,0.542,0.225,0.385,74.2,36.6,44.2,34.6,3.0,0.185,11.23,45.7,89.7,0.4693,0.2127,29.23,,,Busch Stadium,
11,691181,Emmanuel Rodriguez,MIN,LAA,2026-09-20T20:07:00Z,Scheduled,7,Ryan Johnson,696270,R,58.8,Longshot,Watch List,"Projected Lineup, Elite Power, Strong Barrel, Platoon Edge",83.8,46.1,28.2,59.8,80.0,6.0,No,No,7,Yes,Yes,RotoWire projected lineup; MLB probable pitchers,lineup projected / unconfirmed,H:2026 P:2026/2025,,,Direct BvP not yet weighted; 2026/2025 Statcast baseline active,7,4,25,0,"Last 7 games: 4/25, 0 HR","platoon edge; pitcher baseline 9.5% barrel, 13.8 HR allowed",EV profile; pitcher allows elevated contact,25.0,62.5,94.3,104.7533,0.56,0.283,0.366,76.8,76.7,37.5,31.3,1.0,0.222,9.48,36.42,87.68,0.4332,0.1833,34.09,,,Angel Stadium,
12,668227,Randy Arozarena,SEA,COL,2026-09-20T19:10:00Z,Scheduled,2,Tomoyuki Sugano,608372,R,58.4,Longshot,Watch List,"Projected Lineup, Premium Lineup Spot, Hot Hitter/Streak",39.8,69.2,38.7,95.5,50.0,100.0,No,No,2,Yes,Yes,RotoWire projected lineup; MLB probable pitchers,lineup projected / unconfirmed,H:2026/2025 P:2026/2025,,,Direct BvP not yet weighted; 2026/2025 Statcast baseline active,7,13,29,4,Hot streak: 4 HR in last 7 games,"same-side matchup; pitcher baseline 11.9% barrel, 31.6 HR allowed",neutral batted-ball profile; pitcher allows elevated contact,8.84,45.28,90.95,101.1248,0.4177,0.1683,0.341,71.32,24.59,34.96,24.52,25.6,0.1957,11.94,42.18,90.7,0.5401,0.2385,30.14,,,Coors Field,
13,656941,Kyle Schwarber,PHI,NYM,2026-09-20T17:10:00Z,Scheduled,1,Jonah Tong,804636,R,58.1,Longshot,Watch List,"Projected Lineup, Strong Barrel, Premium Lineup Spot, Platoon Edge",74.6,37.3,24.8,88.7,80.0,24.3,No,No,1,Yes,Yes,RotoWire projected lineup; MLB probable pitchers,lineup projected / unconfirmed,H:2026/2025 P:2026/2025,,,Direct BvP not yet weighted; 2026/2025 Statcast baseline active,7,4,25,1,"Last 7 games: 4/25, 1 HR","platoon edge; pitcher baseline 8.9% barrel, 2.3 HR allowed",lift-pull EV profile; pitcher allows elevated contact,17.58,52.46,92.97,104.0725,0.5201,0.2798,0.3751,77.16,75.49,54.21,33.32,48.3,0.2915,8.91,34.64,89.58,0.3604,0.1456,33.31,,,Citi Field,
14,808959,Munetaka Murakami,CWS,DET,2026-09-20T18:10:00Z,Scheduled,4,Troy Melton,675512,R,58.1,Longshot,Watch List,"Projected Lineup, Strong Barrel, Premium Lineup Spot, Platoon Edge",73.6,36.6,27.6,90.4,80.0,19.9,No,No,4,Yes,Yes,RotoWire projected lineup; MLB probable pitchers,lineup projected / unconfirmed,H:2026 P:2026/2025,,,Direct BvP not yet weighted; 2026/2025 Statcast baseline active,7,3,23,1,"Last 7 games: 3/23, 1 HR","platoon edge; pitcher baseline 6.9% barrel, 11.2 HR allowed",lift-pull EV profile; pitcher fly-ball pressure modest,18.8,55.8,93.7,104.2712,0.445,0.247,0.341,74.7,50.2,46.7,37.9,32.0,0.264,6.92,40.94,89.4,0.3801,0.1519,25.26,,,Rate Field,
15,676475,Alec Burleson,STL,WSH,2026-09-20T18:15:00Z,Scheduled,3,Jake Irvin,663623,R,57.6,Longshot,Watch List,"Projected Lineup, Strong Barrel, Premium Lineup Spot, Platoon Edge",52.4,62.1,22.1,92.1,80.0,39.5,No,No,3,Yes,Yes,RotoWire projected lineup; MLB probable pitchers,lineup projected / unconfirmed,H:2026/2025 P:2026/2025,,,Direct BvP not yet weighted; 2026/2025 Statcast baseline active,7,6,23,1,"Last 7 games: 6/23, 1 HR","platoon edge; pitcher baseline 11.2% barrel, 23.3 HR allowed",neutral batted-ball profile; pitcher fly-ball pressure modest,10.62,47.97,91.7,102.0259,0.5053,0.2193,0.3667,73.28,34.84,44.1,26.91,21.5,0.1809,11.23,45.7,89.7,0.4693,0.2127,29.23,,,Busch Stadium,
16,665833,Oneil Cruz,PIT,KC,2026-09-20T17:35:00Z,Scheduled,4,Michael Wacha,608379,R,57.4,Longshot,Watch List,"Projected Lineup, Strong Barrel, Premium Lineup Spot, Platoon Edge",68.3,37.3,24.3,90.4,80.0,48.5,No,No,4,Yes,Yes,RotoWire projected lineup; MLB probable pitchers,lineup projected / unconfirmed,H:2026/2025 P:2026/2025,,,Direct BvP not yet weighted; 2026/2025 Statcast baseline active,7,9,28,1,Contact streak: 9/28 over last 7 games,"platoon edge; pitcher baseline 7.0% barrel, 23.4 HR allowed",EV profile; pitcher fly-ball pressure modest,16.6,54.43,94.82,106.3864,0.4579,0.2182,0.3429,78.17,75.05,39.81,22.54,19.3,0.1976,6.98,35.72,87.92,0.4081,0.1633,28.95,,,PNC Park,
17,683737,Michael Busch,CHC,CIN,2026-09-20T17:40:00Z,Scheduled,3,Rhett Lowder,695076,R,56.5,Longshot,Watch List,"Projected Lineup, Strong Barrel, Premium Lineup Spot, Platoon Edge",44.6,53.1,39.3,92.1,80.0,61.5,No,No,3,Yes,Yes,RotoWire projected lineup; MLB probable pitchers,lineup projected / unconfirmed,H:2026/2025 P:2026,,,Direct BvP not yet weighted; 2026/2025 Statcast baseline active,7,6,21,2,Hot streak: 2 HR in last 7 games,"platoon edge; pitcher baseline 9.8% barrel, 18.0 HR allowed",fly-ball profile; pitcher fly-ball pressure modest,11.43,42.05,89.54,99.7076,0.4437,0.2041,0.3444,68.9,5.78,40.77,35.25,23.5,0.1871,9.8,38.9,90.1,0.463,0.192,27.6,,,Great American Ball Park,
18,641343,Jake Bauers,MIL,BAL,2026-09-20T23:20:00Z,Scheduled,5,Brandon Young,687064,R,56.5,Longshot,Watch List,"Projected Lineup, Strong Barrel, Platoon Edge",60.6,43.1,32.1,81.9,80.0,54.7,No,No,5,Yes,Yes,RotoWire projected lineup; MLB probable pitchers,lineup projected / unconfirmed,H:2026/2025 P:2026/2025,,,Direct BvP not yet weighted; 2026/2025 Statcast baseline active,7,6,25,2,Hot streak: 2 HR in last 7 games,"platoon edge; pitcher baseline 7.8% barrel, 18.3 HR allowed",lift-pull EV profile; pitcher fly-ball pressure modest,13.91,50.5,92.12,103.0298,0.4724,0.2216,0.3715,76.5,69.72,40.41,30.33,20.3,0.2074,7.75,40.17,89.33,0.4159,0.1651,26.73,,,Oriole Park at Camden Yards,
19,695600,Carter Jensen,KC,PIT,2026-09-20T17:35:00Z,Scheduled,1,Lake Bachar,669199,R,56.4,Longshot,Watch List,"Projected Lineup, Strong Barrel, Premium Lineup Spot, Platoon Edge",60.3,42.7,24.3,88.7,80.0,59.1,No,No,1,Yes,Yes,RotoWire projected lineup; MLB probable pitchers,lineup projected / unconfirmed,H:2026/2025 P:2026/2025,,,Direct BvP not yet weighted; 2026/2025 Statcast baseline active,7,7,26,2,Hot streak: 2 HR in last 7 games,"platoon edge; pitcher baseline 8.9% barrel, 12.1 HR allowed",lift-pull EV profile; pitcher allows elevated contact,14.57,48.64,92.53,103.0177,0.4741,0.2235,0.3525,74.1,38.73,41.42,31.12,17.7,0.2269,8.88,36.32,89.39,0.3822,0.1717,31.85,,,PNC Park,
20,669257,Will Smith,LAD,SF,2026-09-20T20:10:00Z,Scheduled,3,Matt Wilkinson,683363,L,56.1,Longshot,Watch List,"Projected Lineup, Strong Barrel, Premium Lineup Spot, Platoon Edge",50.1,50.9,27.6,92.1,78.0,66.7,No,No,3,Yes,Yes,RotoWire projected lineup; MLB probable pitchers,lineup projected / unconfirmed,H:2026/2025 P:2026,,,Direct BvP not yet weighted; 2026/2025 Statcast baseline active,7,8,25,2,Hot streak: 2 HR in last 7 games,"platoon edge; pitcher baseline 7.7% barrel, 4.0 HR allowed",fly-ball profile; pitcher allows elevated contact,12.27,42.27,89.76,100.1588,0.489,0.22,0.3794,69.84,6.66,30.53,39.57,10.7,0.1674,7.7,49.2,91.0,0.444,0.187,32.3,,,UNIQLO Field at Dodger Stadium,
21,701398,Sal Stewart,CIN,CHC,2026-09-20T17:40:00Z,Scheduled,3,,,,55.9,Longshot,Watch List,"Projected Lineup, Strong Barrel, Premium Lineup Spot",59.3,41.2,39.3,92.1,60.0,44.8,No,No,3,Yes,Yes,RotoWire projected lineup; MLB probable pitchers,lineup projected / unconfirmed,H:2026/2025 P:,,,Direct BvP not yet weighted; 2026/2025 Statcast baseline active,7,8,27,1,"Last 7 games: 8/27, 1 HR","handedness incomplete; pitcher baseline 0.0% barrel, 0.0 HR allowed",neutral batted-ball profile; pitcher fly-ball pressure modest,14.19,44.03,91.76,101.5146,0.5215,0.2526,0.3639,72.1,26.44,37.87,31.81,23.9,0.2305,,,,,,,,,Great American Ball Park,
22,671277,Luis Garcia,NYY,AZ,2026-09-20T20:10:00Z,Scheduled,3,Corbin Burnes,669203,R,55.6,Longshot,Watch List,"Projected Lineup, Strong Barrel, Premium Lineup Spot, Platoon Edge",51.1,54.5,28.2,92.1,80.0,26.2,No,No,3,Yes,Yes,RotoWire projected lineup; MLB probable pitchers,lineup projected / unconfirmed,H:2026/2025 P:2026/2025,,,Direct BvP not yet weighted; 2026/2025 Statcast baseline active,7,5,29,1,"Last 7 games: 5/29, 1 HR","platoon edge; pitcher baseline 11.2% barrel, 3.5 HR allowed",neutral batted-ball profile; pitcher allows elevated contact,11.59,46.78,91.18,101.9564,0.491,0.2093,0.3453,73.73,39.9,41.5,23.45,25.8,0.2265,11.18,38.73,90.34,0.4081,0.1839,43.67,,,Chase Field,
23,624413,Pete Alonso,BAL,MIL,2026-09-20T23:20:00Z,Scheduled,2,Jacob Misiorowski,694819,R,55.0,Longshot,Watch List,"Projected Lineup, Strong Barrel, Premium Lineup Spot, Hot Hitter/Streak",72.9,18.9,32.1,95.5,50.0,75.9,No,No,2,Yes,Yes,RotoWire projected lineup; MLB probable pitchers,lineup projected / unconfirmed,H:2026/2025 P:2026/2025,,,Direct BvP not yet weighted; 2026/2025 Statcast baseline active,7,7,27,4,Hot streak: 4 HR in last 7 games,"same-side matchup; pitcher baseline 5.0% barrel, 12.2 HR allowed",EV profile; pitcher fly-ball pressure modest,15.68,55.66,93.85,104.2624,0.5538,0.2738,0.3923,74.78,48.58,36.64,30.67,38.0,0.2429,5.03,34.35,87.74,0.2796,0.0996,25.71,,,Oriole Park at Camden Yards,
24,621566,Matt Olson,ATL,HOU,2026-09-20T18:10:00Z,Scheduled,3,Hunter Brown,686613,R,54.9,Longshot,Watch List,"Projected Lineup, Strong Barrel, Premium Lineup Spot, Platoon Edge, Hot Hitter/Streak",65.9,21.9,27.6,92.1,80.0,73.7,No,No,3,Yes,Yes,RotoWire projected lineup; MLB probable pitchers,lineup projected / unconfirmed,H:2026/2025 P:2026/2025,,,Direct BvP not yet weighted; 2026/2025 Statcast baseline active,7,11,30,2,Hot streak: 2 HR in last 7 games,"platoon edge; pitcher baseline 6.1% barrel, 12.8 HR allowed",EV profile; pitcher fly-ball pressure modest,14.68,51.97,92.74,103.6747,0.5025,0.2545,0.3558,74.53,47.54,37.93,33.2,36.7,0.2428,6.11,35.56,86.31,0.3229,0.1192,23.09,,,Daikin Park,
25,677594,Julio Rodriguez,SEA,COL,2026-09-20T19:10:00Z,Scheduled,5,Tomoyuki Sugano,608372,R,54.8,Longshot,Watch List,Projected Lineup,45.5,69.2,38.7,81.9,50.0,28.6,No,No,5,Yes,Yes,RotoWire projected lineup; MLB probable pitchers,lineup projected / unconfirmed,H:2026/2025 P:2026/2025,,,Direct BvP not yet weighted; 2026/2025 Statcast baseline active,7,9,29,0,"Last 7 games: 9/29, 0 HR","same-side matchup; pitcher baseline 11.9% barrel, 31.6 HR allowed",neutral batted-ball profile; pitcher allows elevated contact,9.1,45.55,90.82,102.856,0.4503,0.1845,0.3363,76.61,66.64,38.07,25.42,24.3,0.1692,11.94,42.18,90.7,0.5401,0.2385,30.14,,,Coors Field,
26,665052,Griffin Conine,MIA,SD,2026-09-20T20:10:00Z,Scheduled,4,Walker Buehler,621111,R,54.8,Longshot,Watch List,"Projected Lineup, Strong Barrel, Premium Lineup Spot, Platoon Edge",55.7,43.0,22.6,90.4,80.0,57.8,No,No,4,Yes,Yes,RotoWire projected lineup; MLB probable pitchers,lineup projected / unconfirmed,H:2026/2025 P:2026/2025,,,Direct BvP not yet weighted; 2026/2025 Statcast baseline active,7,6,23,2,Hot streak: 2 HR in last 7 games,"platoon edge; pitcher baseline 8.6% barrel, 20.6 HR allowed",neutral batted-ball profile; pitcher fly-ball pressure modest,14.87,49.01,91.11,103.0485,0.4488,0.2054,0.3391,74.26,43.97,41.13,24.04,11.8,0.2021,8.59,38.15,88.88,0.4171,0.1645,23.44,,,Petco Park,
27,665742,Juan Soto,NYM,PHI,2026-09-20T17:10:00Z,Scheduled,2,Cristopher Sánchez,650911,L,54.6,Longshot,Watch List,"Projected Lineup, Strong Barrel, Premium Lineup Spot",70.6,32.5,24.8,95.5,50.0,37.8,No,No,2,Yes,Yes,RotoWire projected lineup; MLB probable pitchers,lineup projected / unconfirmed,H:2026/2025 P:2026/2025,,,Direct BvP not yet weighted; 2026/2025 Statcast baseline active,7,7,28,1,"Last 7 games: 7/28, 1 HR","same-side matchup; pitcher baseline 6.9% barrel, 15.5 HR allowed",lift-pull EV profile; pitcher fly-ball pressure modest,15.26,50.47,93.03,103.1292,0.5884,0.2951,0.4199,72.83,32.68,40.09,31.49,31.1,0.2557,6.89,40.64,89.07,0.3583,0.1249,16.62,,,Citi Field,
28,664040,Brandon Lowe,PIT,KC,2026-09-20T17:35:00Z,Scheduled,2,Michael Wacha,608379,R,54.6,Longshot,Watch List,"Projected Lineup, Strong Barrel, Premium Lineup Spot, Platoon Edge, Hot Hitter/Streak",51.2,37.3,24.3,95.5,80.0,91.0,No,No,2,Yes,Yes,RotoWire projected lineup; MLB probable pitchers,lineup projected / unconfirmed,H:2026/2025 P:2026/2025,,,Direct BvP not yet weighted; 2026/2025 Statcast baseline active,7,9,25,4,Hot streak: 4 HR in last 7 games,"platoon edge; pitcher baseline 7.0% barrel, 23.4 HR allowed",neutral batted-ball profile; pitcher fly-ball pressure modest,12.16,45.69,91.03,101.4207,0.4444,0.2019,0.3287,73.66,40.02,46.3,32.71,31.7,0.2259,6.98,35.72,87.92,0.4081,0.1633,28.95,,,PNC Park,
29,669127,Shea Langeliers,ATH,CLE,2026-09-20T17:40:00Z,Scheduled,3,Gavin Williams,668909,R,54.6,Longshot,Watch List,"Projected Lineup, Strong Barrel, Premium Lineup Spot",56.8,54.2,27.6,92.1,50.0,25.8,No,No,3,Yes,Yes,RotoWire projected lineup; MLB probable pitchers,lineup projected / unconfirmed,H:2026/2025 P:2026/2025,,,Direct BvP not yet weighted; 2026/2025 Statcast baseline active,7,7,24,0,"Last 7 games: 7/24, 0 HR","same-side matchup; pitcher baseline 10.6% barrel, 25.8 HR allowed",neutral batted-ball profile; pitcher fly-ball pressure modest,13.4,44.9,91.39,102.5081,0.4955,0.2312,0.3514,74.78,48.75,39.95,29.91,25.4,0.2348,10.61,46.05,90.12,0.3973,0.1747,25.86,,,Progressive Field,
30,701350,Roman Anthony,BOS,TB,2026-09-20T17:40:00Z,Scheduled,1,Griffin Jax,643377,R,54.5,Longshot,Watch List,"Projected Lineup, Strong Barrel, Premium Lineup Spot, Platoon Edge",56.5,43.0,27.6,88.7,80.0,36.5,No,No,1,Yes,Yes,RotoWire projected lineup; MLB probable pitchers,lineup projected / unconfirmed,H:2026/2025 P:2026/2025,,,Direct BvP not yet weighted; 2026/2025 Statcast baseline active,7,7,29,1,"Last 7 games: 7/29, 1 HR","platoon edge; pitcher baseline 9.3% barrel, 12.6 HR allowed",EV profile; pitcher fly-ball pressure modest,13.36,51.48,92.89,102.9214,0.4532,0.191,0.3573,75.42,54.21,40.98,24.12,5.9,0.1486,9.26,41.51,88.99,0.3993,0.1534,23.37,,,Tropicana Field,
31,691406,Junior Caminero,TB,BOS,2026-09-20T17:40:00Z,Scheduled,3,Patrick Sandoval,663776,L,54.5,Longshot,Watch List,"Projected Lineup, Strong Barrel, Premium Lineup Spot, Platoon Edge",62.1,34.3,27.6,92.1,78.0,34.9,No,No,3,Yes,Yes,RotoWire projected lineup; MLB probable pitchers,lineup projected / unconfirmed,H:2026/2025 P:2026,,,Direct BvP not yet weighted; 2026/2025 Statcast baseline active,7,6,26,1,"Last 7 games: 6/26, 1 HR","platoon edge; pitcher baseline 6.9% barrel, 6.0 HR allowed",EV profile; pitcher fly-ball pressure modest,13.37,50.35,92.68,105.0544,0.4982,0.2313,0.3586,79.27,84.06,45.17,23.56,42.2,0.2605,6.9,36.0,87.8,0.442,0.163,25.7,,,Tropicana Field,
32,669003,Garrett Mitchell,MIL,BAL,2026-09-20T23:20:00Z,Scheduled,1,Brandon Young,687064,R,54.5,Longshot,Watch List,"Projected Lineup, Strong Barrel, Premium Lineup Spot, Platoon Edge, Hot Hitter/Streak",48.0,43.1,32.1,88.7,80.0,77.4,No,No,1,Yes,Yes,RotoWire projected lineup; MLB probable pitchers,lineup projected / unconfirmed,H:2026/2025 P:2026/2025,,,Direct BvP not yet weighted; 2026/2025 Statcast baseline active,7,9,23,2,Hot streak: 2 HR in last 7 games,"platoon edge; pitcher baseline 7.8% barrel, 18.3 HR allowed",EV profile; pitcher fly-ball pressure modest,10.48,49.55,92.5,103.8881,0.4187,0.1624,0.3349,77.15,77.58,33.65,16.99,7.7,0.1412,7.75,40.17,89.33,0.4159,0.1651,26.73,,,Oriole Park at Camden Yards,
33,800543,Josue De Paula,LAD,SF,2026-09-20T20:10:00Z,Scheduled,7,Matt Wilkinson,683363,L,54.2,Longshot,Watch List,"Projected Lineup, Strong Barrel",68.5,50.9,27.6,59.8,50.0,47.7,No,No,7,Yes,Yes,RotoWire projected lineup; MLB probable pitchers,lineup projected / unconfirmed,H:2026 P:2026,,,Direct BvP not yet weighted; 2026/2025 Statcast baseline active,7,6,19,1,"Last 7 games: 6/19, 1 HR","same-side matchup; pitcher baseline 7.7% barrel, 4.0 HR allowed",lift-pull EV profile; pitcher allows elevated contact,15.8,57.9,93.1,100.4157,0.517,0.243,0.435,72.3,24.4,47.4,31.6,1.0,0.238,7.7,49.2,91.0,0.444,0.187,32.3,,,UNIQLO Field at Dodger Stadium,
34,669065,Kyle Stowers,MIA,SD,2026-09-20T20:10:00Z,Scheduled,1,Walker Buehler,621111,R,54.2,Longshot,Watch List,"Projected Lineup, Strong Barrel, Premium Lineup Spot, Platoon Edge",63.1,43.0,22.6,88.7,80.0,1.4,No,No,1,Yes,Yes,RotoWire projected lineup; MLB probable pitchers,lineup projected / unconfirmed,H:2026/2025 P:2026/2025,,,Direct BvP not yet weighted; 2026/2025 Statcast baseline active,7,4,31,0,"Last 7 games: 4/31, 0 HR","platoon edge; pitcher baseline 8.6% barrel, 20.6 HR allowed",neutral batted-ball profile; pitcher fly-ball pressure modest,14.55,55.01,91.94,103.2886,0.4628,0.2258,0.34,75.28,54.25,45.29,32.76,20.8,0.2245,8.59,38.15,88.88,0.4171,0.1645,23.44,,,Petco Park,
35,545361,Mike Trout,LAA,MIN,2026-09-20T20:07:00Z,Scheduled,2,Dean Kremer,665152,R,54.0,Longshot,Watch List,"Projected Lineup, Strong Barrel, Premium Lineup Spot",59.9,47.7,28.2,95.5,50.0,14.6,No,No,2,Yes,Yes,RotoWire projected lineup; MLB probable pitchers,lineup projected / unconfirmed,H:2026/2025 P:2026/2025,,,Direct BvP not yet weighted; 2026/2025 Statcast baseline active,7,5,23,0,"Last 7 games: 5/23, 0 HR","same-side matchup; pitcher baseline 9.3% barrel, 18.5 HR allowed",neutral batted-ball profile; pitcher allows elevated contact,15.94,46.71,90.27,102.8627,0.4817,0.2348,0.3713,74.49,46.37,35.67,31.14,22.5,0.1881,9.33,35.66,87.96,0.4419,0.1987,31.55,,,Angel Stadium,
36,695506,Jac Caglianone,KC,PIT,2026-09-20T17:35:00Z,Scheduled,3,Lake Bachar,669199,R,53.7,Longshot,Watch List,"Projected Lineup, Strong Barrel, Premium Lineup Spot, Platoon Edge",57.6,42.7,24.3,92.1,80.0,14.1,No,No,3,Yes,Yes,RotoWire projected lineup; MLB probable pitchers,lineup projected / unconfirmed,H:2026/2025 P:2026/2025,,,Direct BvP not yet weighted; 2026/2025 Statcast baseline active,7,3,14,0,"Last 7 games: 3/14, 0 HR","platoon edge; pitcher baseline 8.9% barrel, 12.1 HR allowed",neutral batted-ball profile; pitcher allows elevated contact,13.12,50.73,91.99,104.7336,0.4772,0.2122,0.3434,77.19,73.99,44.49,22.47,18.2,0.1856,8.88,36.32,89.39,0.3822,0.1717,31.85,,,PNC Park,
37,691023,Jordan Walker,STL,WSH,2026-09-20T18:15:00Z,Scheduled,4,Jake Irvin,663623,R,53.5,Longshot,Watch List,"Projected Lineup, Strong Barrel, Premium Lineup Spot",54.9,62.1,22.1,90.4,50.0,0.0,No,No,4,Yes,Yes,RotoWire projected lineup; MLB probable pitchers,lineup projected / unconfirmed,H:2026/2025 P:2026/2025,,,Direct BvP not yet weighted; 2026/2025 Statcast baseline active,7,2,22,0,"Last 7 games: 2/22, 0 HR","same-side matchup; pitcher baseline 11.2% barrel, 23.3 HR allowed",EV profile; pitcher fly-ball pressure modest,12.44,49.51,92.51,104.6459,0.4358,0.1865,0.3242,78.94,83.05,38.45,23.7,21.4,0.1687,11.23,45.7,89.7,0.4693,0.2127,29.23,,,Busch Stadium,
38,696100,Hunter Goodman,COL,SEA,2026-09-20T19:10:00Z,Scheduled,3,Kade Anderson,807739,L,53.5,Longshot,Watch List,"Projected Lineup, Strong Barrel, Premium Lineup Spot, Platoon Edge",55.6,33.7,38.7,92.1,78.0,27.1,No,No,3,Yes,Yes,RotoWire projected lineup; MLB probable pitchers,lineup projected / unconfirmed,H:2026/2025 P:2026,,,Direct BvP not yet weighted; 2026/2025 Statcast baseline active,7,5,28,1,"Last 7 games: 5/28, 1 HR","platoon edge; pitcher baseline 7.7% barrel, 4.0 HR allowed",neutral batted-ball profile; pitcher fly-ball pressure modest,14.16,45.5,90.24,102.4492,0.4539,0.2245,0.3206,74.86,48.11,48.21,32.41,35.9,0.27,7.7,39.7,87.5,0.404,0.14,25.6,,,Coors Field,
39,671732,Lawrence Butler,ATH,CLE,2026-09-20T17:40:00Z,Scheduled,4,Gavin Williams,668909,R,53.0,Longshot,Watch List,"Projected Lineup, Premium Lineup Spot, Platoon Edge, Hot Hitter/Streak",37.4,54.2,27.6,90.4,80.0,73.0,No,No,4,Yes,Yes,RotoWire projected lineup; MLB probable pitchers,lineup projected / unconfirmed,H:2026/2025 P:2026/2025,,,Direct BvP not yet weighted; 2026/2025 Statcast baseline active,7,6,25,3,Hot streak: 3 HR in last 7 games,"platoon edge; pitcher baseline 10.6% barrel, 25.8 HR allowed",neutral batted-ball profile; pitcher fly-ball pressure modest,8.64,44.82,89.94,101.866,0.394,0.157,0.3183,73.63,37.88,35.38,22.42,18.2,0.1623,10.61,46.05,90.12,0.3973,0.1747,25.86,,,Progressive Field,
40,665019,Kody Clemens,MIN,LAA,2026-09-20T20:07:00Z,Scheduled,3,Ryan Johnson,696270,R,53.0,Longshot,Watch List,"Projected Lineup, Strong Barrel, Premium Lineup Spot, Platoon Edge",52.0,46.1,28.2,92.1,80.0,8.1,No,No,3,Yes,Yes,RotoWire projected lineup; MLB probable pitchers,lineup projected / unconfirmed,H:2026/2025 P:2026/2025,,,Direct BvP not yet weighted; 2026/2025 Statcast baseline active,7,4,23,0,"Last 7 games: 4/23, 0 HR","platoon edge; pitcher baseline 9.5% barrel, 13.8 HR allowed",neutral batted-ball profile; pitcher allows elevated contact,11.58,46.69,91.92,101.4284,0.4587,0.209,0.3338,72.06,14.42,46.43,33.25,23.9,0.2238,9.48,36.42,87.68,0.4332,0.1833,34.09,,,Angel Stadium,
41,641487,J.P. Crawford,SEA,COL,2026-09-20T19:10:00Z,Scheduled,1,Tomoyuki Sugano,608372,R,52.8,Longshot,Watch List,"Projected Lineup, Premium Lineup Spot, Platoon Edge, Hot Hitter/Streak",21.8,69.2,38.7,88.7,80.0,70.9,No,No,1,Yes,Yes,RotoWire projected lineup; MLB probable pitchers,lineup projected / unconfirmed,H:2026/2025 P:2026/2025,,,Direct BvP not yet weighted; 2026/2025 Statcast baseline active,7,7,31,3,Hot streak: 3 HR in last 7 games,"platoon edge; pitcher baseline 11.9% barrel, 31.6 HR allowed",neutral batted-ball profile; pitcher allows elevated contact,5.95,34.42,87.62,98.0568,0.3727,0.1249,0.3266,71.28,18.6,35.07,22.33,12.7,0.1246,11.94,42.18,90.7,0.5401,0.2385,30.14,,,Coors Field,
42,673548,Seiya Suzuki,CHC,CIN,2026-09-20T17:40:00Z,Scheduled,2,Rhett Lowder,695076,R,52.7,Longshot,Watch List,"Projected Lineup, Strong Barrel, Premium Lineup Spot",47.2,53.1,39.3,95.5,50.0,13.3,No,No,2,Yes,Yes,RotoWire projected lineup; MLB probable pitchers,lineup projected / unconfirmed,H:2026/2025 P:2026,,,Direct BvP not yet weighted; 2026/2025 Statcast baseline active,7,5,24,0,"Last 7 games: 5/24, 0 HR","same-side matchup; pitcher baseline 9.8% barrel, 18.0 HR allowed",neutral batted-ball profile; pitcher fly-ball pressure modest,12.33,41.98,89.41,100.9961,0.4429,0.198,0.3415,73.37,37.39,41.69,31.97,26.4,0.2106,9.8,38.9,90.1,0.463,0.192,27.6,,,Great American Ball Park,
43,676369,Nelson Velazquez,HOU,ATL,2026-09-20T18:10:00Z,Scheduled,9,Martín Pérez,527048,L,52.7,Longshot,Watch List,"Projected Lineup, Strong Barrel, Platoon Edge",73.3,37.7,27.6,40.2,78.0,53.3,No,No,9,Yes,Yes,RotoWire projected lineup; MLB probable pitchers,lineup projected / unconfirmed,H:2026 P:2026/2025,,,Direct BvP not yet weighted; 2026/2025 Statcast baseline active,7,3,13,2,Hot streak: 2 HR in last 7 games,"platoon edge; pitcher baseline 7.9% barrel, 10.9 HR allowed",lift-pull EV profile; pitcher fly-ball pressure modest,14.3,63.5,95.0,103.292,0.504,0.263,0.347,74.7,52.7,44.4,38.1,6.0,0.227,7.93,37.16,88.06,0.4213,0.1618,24.69,,,Daikin Park,
44,664023,Ian Happ,CHC,CIN,2026-09-20T17:40:00Z,Scheduled,5,Rhett Lowder,695076,R,52.5,Longshot,Watch List,"Projected Lineup, Strong Barrel, Platoon Edge",44.0,51.1,39.3,81.9,75.0,32.5,No,No,5,Yes,Yes,RotoWire projected lineup; MLB probable pitchers,lineup projected / unconfirmed,H:2026/2025 P:2026,,,Direct BvP not yet weighted; 2026/2025 Statcast baseline active,7,3,14,1,"Last 7 games: 3/14, 1 HR","switch hitter; pitcher baseline 9.8% barrel, 18.0 HR allowed",neutral batted-ball profile; pitcher fly-ball pressure modest,11.17,43.07,89.65,100.7616,0.415,0.1923,0.3281,71.74,17.94,44.82,31.55,23.7,0.1903,9.8,38.9,90.1,0.463,0.192,27.6,,,Great American Ball Park,
45,606192,Teoscar Hernandez,LAD,SF,2026-09-20T20:10:00Z,Scheduled,5,Matt Wilkinson,683363,L,52.5,Longshot,Watch List,"Projected Lineup, Strong Barrel, Platoon Edge",45.8,50.9,27.6,81.9,78.0,52.0,No,No,5,Yes,Yes,RotoWire projected lineup; MLB probable pitchers,lineup projected / unconfirmed,H:2026/2025 P:2026,,,Direct BvP not yet weighted; 2026/2025 Statcast baseline active,7,6,27,2,Hot streak: 2 HR in last 7 games,"platoon edge; pitcher baseline 7.7% barrel, 4.0 HR allowed",neutral batted-ball profile; pitcher allows elevated contact,10.94,45.33,90.27,101.6301,0.4427,0.1878,0.331,72.62,26.67,35.34,28.54,18.0,0.1741,7.7,49.2,91.0,0.444,0.187,32.3,,,UNIQLO Field at Dodger Stadium,
46,682674,Victor Bericoto,SF,LAD,2026-09-20T20:10:00Z,Scheduled,2,,,,52.2,Longshot,Watch List,"Projected Lineup, Strong Barrel, Premium Lineup Spot",53.5,41.2,27.6,95.5,60.0,35.6,No,No,2,Yes,Yes,RotoWire projected lineup; MLB probable pitchers,lineup projected / unconfirmed,H:2026 P:,,,Direct BvP not yet weighted; 2026/2025 Statcast baseline active,7,4,17,1,"Last 7 games: 4/17, 1 HR","handedness incomplete; pitcher baseline 0.0% barrel, 0.0 HR allowed",neutral batted-ball profile; pitcher fly-ball pressure modest,12.7,49.2,90.2,100.3441,0.44,0.22,0.282,74.8,53.4,36.5,28.6,4.0,0.173,,,,,,,,,UNIQLO Field at Dodger Stadium,
47,701538,Jackson Merrill,SD,MIA,2026-09-20T20:10:00Z,Scheduled,5,Sandy Alcantara,645261,R,52.2,Longshot,Watch List,"Projected Lineup, Strong Barrel, Platoon Edge",55.2,36.9,22.6,81.9,80.0,60.3,No,No,5,Yes,Yes,RotoWire projected lineup; MLB probable pitchers,lineup projected / unconfirmed,H:2026/2025 P:2026/2025,,,Direct BvP not yet weighted; 2026/2025 Statcast baseline active,7,12,30,1,Contact streak: 12/30 over last 7 games,"platoon edge; pitcher baseline 6.6% barrel, 22.7 HR allowed",neutral batted-ball profile; pitcher fly-ball pressure modest,12.79,47.31,91.03,101.2385,0.4956,0.2263,0.3498,72.95,28.03,37.49,30.41,23.0,0.1923,6.64,38.77,89.23,0.3982,0.1428,24.94,,,Petco Park,
48,665487,Fernando Tatis,SD,MIA,2026-09-20T20:10:00Z,Scheduled,1,Sandy Alcantara,645261,R,52.1,Longshot,Watch List,"Projected Lineup, Strong Barrel, Premium Lineup Spot, Hot Hitter/Streak",57.7,36.9,22.6,88.7,50.0,77.0,No,No,1,Yes,Yes,RotoWire projected lineup; MLB probable pitchers,lineup projected / unconfirmed,H:2026/2025 P:2026/2025,,,Direct BvP not yet weighted; 2026/2025 Statcast baseline active,7,8,30,3,Hot streak: 3 HR in last 7 games,"same-side matchup; pitcher baseline 6.6% barrel, 22.7 HR allowed",EV profile; pitcher fly-ball pressure modest,12.19,53.2,93.09,104.4834,0.4929,0.2044,0.3749,75.65,58.05,34.73,22.29,23.6,0.1766,6.64,38.77,89.23,0.3982,0.1428,24.94,,,Petco Park,
49,666176,Jo Adell,CLE,ATH,2026-09-20T17:40:00Z,Scheduled,4,Jack Perkins,678022,R,51.8,Longshot,Watch List,"Projected Lineup, Strong Barrel, Premium Lineup Spot",52.7,41.0,27.6,90.4,50.0,65.2,No,No,4,Yes,Yes,RotoWire projected lineup; MLB probable pitchers,lineup projected / unconfirmed,H:2026/2025 P:2026/2025,,,Direct BvP not yet weighted; 2026/2025 Statcast baseline active,7,9,29,2,Hot streak: 2 HR in last 7 games,"same-side matchup; pitcher baseline 9.2% barrel, 15.2 HR allowed",neutral batted-ball profile; pitcher allows elevated contact,11.49,45.8,90.65,102.9391,0.4741,0.2155,0.3384,77.39,72.04,39.61,27.28,26.5,0.1881,9.18,36.86,87.94,0.3769,0.1503,33.12,,,Progressive Field,
50,575929,Willson Contreras,BOS,TB,2026-09-20T17:40:00Z,Scheduled,4,Griffin Jax,643377,R,51.8,Longshot,Watch List,"Projected Lineup, Strong Barrel, Premium Lineup Spot",56.1,43.0,27.6,90.4,50.0,34.4,No,No,4,Yes,Yes,RotoWire projected lineup; MLB probable pitchers,lineup projected / unconfirmed,H:2026/2025 P:2026/2025,,,Direct BvP not yet weighted; 2026/2025 Statcast baseline active,7,5,22,1,"Last 7 games: 5/22, 1 HR","same-side matchup; pitcher baseline 9.3% barrel, 12.6 HR allowed",neutral batted-ball profile; pitcher fly-ball pressure modest,13.55,45.5,90.04,102.6393,0.4866,0.2303,0.3713,76.7,68.24,46.1,28.35,24.9,0.2264,9.26,41.51,88.99,0.3993,0.1534,23.37,,,Tropicana Field,
51,605141,Mookie Betts,LAD,SF,2026-09-20T20:10:00Z,Scheduled,1,Matt Wilkinson,683363,L,51.8,Longshot,Watch List,"Projected Lineup, Premium Lineup Spot, Platoon Edge, Hot Hitter/Streak",33.5,50.9,27.6,88.7,78.0,100.0,No,No,1,Yes,Yes,RotoWire projected lineup; MLB probable pitchers,lineup projected / unconfirmed,H:2026/2025 P:2026,,,Direct BvP not yet weighted; 2026/2025 Statcast baseline active,7,13,27,3,Hot streak: 3 HR in last 7 games,"platoon edge; pitcher baseline 7.7% barrel, 4.0 HR allowed",neutral batted-ball profile; pitcher allows elevated contact,7.32,37.69,90.01,98.5432,0.4325,0.1574,0.3363,69.53,8.6,40.66,33.38,21.4,0.1788,7.7,49.2,91.0,0.444,0.187,32.3,,,UNIQLO Field at Dodger Stadium,
52,547180,Bryce Harper,PHI,NYM,2026-09-20T17:10:00Z,Scheduled,3,Jonah Tong,804636,R,51.6,Longshot,Watch List,"Projected Lineup, Strong Barrel, Premium Lineup Spot, Platoon Edge",50.6,37.3,24.8,92.1,80.0,43.2,No,No,3,Yes,Yes,RotoWire projected lineup; MLB probable pitchers,lineup projected / unconfirmed,H:2026/2025 P:2026/2025,,,Direct BvP not yet weighted; 2026/2025 Statcast baseline active,7,8,28,1,"Last 7 games: 8/28, 1 HR","platoon edge; pitcher baseline 8.9% barrel, 2.3 HR allowed",neutral batted-ball profile; pitcher allows elevated contact,11.25,44.91,90.6,101.7877,0.4885,0.2184,0.3785,74.17,45.29,38.61,27.03,27.7,0.2232,8.91,34.64,89.58,0.3604,0.1456,33.31,,,Citi Field,
53,677951,Bobby Witt,KC,PIT,2026-09-20T17:35:00Z,Scheduled,2,Lake Bachar,669199,R,51.3,Longshot,Watch List,"Projected Lineup, Strong Barrel, Premium Lineup Spot",56.0,42.7,24.3,95.5,50.0,20.9,No,No,2,Yes,Yes,RotoWire projected lineup; MLB probable pitchers,lineup projected / unconfirmed,H:2026/2025 P:2026/2025,,,Direct BvP not yet weighted; 2026/2025 Statcast baseline active,7,7,27,0,"Last 7 games: 7/27, 0 HR","same-side matchup; pitcher baseline 8.9% barrel, 12.1 HR allowed",EV profile; pitcher allows elevated contact,11.94,49.62,92.6,103.4285,0.5045,0.2101,0.3741,73.95,42.44,30.94,27.62,19.5,0.1766,8.88,36.32,89.39,0.3822,0.1717,31.85,,,PNC Park,
54,663886,Tyler Stephenson,CIN,CHC,2026-09-20T17:40:00Z,Scheduled,4,,,,51.3,Longshot,Watch List,"Projected Lineup, Strong Barrel, Premium Lineup Spot",50.0,41.2,39.3,90.4,60.0,19.5,No,No,4,Yes,Yes,RotoWire projected lineup; MLB probable pitchers,lineup projected / unconfirmed,H:2026/2025 P:,,,Direct BvP not yet weighted; 2026/2025 Statcast baseline active,7,5,20,0,"Last 7 games: 5/20, 0 HR","handedness incomplete; pitcher baseline 0.0% barrel, 0.0 HR allowed",neutral batted-ball profile; pitcher fly-ball pressure modest,13.17,46.05,90.85,100.4768,0.4277,0.1963,0.325,70.45,6.65,36.59,33.43,14.4,0.1753,,,,,,,,,Great American Ball Park,
55,660670,Ronald Acuna,ATL,HOU,2026-09-20T18:10:00Z,Scheduled,2,Hunter Brown,686613,R,51.3,Longshot,Watch List,"Projected Lineup, Strong Barrel, Premium Lineup Spot, Hot Hitter/Streak",58.6,21.9,27.6,95.5,50.0,93.9,No,No,2,Yes,Yes,RotoWire projected lineup; MLB probable pitchers,lineup projected / unconfirmed,H:2026/2025 P:2026/2025,,,Direct BvP not yet weighted; 2026/2025 Statcast baseline active,7,11,29,4,Hot streak: 4 HR in last 7 games,"same-side matchup; pitcher baseline 6.1% barrel, 12.8 HR allowed",neutral batted-ball profile; pitcher fly-ball pressure modest,13.67,46.9,90.74,103.1076,0.5035,0.2419,0.3739,75.91,62.11,36.3,28.23,19.6,0.2077,6.11,35.56,86.31,0.3229,0.1192,23.09,,,Daikin Park,
56,678246,Miguel Vargas,CWS,DET,2026-09-20T18:10:00Z,Scheduled,3,Troy Melton,675512,R,51.3,Longshot,Watch List,"Projected Lineup, Strong Barrel, Premium Lineup Spot, Hot Hitter/Streak",50.9,36.6,27.6,92.1,50.0,85.0,No,No,3,Yes,Yes,RotoWire projected lineup; MLB probable pitchers,lineup projected / unconfirmed,H:2026/2025 P:2026/2025,,,Direct BvP not yet weighted; 2026/2025 Statcast baseline active,7,8,25,3,Hot streak: 3 HR in last 7 games,"same-side matchup; pitcher baseline 6.9% barrel, 11.2 HR allowed",fly-ball profile; pitcher fly-ball pressure modest,12.13,43.09,90.05,100.221,0.4735,0.2172,0.3603,72.91,33.23,44.42,35.24,27.2,0.2097,6.92,40.94,89.4,0.3801,0.1519,25.26,,,Rate Field,
57,802139,JJ Wetherholt,STL,WSH,2026-09-20T18:15:00Z,Scheduled,1,Jake Irvin,663623,R,51.2,Longshot,Watch List,"Projected Lineup, Premium Lineup Spot, Platoon Edge",39.2,62.1,22.1,88.7,80.0,9.3,No,No,1,Yes,Yes,RotoWire projected lineup; MLB probable pitchers,lineup projected / unconfirmed,H:2026 P:2026/2025,,,Direct BvP not yet weighted; 2026/2025 Statcast baseline active,7,4,22,0,"Last 7 games: 4/22, 0 HR","platoon edge; pitcher baseline 11.2% barrel, 23.3 HR allowed",neutral batted-ball profile; pitcher fly-ball pressure modest,7.5,44.8,89.9,99.4356,0.437,0.182,0.349,71.9,19.6,36.3,29.6,17.0,0.127,11.23,45.7,89.7,0.4693,0.2127,29.23,,,Busch Stadium,
58,641355,Cody Bellinger,NYY,AZ,2026-09-20T20:10:00Z,Scheduled,2,Corbin Burnes,669203,R,51.2,Longshot,Watch List,"Projected Lineup, Premium Lineup Spot, Platoon Edge",30.7,54.5,28.2,95.5,80.0,63.7,No,No,2,Yes,Yes,RotoWire projected lineup; MLB probable pitchers,lineup projected / unconfirmed,H:2026/2025 P:2026/2025,,,Direct BvP not yet weighted; 2026/2025 Statcast baseline active,7,9,30,2,Hot streak: 2 HR in last 7 games,"platoon edge; pitcher baseline 11.2% barrel, 3.5 HR allowed",neutral batted-ball profile; pitcher allows elevated contact,6.87,37.9,88.93,98.5608,0.4201,0.1519,0.3356,69.89,4.96,44.08,31.71,19.9,0.1793,11.18,38.73,90.34,0.4081,0.1839,43.67,,,Chase Field,
59,672960,Kazuma Okamoto,TOR,TEX,2026-09-20T18:35:00Z,Scheduled,6,Jacob deGrom,594798,R,50.9,Longshot,Watch List,"Projected Lineup, Strong Barrel",54.3,47.5,27.6,71.7,50.0,57.8,No,No,6,Yes,Yes,RotoWire projected lineup; MLB probable pitchers,lineup projected / unconfirmed,H:2026 P:2026/2025,,,Direct BvP not yet weighted; 2026/2025 Statcast baseline active,7,6,23,2,Hot streak: 2 HR in last 7 games,"same-side matchup; pitcher baseline 8.6% barrel, 21.8 HR allowed",neutral batted-ball profile; pitcher fly-ball pressure modest,13.6,44.4,90.7,101.3921,0.452,0.227,0.33,73.0,33.7,51.5,34.1,33.0,0.228,8.6,44.42,90.45,0.3798,0.1539,28.9,,,Globe Life Field,
60,677800,Wilyer Abreu,BOS,TB,2026-09-20T17:40:00Z,Scheduled,5,Griffin Jax,643377,R,50.8,Longshot,Watch List,"Projected Lineup, Strong Barrel, Platoon Edge",53.5,43.0,27.6,81.9,80.0,0.0,No,No,5,Yes,Yes,RotoWire projected lineup; MLB probable pitchers,lineup projected / unconfirmed,H:2026/2025 P:2026/2025,,,Direct BvP not yet weighted; 2026/2025 Statcast baseline active,7,3,26,0,"Last 7 games: 3/26, 0 HR","platoon edge; pitcher baseline 9.3% barrel, 12.6 HR allowed",fly-ball profile; pitcher fly-ball pressure modest,12.51,44.13,90.17,101.3802,0.4757,0.2236,0.3455,73.89,38.17,38.11,37.17,23.4,0.2087,9.26,41.51,88.99,0.3993,0.1534,23.37,,,Tropicana Field,
61,681715,Heriberto Hernandez,MIA,SD,2026-09-20T20:10:00Z,Scheduled,2,Walker Buehler,621111,R,50.8,Longshot,Watch List,"Projected Lineup, Strong Barrel, Premium Lineup Spot",53.5,43.0,22.6,95.5,50.0,32.0,No,No,2,Yes,Yes,RotoWire projected lineup; MLB probable pitchers,lineup projected / unconfirmed,H:2026/2025 P:2026/2025,,,Direct BvP not yet weighted; 2026/2025 Statcast baseline active,7,10,30,0,Contact streak: 10/30 over last 7 games,"same-side matchup; pitcher baseline 8.6% barrel, 20.6 HR allowed",neutral batted-ball profile; pitcher fly-ball pressure modest,12.47,46.8,90.9,101.6507,0.4637,0.218,0.3445,74.07,43.92,46.4,30.48,19.8,0.2028,8.59,38.15,88.88,0.4171,0.1645,23.44,,,Petco Park,
62,695578,James Wood,WSH,STL,2026-09-20T18:15:00Z,Scheduled,1,Quinn Mathews,687273,L,50.7,Longshot,Watch List,"Projected Lineup, Elite Power, Strong Barrel, Premium Lineup Spot",79.1,12.9,22.1,88.7,50.0,25.8,No,No,1,Yes,Yes,RotoWire projected lineup; MLB probable pitchers,lineup projected / unconfirmed,H:2026/2025 P:2026,,,Direct BvP not yet weighted; 2026/2025 Statcast baseline active,7,7,24,0,"Last 7 games: 7/24, 0 HR","same-side matchup; pitcher baseline 2.8% barrel, 3.0 HR allowed",EV profile; pitcher fly-ball pressure modest,18.71,57.77,94.93,106.3067,0.5441,0.2743,0.3967,76.63,66.71,32.78,24.31,30.3,0.2428,2.8,32.1,87.7,0.321,0.085,25.7,,,Busch Stadium,
63,608369,Corey Seager,TEX,TOR,2026-09-20T18:35:00Z,Scheduled,2,Spencer Miles,693686,R,50.7,Longshot,Watch List,"Projected Lineup, Strong Barrel, Premium Lineup Spot, Platoon Edge",62.1,11.9,27.6,95.5,80.0,52.1,No,No,2,Yes,Yes,RotoWire projected lineup; MLB probable pitchers,lineup projected / unconfirmed,H:2026/2025 P:2026,,,Direct BvP not yet weighted; 2026/2025 Statcast baseline active,7,10,29,1,Contact streak: 10/29 over last 7 games,"platoon edge; pitcher baseline 3.5% barrel, 5.0 HR allowed",lift-pull EV profile; pitcher fly-ball pressure modest,14.81,49.75,92.13,102.5964,0.5095,0.2476,0.3678,71.8,15.09,40.71,31.13,18.9,0.2048,3.5,34.5,86.8,0.32,0.091,19.8,,,Globe Life Field,
64,694192,Jackson Chourio,MIL,BAL,2026-09-20T23:20:00Z,Scheduled,2,Brandon Young,687064,R,50.6,Longshot,Watch List,"Projected Lineup, Strong Barrel, Premium Lineup Spot",50.3,43.1,32.1,95.5,50.0,20.3,No,No,2,Yes,Yes,RotoWire projected lineup; MLB probable pitchers,lineup projected / unconfirmed,H:2026/2025 P:2026/2025,,,Direct BvP not yet weighted; 2026/2025 Statcast baseline active,7,4,30,1,"Last 7 games: 4/30, 1 HR","same-side matchup; pitcher baseline 7.8% barrel, 18.3 HR allowed",neutral batted-ball profile; pitcher fly-ball pressure modest,11.59,45.59,90.98,101.9385,0.4603,0.2014,0.3322,74.25,44.73,31.29,29.13,23.1,0.1972,7.75,40.17,89.33,0.4159,0.1651,26.73,,,Oriole Park at Camden Yards,
65,666018,Jonathan Aranda,TB,BOS,2026-09-20T17:40:00Z,Scheduled,2,Patrick Sandoval,663776,L,50.3,Longshot,Watch List,"Projected Lineup, Strong Barrel, Premium Lineup Spot, Hot Hitter/Streak",48.7,34.3,27.6,95.5,50.0,79.9,No,No,2,Yes,Yes,RotoWire projected lineup; MLB probable pitchers,lineup projected / unconfirmed,H:2026/2025 P:2026,,,Direct BvP not yet weighted; 2026/2025 Statcast baseline active,7,8,28,3,Hot streak: 3 HR in last 7 games,"same-side matchup; pitcher baseline 6.9% barrel, 6.0 HR allowed",neutral batted-ball profile; pitcher fly-ball pressure modest,10.66,48.34,91.67,101.2024,0.4639,0.1967,0.3568,70.36,13.11,33.34,29.99,18.9,0.1632,6.9,36.0,87.8,0.442,0.163,25.7,,,Tropicana Field,
66,686948,Drake Baldwin,ATL,HOU,2026-09-20T18:10:00Z,Scheduled,1,Hunter Brown,686613,R,50.2,Longshot,Watch List,"Projected Lineup, Strong Barrel, Premium Lineup Spot, Platoon Edge",55.9,21.9,27.6,88.7,80.0,55.3,No,No,1,Yes,Yes,RotoWire projected lineup; MLB probable pitchers,lineup projected / unconfirmed,H:2026/2025 P:2026/2025,,,Direct BvP not yet weighted; 2026/2025 Statcast baseline active,7,11,30,1,Contact streak: 11/30 over last 7 games,"platoon edge; pitcher baseline 6.1% barrel, 12.8 HR allowed",neutral batted-ball profile; pitcher fly-ball pressure modest,12.19,50.16,91.56,102.1232,0.4919,0.2171,0.3621,75.37,56.79,32.36,25.88,22.5,0.1817,6.11,35.56,86.31,0.3229,0.1192,23.09,,,Daikin Park,
67,624424,Michael Conforto,CHC,CIN,2026-09-20T17:40:00Z,Scheduled,7,Rhett Lowder,695076,R,50.1,Longshot,Watch List,"Projected Lineup, Strong Barrel, Platoon Edge",44.3,53.1,39.3,59.8,80.0,24.9,No,No,7,Yes,Yes,RotoWire projected lineup; MLB probable pitchers,lineup projected / unconfirmed,H:2026/2025 P:2026,,,Direct BvP not yet weighted; 2026/2025 Statcast baseline active,7,6,21,0,"Last 7 games: 6/21, 0 HR","platoon edge; pitcher baseline 9.8% barrel, 18.0 HR allowed",neutral batted-ball profile; pitcher fly-ball pressure modest,10.54,41.97,90.11,100.5817,0.4247,0.1896,0.3307,72.92,33.51,43.39,33.43,13.4,0.2012,9.8,38.9,90.1,0.463,0.192,27.6,,,Great American Ball Park,
68,687263,Zach Neto,LAA,MIN,2026-09-20T20:07:00Z,Scheduled,1,Dean Kremer,665152,R,50.1,Longshot,Watch List,"Projected Lineup, Strong Barrel, Premium Lineup Spot",48.1,47.7,28.2,88.7,50.0,31.6,No,No,1,Yes,Yes,RotoWire projected lineup; MLB probable pitchers,lineup projected / unconfirmed,H:2026/2025 P:2026/2025,,,Direct BvP not yet weighted; 2026/2025 Statcast baseline active,7,5,24,1,"Last 7 games: 5/24, 1 HR","same-side matchup; pitcher baseline 9.3% barrel, 18.5 HR allowed",neutral batted-ball profile; pitcher allows elevated contact,12.18,42.75,90.09,100.324,0.4341,0.2097,0.3216,71.4,15.23,47.27,34.4,26.0,0.2037,9.33,35.66,87.96,0.4419,0.1987,31.55,,,Angel Stadium,
69,668930,Brice Turang,MIL,BAL,2026-09-20T23:20:00Z,Scheduled,3,Brandon Young,687064,R,50.1,Longshot,Watch List,"Projected Lineup, Premium Lineup Spot, Platoon Edge",36.4,43.1,32.1,92.1,80.0,57.5,No,No,3,Yes,Yes,RotoWire projected lineup; MLB probable pitchers,lineup projected / unconfirmed,H:2026/2025 P:2026/2025,,,Direct BvP not yet weighted; 2026/2025 Statcast baseline active,7,8,21,1,Contact streak: 8/21 over last 7 games,"platoon edge; pitcher baseline 7.8% barrel, 18.3 HR allowed",neutral batted-ball profile; pitcher fly-ball pressure modest,7.72,43.34,90.54,100.3759,0.4276,0.1698,0.3427,70.25,13.55,27.79,23.64,18.7,0.1666,7.75,40.17,89.33,0.4159,0.1651,26.73,,,Oriole Park at Camden Yards,
70,553993,Eugenio Suarez,CIN,CHC,2026-09-20T17:40:00Z,Scheduled,5,,,,50.0,Longshot,Watch List,"Projected Lineup, Strong Barrel",44.0,41.2,39.3,81.9,60.0,56.2,No,No,5,Yes,Yes,RotoWire projected lineup; MLB probable pitchers,lineup projected / unconfirmed,H:2026/2025 P:,,,Direct BvP not yet weighted; 2026/2025 Statcast baseline active,7,6,24,2,Hot streak: 2 HR in last 7 games,"handedness incomplete; pitcher baseline 0.0% barrel, 0.0 HR allowed",neutral batted-ball profile; pitcher fly-ball pressure modest,12.69,39.13,88.94,99.9609,0.3951,0.1925,0.3046,72.23,23.63,47.05,34.39,31.5,0.2399,,,,,,,,,Great American Ball Park,
71,605137,Josh Bell,MIN,LAA,2026-09-20T20:07:00Z,Scheduled,5,Ryan Johnson,696270,R,49.9,Longshot,Watch List,"Projected Lineup, Strong Barrel, Platoon Edge",45.1,44.6,28.2,81.9,75.0,36.5,No,No,5,Yes,Yes,RotoWire projected lineup; MLB probable pitchers,lineup projected / unconfirmed,H:2026/2025 P:2026/2025,,,Direct BvP not yet weighted; 2026/2025 Statcast baseline active,7,7,29,1,"Last 7 games: 7/29, 1 HR","switch hitter; pitcher baseline 9.5% barrel, 13.8 HR allowed",neutral batted-ball profile; pitcher allows elevated contact,10.49,43.71,89.98,101.0503,0.457,0.2024,0.3408,72.33,28.36,40.94,27.2,20.6,0.1702,9.48,36.42,87.68,0.4332,0.1833,34.09,,,Angel Stadium,
72,661388,William Contreras,MIL,BAL,2026-09-20T23:20:00Z,Scheduled,4,Brandon Young,687064,R,49.7,Longshot,Watch List,"Projected Lineup, Premium Lineup Spot, Hot Hitter/Streak",40.1,43.1,32.1,90.4,50.0,83.6,No,No,4,Yes,Yes,RotoWire projected lineup; MLB probable pitchers,lineup projected / unconfirmed,H:2026/2025 P:2026/2025,,,Direct BvP not yet weighted; 2026/2025 Statcast baseline active,7,9,29,3,Hot streak: 3 HR in last 7 games,"same-side matchup; pitcher baseline 7.8% barrel, 18.3 HR allowed",neutral batted-ball profile; pitcher fly-ball pressure modest,7.87,45.84,90.75,101.7234,0.4287,0.1716,0.3336,73.41,36.72,35.76,24.43,17.0,0.1453,7.75,40.17,89.33,0.4159,0.1651,26.73,,,Oriole Park at Camden Yards,
73,680869,Zack Gelof,ATH,CLE,2026-09-20T17:40:00Z,Scheduled,5,Gavin Williams,668909,R,49.5,Longshot,Watch List,"Projected Lineup, Strong Barrel",41.5,54.2,27.6,81.9,50.0,53.3,No,No,5,Yes,Yes,RotoWire projected lineup; MLB probable pitchers,lineup projected / unconfirmed,H:2026/2025 P:2026/2025,,,Direct BvP not yet weighted; 2026/2025 Statcast baseline active,7,6,26,2,Hot streak: 2 HR in last 7 games,"same-side matchup; pitcher baseline 10.6% barrel, 25.8 HR allowed",neutral batted-ball profile; pitcher fly-ball pressure modest,10.61,44.12,89.15,99.8966,0.3844,0.1795,0.2855,73.29,26.94,39.11,28.85,13.9,0.1757,10.61,46.05,90.12,0.3973,0.1747,25.86,,,Progressive Field,
74,671218,Heliot Ramos,NYY,AZ,2026-09-20T20:10:00Z,Scheduled,7,Corbin Burnes,669203,R,49.4,Longshot,Watch List,"Projected Lineup, Strong Barrel",49.7,54.5,28.2,59.8,50.0,56.2,No,No,7,Yes,Yes,RotoWire projected lineup; MLB probable pitchers,lineup projected / unconfirmed,H:2026/2025 P:2026/2025,,,Direct BvP not yet weighted; 2026/2025 Statcast baseline active,7,5,20,2,Hot streak: 2 HR in last 7 games,"same-side matchup; pitcher baseline 11.2% barrel, 3.5 HR allowed",EV profile; pitcher allows elevated contact,12.09,48.52,92.08,103.0103,0.4331,0.182,0.3256,73.06,32.82,33.59,23.86,14.0,0.1524,11.18,38.73,90.34,0.4081,0.1839,43.67,,,Chase Field,
75,641857,Ryan McMahon,NYY,AZ,2026-09-20T20:10:00Z,Scheduled,6,Corbin Burnes,669203,R,49.2,Longshot,Watch List,"Projected Lineup, Platoon Edge",44.2,54.5,28.2,71.7,80.0,2.5,No,No,6,Yes,Yes,RotoWire projected lineup; MLB probable pitchers,lineup projected / unconfirmed,H:2026/2025 P:2026/2025,,,Direct BvP not yet weighted; 2026/2025 Statcast baseline active,7,3,22,0,"Last 7 games: 3/22, 0 HR","platoon edge; pitcher baseline 11.2% barrel, 3.5 HR allowed",neutral batted-ball profile; pitcher allows elevated contact,9.79,46.58,91.34,101.6952,0.3882,0.1639,0.3024,74.42,45.85,41.06,31.12,13.0,0.1453,11.18,38.73,90.34,0.4081,0.1839,43.67,,,Chase Field,
76,804668,Rafael Flores,PIT,KC,2026-09-20T17:35:00Z,Scheduled,7,Michael Wacha,608379,R,49.1,Longshot,Watch List,"Projected Lineup, Strong Barrel",62.0,37.3,24.3,59.8,50.0,63.3,No,No,7,Yes,Yes,RotoWire projected lineup; MLB probable pitchers,lineup projected / unconfirmed,H:2026/2025 P:2026/2025,,,Direct BvP not yet weighted; 2026/2025 Statcast baseline active,7,10,23,1,Contact streak: 10/23 over last 7 games,"same-side matchup; pitcher baseline 7.0% barrel, 23.4 HR allowed",fly-ball profile; pitcher fly-ball pressure modest,13.41,51.72,91.79,102.2545,0.4916,0.2423,0.347,73.75,38.2,39.7,37.78,6.3,0.2107,6.98,35.72,87.92,0.4081,0.1633,28.95,,,PNC Park,
77,691777,Max Muncy,LAD,SF,2026-09-20T20:10:00Z,Scheduled,4,Matt Wilkinson,683363,L,48.9,Longshot,Watch List,"Projected Lineup, Strong Barrel, Premium Lineup Spot, Platoon Edge",35.1,50.9,27.6,90.4,78.0,26.1,No,No,4,Yes,Yes,RotoWire projected lineup; MLB probable pitchers,lineup projected / unconfirmed,H:2026/2025 P:2026,,,Direct BvP not yet weighted; 2026/2025 Statcast baseline active,7,5,17,0,"Last 7 games: 5/17, 0 HR","platoon edge; pitcher baseline 7.7% barrel, 4.0 HR allowed",neutral batted-ball profile; pitcher allows elevated contact,10.52,40.17,88.5,100.9708,0.3621,0.1493,0.2817,73.8,42.11,43.52,22.51,9.0,0.1594,7.7,49.2,91.0,0.444,0.187,32.3,,,UNIQLO Field at Dodger Stadium,
78,665489,Vladimir Guerrero,TOR,TEX,2026-09-20T18:35:00Z,Scheduled,3,Jacob deGrom,594798,R,48.8,Longshot,Watch List,"Projected Lineup, Premium Lineup Spot",41.0,47.5,27.6,92.1,50.0,46.5,No,No,3,Yes,Yes,RotoWire projected lineup; MLB probable pitchers,lineup projected / unconfirmed,H:2026/2025 P:2026/2025,,,Direct BvP not yet weighted; 2026/2025 Statcast baseline active,7,8,26,1,"Last 7 games: 8/26, 1 HR","same-side matchup; pitcher baseline 8.6% barrel, 21.8 HR allowed",neutral batted-ball profile; pitcher fly-ball pressure modest,8.63,46.5,90.95,103.414,0.4367,0.1472,0.3504,76.42,64.17,35.39,19.24,13.2,0.1211,8.6,44.42,90.45,0.3798,0.1539,28.9,,,Globe Life Field,
79,647304,Josh Naylor,SEA,COL,2026-09-20T19:10:00Z,Scheduled,6,Tomoyuki Sugano,608372,R,48.7,Longshot,Watch List,"Projected Lineup, Platoon Edge",22.6,69.2,38.7,71.7,80.0,32.0,No,No,6,Yes,Yes,RotoWire projected lineup; MLB probable pitchers,lineup projected / unconfirmed,H:2026/2025 P:2026/2025,,,Direct BvP not yet weighted; 2026/2025 Statcast baseline active,7,10,30,0,Contact streak: 10/30 over last 7 games,"platoon edge; pitcher baseline 11.9% barrel, 31.6 HR allowed",neutral batted-ball profile; pitcher allows elevated contact,5.16,37.77,87.66,98.9902,0.3991,0.1282,0.3187,70.34,11.82,41.29,22.22,13.0,0.1145,11.94,42.18,90.7,0.5401,0.2385,30.14,,,Coors Field,
80,800050,Chase DeLauter,CLE,ATH,2026-09-20T17:40:00Z,Scheduled,2,Jack Perkins,678022,R,48.5,Longshot,Watch List,"Projected Lineup, Premium Lineup Spot, Platoon Edge",34.4,41.0,27.6,95.5,80.0,52.0,No,No,2,Yes,Yes,RotoWire projected lineup; MLB probable pitchers,lineup projected / unconfirmed,H:2026 P:2026/2025,,,Direct BvP not yet weighted; 2026/2025 Statcast baseline active,7,6,27,2,Hot streak: 2 HR in last 7 games,"platoon edge; pitcher baseline 9.2% barrel, 15.2 HR allowed",neutral batted-ball profile; pitcher allows elevated contact,6.1,46.1,91.3,101.2802,0.424,0.148,0.344,71.5,18.7,37.8,19.3,14.0,0.163,9.18,36.86,87.94,0.3769,0.1503,33.12,,,Progressive Field,
81,543807,George Springer,TOR,TEX,2026-09-20T18:35:00Z,Scheduled,2,Jacob deGrom,594798,R,48.4,Longshot,Watch List,"Projected Lineup, Premium Lineup Spot",39.5,47.5,27.6,95.5,50.0,39.2,No,No,2,Yes,Yes,RotoWire projected lineup; MLB probable pitchers,lineup projected / unconfirmed,H:2026/2025 P:2026/2025,,,Direct BvP not yet weighted; 2026/2025 Statcast baseline active,7,7,27,1,"Last 7 games: 7/27, 1 HR","same-side matchup; pitcher baseline 8.6% barrel, 21.8 HR allowed",neutral batted-ball profile; pitcher fly-ball pressure modest,9.41,41.09,88.95,100.3207,0.4352,0.1827,0.3354,73.31,36.21,41.37,26.86,20.1,0.188,8.6,44.42,90.45,0.3798,0.1539,28.9,,,Globe Life Field,
82,703607,Henry Bolte,ATH,CLE,2026-09-20T17:40:00Z,Scheduled,1,Gavin Williams,668909,R,48.3,Longshot,Watch List,"Projected Lineup, Premium Lineup Spot",38.0,54.2,27.6,88.7,50.0,32.9,No,No,1,Yes,Yes,RotoWire projected lineup; MLB probable pitchers,lineup projected / unconfirmed,H:2026 P:2026/2025,,,Direct BvP not yet weighted; 2026/2025 Statcast baseline active,7,5,23,1,"Last 7 games: 5/23, 1 HR","same-side matchup; pitcher baseline 10.6% barrel, 25.8 HR allowed",neutral batted-ball profile; pitcher fly-ball pressure modest,8.1,48.1,90.9,104.3737,0.374,0.129,0.318,76.9,71.5,32.0,15.8,11.0,0.126,10.61,46.05,90.12,0.3973,0.1747,25.86,,,Progressive Field,
83,701678,Hao-Yu Lee,DET,CWS,2026-09-20T18:10:00Z,Scheduled,2,Davis Martin,663436,R,48.3,Longshot,Watch List,"Projected Lineup, Premium Lineup Spot, Hot Hitter/Streak",36.3,44.8,27.6,95.5,50.0,71.9,No,No,2,Yes,Yes,RotoWire projected lineup; MLB probable pitchers,lineup projected / unconfirmed,H:2026 P:2026/2025,,,Direct BvP not yet weighted; 2026/2025 Statcast baseline active,7,11,31,2,Hot streak: 2 HR in last 7 games,"same-side matchup; pitcher baseline 7.4% barrel, 15.8 HR allowed",neutral batted-ball profile; pitcher fly-ball pressure modest,9.0,41.0,89.5,100.3183,0.401,0.167,0.303,71.6,22.9,27.5,26.1,10.0,0.168,7.42,44.67,90.42,0.4293,0.1573,23.97,,,Rate Field,
84,669357,Nolan Gorman,STL,WSH,2026-09-20T18:15:00Z,Scheduled,7,Jake Irvin,663623,R,48.2,Longshot,Watch List,"Projected Lineup, Platoon Edge",40.7,62.1,22.1,59.8,80.0,19.5,No,No,7,Yes,Yes,RotoWire projected lineup; MLB probable pitchers,lineup projected / unconfirmed,H:2026/2025 P:2026/2025,,,Direct BvP not yet weighted; 2026/2025 Statcast baseline active,7,4,16,0,"Last 7 games: 4/16, 0 HR","platoon edge; pitcher baseline 11.2% barrel, 23.3 HR allowed",fly-ball profile; pitcher fly-ball pressure modest,9.83,42.36,89.46,100.744,0.3671,0.1711,0.2848,73.26,30.59,43.97,37.89,10.5,0.1391,11.23,45.7,89.7,0.4693,0.2127,29.23,,,Busch Stadium,
85,668901,Mark Vientos,NYM,PHI,2026-09-20T17:10:00Z,Scheduled,5,Cristopher Sánchez,650911,L,48.1,Longshot,Watch List,"Projected Lineup, Strong Barrel, Platoon Edge",47.3,32.5,24.8,81.9,78.0,50.3,No,No,5,Yes,Yes,RotoWire projected lineup; MLB probable pitchers,lineup projected / unconfirmed,H:2026/2025 P:2026/2025,,,Direct BvP not yet weighted; 2026/2025 Statcast baseline active,7,5,15,1,Contact streak: 5/15 over last 7 games,"platoon edge; pitcher baseline 6.9% barrel, 15.5 HR allowed",neutral batted-ball profile; pitcher fly-ball pressure modest,10.73,46.37,90.21,101.212,0.4418,0.2038,0.3151,72.88,26.85,37.07,29.23,14.2,0.1849,6.89,40.64,89.07,0.3583,0.1249,16.62,,,Citi Field,
86,668804,Bryan Reynolds,PIT,KC,2026-09-20T17:35:00Z,Scheduled,3,Michael Wacha,608379,R,48.1,Longshot,Watch List,"Projected Lineup, Strong Barrel, Premium Lineup Spot, Platoon Edge",47.5,35.7,24.3,92.1,75.0,12.0,No,No,3,Yes,Yes,RotoWire projected lineup; MLB probable pitchers,lineup projected / unconfirmed,H:2026/2025 P:2026/2025,,,Direct BvP not yet weighted; 2026/2025 Statcast baseline active,7,6,30,0,"Last 7 games: 6/30, 0 HR","switch hitter; pitcher baseline 7.0% barrel, 23.4 HR allowed",neutral batted-ball profile; pitcher fly-ball pressure modest,11.01,47.4,90.99,101.9054,0.4456,0.1911,0.3492,72.62,27.81,39.31,25.81,16.7,0.1619,6.98,35.72,87.92,0.4081,0.1633,28.95,,,PNC Park,
87,671739,Michael Harris,ATL,HOU,2026-09-20T18:10:00Z,Scheduled,4,Hunter Brown,686613,R,48.1,Longshot,Watch List,"Projected Lineup, Premium Lineup Spot, Platoon Edge, Hot Hitter/Streak",44.9,21.9,27.6,90.4,80.0,81.6,No,No,4,Yes,Yes,RotoWire projected lineup; MLB probable pitchers,lineup projected / unconfirmed,H:2026/2025 P:2026/2025,,,Direct BvP not yet weighted; 2026/2025 Statcast baseline active,7,13,31,2,Hot streak: 2 HR in last 7 games,"platoon edge; pitcher baseline 6.1% barrel, 12.8 HR allowed",neutral batted-ball profile; pitcher fly-ball pressure modest,9.87,46.13,90.41,103.0351,0.4639,0.1816,0.3325,74.72,47.19,36.15,22.49,24.2,0.1866,6.11,35.56,86.31,0.3229,0.1192,23.09,,,Daikin Park,
88,694208,Moises Ballesteros,LAA,MIN,2026-09-20T20:07:00Z,Scheduled,5,Dean Kremer,665152,R,48.1,Longshot,Watch List,"Projected Lineup, Platoon Edge",35.2,47.7,28.2,81.9,80.0,43.2,No,No,5,Yes,Yes,RotoWire projected lineup; MLB probable pitchers,lineup projected / unconfirmed,H:2026/2025 P:2026/2025,,,Direct BvP not yet weighted; 2026/2025 Statcast baseline active,7,6,21,1,"Last 7 games: 6/21, 1 HR","platoon edge; pitcher baseline 9.3% barrel, 18.5 HR allowed",neutral batted-ball profile; pitcher allows elevated contact,8.38,43.87,90.29,100.8661,0.3888,0.1471,0.3109,72.36,29.58,34.36,21.07,6.9,0.1417,9.33,35.66,87.96,0.4419,0.1987,31.55,,,Angel Stadium,
89,592518,Manny Machado,SD,MIA,2026-09-20T20:10:00Z,Scheduled,3,Sandy Alcantara,645261,R,48.1,Longshot,Watch List,"Projected Lineup, Strong Barrel, Premium Lineup Spot",48.3,36.9,22.6,92.1,50.0,50.8,No,No,3,Yes,Yes,RotoWire projected lineup; MLB probable pitchers,lineup projected / unconfirmed,H:2026/2025 P:2026/2025,,,Direct BvP not yet weighted; 2026/2025 Statcast baseline active,7,6,28,2,Hot streak: 2 HR in last 7 games,"same-side matchup; pitcher baseline 6.6% barrel, 22.7 HR allowed",neutral batted-ball profile; pitcher fly-ball pressure modest,10.66,46.32,91.08,101.838,0.4453,0.1918,0.3393,74.64,44.79,39.31,28.5,27.7,0.1885,6.64,38.77,89.23,0.3982,0.1428,24.94,,,Petco Park,
90,690993,Colt Keith,DET,CWS,2026-09-20T18:10:00Z,Scheduled,3,Davis Martin,663436,R,48.0,Longshot,Watch List,"Projected Lineup, Premium Lineup Spot, Platoon Edge",35.9,44.8,27.6,92.1,80.0,22.0,No,No,3,Yes,Yes,RotoWire projected lineup; MLB probable pitchers,lineup projected / unconfirmed,H:2026/2025 P:2026/2025,,,Direct BvP not yet weighted; 2026/2025 Statcast baseline active,7,4,15,0,"Last 7 games: 4/15, 0 HR","platoon edge; pitcher baseline 7.4% barrel, 15.8 HR allowed",neutral batted-ball profile; pitcher fly-ball pressure modest,8.15,42.72,89.16,100.2997,0.4314,0.1625,0.3368,71.61,16.9,37.31,26.23,10.9,0.1514,7.42,44.67,90.42,0.4293,0.1573,23.97,,,Rate Field,
91,686469,Vinnie Pasquantino,KC,PIT,2026-09-20T17:35:00Z,Scheduled,6,Lake Bachar,669199,R,47.8,Longshot,Watch List,"Projected Lineup, Platoon Edge",41.3,42.7,24.3,71.7,80.0,60.7,No,No,6,Yes,Yes,RotoWire projected lineup; MLB probable pitchers,lineup projected / unconfirmed,H:2026/2025 P:2026/2025,,,Direct BvP not yet weighted; 2026/2025 Statcast baseline active,7,7,25,2,Hot streak: 2 HR in last 7 games,"platoon edge; pitcher baseline 8.9% barrel, 12.1 HR allowed",neutral batted-ball profile; pitcher allows elevated contact,9.47,42.6,90.2,100.3244,0.4357,0.1833,0.3326,71.17,15.38,44.68,29.98,18.7,0.1718,8.88,36.32,89.39,0.3822,0.1717,31.85,,,PNC Park,
92,665161,Jeremy Pena,HOU,ATL,2026-09-20T18:10:00Z,Scheduled,1,Martín Pérez,527048,L,47.8,Longshot,Watch List,"Projected Lineup, Premium Lineup Spot, Platoon Edge, Hot Hitter/Streak",32.5,37.7,27.6,88.7,78.0,88.9,No,No,1,Yes,Yes,RotoWire projected lineup; MLB probable pitchers,lineup projected / unconfirmed,H:2026/2025 P:2026/2025,,,Direct BvP not yet weighted; 2026/2025 Statcast baseline active,7,9,26,3,Hot streak: 3 HR in last 7 games,"platoon edge; pitcher baseline 7.9% barrel, 10.9 HR allowed",neutral batted-ball profile; pitcher fly-ball pressure modest,7.22,40.45,88.62,99.9557,0.4257,0.1571,0.3277,72.23,14.9,46.2,24.99,19.1,0.1891,7.93,37.16,88.06,0.4213,0.1618,24.69,,,Daikin Park,
93,805808,Kevin McGonigle,DET,CWS,2026-09-20T18:10:00Z,Scheduled,1,Davis Martin,663436,R,47.8,Longshot,Watch List,"Projected Lineup, Premium Lineup Spot, Platoon Edge",34.5,44.8,27.6,88.7,80.0,37.6,No,No,1,Yes,Yes,RotoWire projected lineup; MLB probable pitchers,lineup projected / unconfirmed,H:2026 P:2026/2025,,,Direct BvP not yet weighted; 2026/2025 Statcast baseline active,7,10,27,0,Contact streak: 10/27 over last 7 games,"platoon edge; pitcher baseline 7.4% barrel, 15.8 HR allowed",fly-ball profile; pitcher fly-ball pressure modest,7.2,37.4,88.0,98.4383,0.45,0.182,0.361,71.3,16.0,37.4,35.5,17.0,0.151,7.42,44.67,90.42,0.4293,0.1573,23.97,,,Rate Field,
94,671056,Ivan Herrera,STL,WSH,2026-09-20T18:15:00Z,Scheduled,2,Jake Irvin,663623,R,47.8,Longshot,Watch List,"Projected Lineup, Premium Lineup Spot",33.9,62.1,22.1,95.5,50.0,10.6,No,No,2,Yes,Yes,RotoWire projected lineup; MLB probable pitchers,lineup projected / unconfirmed,H:2026/2025 P:2026/2025,,,Direct BvP not yet weighted; 2026/2025 Statcast baseline active,7,4,21,0,"Last 7 games: 4/21, 0 HR","same-side matchup; pitcher baseline 11.2% barrel, 23.3 HR allowed",neutral batted-ball profile; pitcher fly-ball pressure modest,7.04,42.73,89.87,101.2817,0.4091,0.1537,0.343,73.81,42.37,36.75,19.38,16.9,0.1457,11.23,45.7,89.7,0.4693,0.2127,29.23,,,Busch Stadium,
95,679529,Spencer Torkelson,DET,CWS,2026-09-20T18:10:00Z,Scheduled,7,Davis Martin,663436,R,47.6,Longshot,Watch List,"Projected Lineup, Strong Barrel, Hot Hitter/Streak",48.0,44.8,27.6,59.8,50.0,80.0,No,No,7,Yes,Yes,RotoWire projected lineup; MLB probable pitchers,lineup projected / unconfirmed,H:2026/2025 P:2026/2025,,,Direct BvP not yet weighted; 2026/2025 Statcast baseline active,7,9,22,2,Hot streak: 2 HR in last 7 games,"same-side matchup; pitcher baseline 7.4% barrel, 15.8 HR allowed",fly-ball profile; pitcher fly-ball pressure modest,12.59,42.79,89.64,100.2177,0.4154,0.1971,0.32,73.14,25.95,48.05,35.97,26.1,0.2006,7.42,44.67,90.42,0.4293,0.1573,23.97,,,Rate Field,
96,518692,Freddie Freeman,LAD,SF,2026-09-20T20:10:00Z,Scheduled,2,Matt Wilkinson,683363,L,47.6,Longshot,Watch List,"Projected Lineup, Premium Lineup Spot",39.4,50.9,27.6,95.5,50.0,7.0,No,No,2,Yes,Yes,RotoWire projected lineup; MLB probable pitchers,lineup projected / unconfirmed,H:2026/2025 P:2026,,,Direct BvP not yet weighted; 2026/2025 Statcast baseline active,7,5,30,0,"Last 7 games: 5/30, 0 HR","same-side matchup; pitcher baseline 7.7% barrel, 4.0 HR allowed",neutral batted-ball profile; pitcher allows elevated contact,8.72,42.41,89.92,100.1423,0.4656,0.1825,0.3612,70.08,7.91,36.4,27.28,18.4,0.1664,7.7,49.2,91.0,0.444,0.187,32.3,,,UNIQLO Field at Dodger Stadium,
97,702284,Cole Young,SEA,COL,2026-09-20T19:10:00Z,Scheduled,7,Tomoyuki Sugano,608372,R,47.5,Longshot,Watch List,"Projected Lineup, Platoon Edge",23.7,69.2,38.7,59.8,80.0,34.9,No,No,7,Yes,Yes,RotoWire projected lineup; MLB probable pitchers,lineup projected / unconfirmed,H:2026/2025 P:2026/2025,,,Direct BvP not yet weighted; 2026/2025 Statcast baseline active,7,6,26,1,"Last 7 games: 6/26, 1 HR","platoon edge; pitcher baseline 11.9% barrel, 31.6 HR allowed",neutral batted-ball profile; pitcher allows elevated contact,5.25,36.07,88.09,98.8283,0.3795,0.131,0.3089,71.51,21.44,41.91,26.52,13.1,0.1262,11.94,42.18,90.7,0.5401,0.2385,30.14,,,Coors Field,
98,668723,Ryan Vilade,TB,BOS,2026-09-20T17:40:00Z,Scheduled,4,Patrick Sandoval,663776,L,47.4,Longshot,Watch List,"Projected Lineup, Premium Lineup Spot, Platoon Edge",44.9,34.3,27.6,90.4,78.0,10.1,No,No,4,Yes,Yes,RotoWire projected lineup; MLB probable pitchers,lineup projected / unconfirmed,H:2026/2025 P:2026,,,Direct BvP not yet weighted; 2026/2025 Statcast baseline active,7,3,16,0,"Last 7 games: 3/16, 0 HR","platoon edge; pitcher baseline 6.9% barrel, 6.0 HR allowed",neutral batted-ball profile; pitcher fly-ball pressure modest,8.79,50.57,91.7,102.6432,0.4061,0.1618,0.3223,75.91,58.56,24.15,25.03,7.7,0.1407,6.9,36.0,87.8,0.442,0.163,25.7,,,Tropicana Field,
99,663656,Kyle Tucker,LAD,SF,2026-09-20T20:10:00Z,Scheduled,6,Matt Wilkinson,683363,L,47.3,Longshot,Watch List,"Projected Lineup, Hot Hitter/Streak",35.2,50.9,27.6,71.7,50.0,95.7,No,No,6,Yes,Yes,RotoWire projected lineup; MLB probable pitchers,lineup projected / unconfirmed,H:2026/2025 P:2026,,,Direct BvP not yet weighted; 2026/2025 Statcast baseline active,7,9,23,3,Hot streak: 3 HR in last 7 games,"same-side matchup; pitcher baseline 7.7% barrel, 4.0 HR allowed",neutral batted-ball profile; pitcher allows elevated contact,7.93,38.23,89.26,98.8753,0.4235,0.1633,0.3454,71.58,20.73,43.31,34.03,18.5,0.1721,7.7,49.2,91.0,0.444,0.187,32.3,,,UNIQLO Field at Dodger Stadium,
100,664034,Ty France,SD,MIA,2026-09-20T20:10:00Z,Scheduled,4,Sandy Alcantara,645261,R,46.8,Longshot,Watch List,"Projected Lineup, Premium Lineup Spot",43.0,36.9,22.6,90.4,50.0,63.3,No,No,4,Yes,Yes,RotoWire projected lineup; MLB probable pitchers,lineup projected / unconfirmed,H:2026/2025 P:2026/2025,,,Direct BvP not yet weighted; 2026/2025 Statcast baseline active,7,15,31,1,Contact streak: 15/31 over last 7 games,"same-side matchup; pitcher baseline 6.6% barrel, 22.7 HR allowed",neutral batted-ball profile; pitcher fly-ball pressure modest,9.17,47.14,91.25,101.0377,0.4334,0.1765,0.3329,71.77,19.95,36.36,25.53,16.8,0.1849,6.64,38.77,89.23,0.3982,0.1428,24.94,,,Petco Park,
101,669224,Austin Wells,NYY,AZ,2026-09-20T20:10:00Z,Scheduled,8,Corbin Burnes,669203,R,46.8,Longshot,Watch List,"Projected Lineup, Platoon Edge, Hot Hitter/Streak",36.4,54.5,28.2,47.9,80.0,72.7,No,No,8,Yes,Yes,RotoWire projected lineup; MLB probable pitchers,lineup projected / unconfirmed,H:2026/2025 P:2026/2025,,,Direct BvP not yet weighted; 2026/2025 Statcast baseline active,7,5,21,3,Hot streak: 3 HR in last 7 games,"platoon edge; pitcher baseline 11.2% barrel, 3.5 HR allowed",neutral batted-ball profile; pitcher allows elevated contact,7.75,43.73,89.76,100.6833,0.362,0.1563,0.2896,72.91,27.88,44.7,34.05,14.7,0.1589,11.18,38.73,90.34,0.4081,0.1839,43.67,,,Chase Field,
102,608324,Alex Bregman,CHC,CIN,2026-09-20T17:40:00Z,Scheduled,4,Rhett Lowder,695076,R,46.7,Longshot,Watch List,"Projected Lineup, Premium Lineup Spot",28.5,53.1,39.3,90.4,50.0,30.3,No,No,4,Yes,Yes,RotoWire projected lineup; MLB probable pitchers,lineup projected / unconfirmed,H:2026/2025 P:2026,,,Direct BvP not yet weighted; 2026/2025 Statcast baseline active,7,5,25,1,"Last 7 games: 5/25, 1 HR","same-side matchup; pitcher baseline 9.8% barrel, 18.0 HR allowed",neutral batted-ball profile; pitcher fly-ball pressure modest,6.32,39.57,88.77,98.4059,0.3962,0.146,0.3265,70.09,4.94,47.56,27.37,23.6,0.1911,9.8,38.9,90.1,0.463,0.192,27.6,,,Great American Ball Park,
103,592885,Christian Yelich,MIL,BAL,2026-09-20T23:20:00Z,Scheduled,6,Brandon Young,687064,R,46.6,Longshot,Watch List,"Projected Lineup, Platoon Edge",38.3,43.1,32.1,71.7,80.0,31.4,No,No,6,Yes,Yes,RotoWire projected lineup; MLB probable pitchers,lineup projected / unconfirmed,H:2026/2025 P:2026/2025,,,Direct BvP not yet weighted; 2026/2025 Statcast baseline active,7,6,29,1,"Last 7 games: 6/29, 1 HR","platoon edge; pitcher baseline 7.8% barrel, 18.3 HR allowed",neutral batted-ball profile; pitcher fly-ball pressure modest,9.6,44.51,89.43,101.0398,0.4033,0.166,0.3167,73.23,32.39,34.1,19.09,16.4,0.1558,7.75,40.17,89.33,0.4159,0.1651,26.73,,,Oriole Park at Camden Yards,
104,521692,Salvador Perez,KC,PIT,2026-09-20T17:35:00Z,Scheduled,4,Lake Bachar,669199,R,46.5,Longshot,Watch List,"Projected Lineup, Strong Barrel, Premium Lineup Spot",46.9,42.7,24.3,90.4,50.0,0.0,No,No,4,Yes,Yes,RotoWire projected lineup; MLB probable pitchers,lineup projected / unconfirmed,H:2026/2025 P:2026/2025,,,Direct BvP not yet weighted; 2026/2025 Statcast baseline active,7,2,21,0,"Last 7 games: 2/21, 0 HR","same-side matchup; pitcher baseline 8.9% barrel, 12.1 HR allowed",neutral batted-ball profile; pitcher allows elevated contact,11.51,43.9,89.3,100.8169,0.4591,0.2072,0.3234,72.06,22.49,41.77,30.92,22.3,0.1666,8.88,36.32,89.39,0.3822,0.1717,31.85,,,PNC Park,
105,681393,Connor Norby,COL,SEA,2026-09-20T19:10:00Z,Scheduled,2,Kade Anderson,807739,L,46.5,Longshot,Watch List,"Projected Lineup, Premium Lineup Spot, Platoon Edge",30.2,33.7,38.7,95.5,78.0,45.0,No,No,2,Yes,Yes,RotoWire projected lineup; MLB probable pitchers,lineup projected / unconfirmed,H:2026/2025 P:2026,,,Direct BvP not yet weighted; 2026/2025 Statcast baseline active,7,13,29,0,Contact streak: 13/29 over last 7 games,"platoon edge; pitcher baseline 7.7% barrel, 4.0 HR allowed",fly-ball profile; pitcher fly-ball pressure modest,8.21,36.61,87.53,98.2076,0.3785,0.1543,0.3077,70.28,8.69,42.03,35.0,7.3,0.1387,7.7,39.7,87.5,0.404,0.14,25.6,,,Coors Field,
106,691019,Kyle Teel,CWS,DET,2026-09-20T18:10:00Z,Scheduled,2,Troy Melton,675512,R,46.4,Longshot,Watch List,"Projected Lineup, Strong Barrel, Premium Lineup Spot, Platoon Edge",39.2,36.6,27.6,95.5,80.0,0.0,No,No,2,Yes,Yes,RotoWire projected lineup; MLB probable pitchers,lineup projected / unconfirmed,H:2026/2025 P:2026/2025,,,Direct BvP not yet weighted; 2026/2025 Statcast baseline active,7,1,19,0,"Last 7 games: 1/19, 0 HR","platoon edge; pitcher baseline 6.9% barrel, 11.2 HR allowed",neutral batted-ball profile; pitcher fly-ball pressure modest,12.12,46.91,85.85,100.6176,0.3894,0.1692,0.3251,71.5,24.69,39.84,28.75,5.2,0.152,6.92,40.94,89.4,0.3801,0.1519,25.26,,,Rate Field,
107,621020,Dansby Swanson,CHC,CIN,2026-09-20T17:40:00Z,Scheduled,8,Rhett Lowder,695076,R,46.3,Longshot,Watch List,"Projected Lineup, Hot Hitter/Streak",38.9,53.1,39.3,47.9,50.0,71.6,No,No,8,Yes,Yes,RotoWire projected lineup; MLB probable pitchers,lineup projected / unconfirmed,H:2026/2025 P:2026,,,Direct BvP not yet weighted; 2026/2025 Statcast baseline active,7,6,17,2,Hot streak: 2 HR in last 7 games,"same-side matchup; pitcher baseline 9.8% barrel, 18.0 HR allowed",neutral batted-ball profile; pitcher fly-ball pressure modest,8.83,42.9,89.8,99.9214,0.414,0.1785,0.3177,71.32,8.47,46.78,29.12,19.8,0.1828,9.8,38.9,90.1,0.463,0.192,27.6,,,Great American Ball Park,
108,682626,Francisco Alvarez,NYM,PHI,2026-09-20T17:10:00Z,Scheduled,7,Cristopher Sánchez,650911,L,46.1,Longshot,Watch List,"Projected Lineup, Strong Barrel, Platoon Edge",53.7,32.5,24.8,59.8,78.0,29.2,No,No,7,Yes,Yes,RotoWire projected lineup; MLB probable pitchers,lineup projected / unconfirmed,H:2026/2025 P:2026/2025,,,Direct BvP not yet weighted; 2026/2025 Statcast baseline active,7,5,26,1,"Last 7 games: 5/26, 1 HR","platoon edge; pitcher baseline 6.9% barrel, 15.5 HR allowed",neutral batted-ball profile; pitcher fly-ball pressure modest,14.34,48.7,91.07,102.8466,0.4279,0.1989,0.3225,74.11,42.04,37.68,24.54,13.8,0.1714,6.89,40.64,89.07,0.3583,0.1249,16.62,,,Citi Field,
109,693307,Dillon Dingler,DET,CWS,2026-09-20T18:10:00Z,Scheduled,5,Davis Martin,663436,R,46.1,Longshot,Watch List,Projected Lineup,41.8,44.8,27.6,81.9,50.0,28.1,No,No,5,Yes,Yes,RotoWire projected lineup; MLB probable pitchers,lineup projected / unconfirmed,H:2026/2025 P:2026/2025,,,Direct BvP not yet weighted; 2026/2025 Statcast baseline active,7,5,27,1,"Last 7 games: 5/27, 1 HR","same-side matchup; pitcher baseline 7.4% barrel, 15.8 HR allowed",neutral batted-ball profile; pitcher fly-ball pressure modest,9.55,43.11,88.95,100.4875,0.4636,0.1948,0.342,71.77,15.9,41.57,28.5,22.8,0.1904,7.42,44.67,90.42,0.4293,0.1573,23.97,,,Rate Field,
110,592626,Joc Pederson,TEX,TOR,2026-09-20T18:35:00Z,Scheduled,1,Spencer Miles,693686,R,45.8,Longshot,Watch List,"Projected Lineup, Strong Barrel, Premium Lineup Spot, Platoon Edge",49.6,11.9,27.6,88.7,80.0,56.2,No,No,1,Yes,Yes,RotoWire projected lineup; MLB probable pitchers,lineup projected / unconfirmed,H:2026/2025 P:2026,,,Direct BvP not yet weighted; 2026/2025 Statcast baseline active,7,4,16,2,Hot streak: 2 HR in last 7 games,"platoon edge; pitcher baseline 3.5% barrel, 5.0 HR allowed",neutral batted-ball profile; pitcher fly-ball pressure modest,10.76,49.07,91.83,102.03,0.4294,0.1943,0.3346,72.53,25.62,43.32,30.73,20.9,0.2205,3.5,34.5,86.8,0.32,0.091,19.8,,,Globe Life Field,
111,691723,Coby Mayo,BAL,MIL,2026-09-20T23:20:00Z,Scheduled,4,Jacob Misiorowski,694819,R,45.8,Longshot,Watch List,"Projected Lineup, Strong Barrel, Premium Lineup Spot",51.6,18.9,32.1,90.4,50.0,44.8,No,No,4,Yes,Yes,RotoWire projected lineup; MLB probable pitchers,lineup projected / unconfirmed,H:2026/2025 P:2026/2025,,,Direct BvP not yet weighted; 2026/2025 Statcast baseline active,7,8,27,1,"Last 7 games: 8/27, 1 HR","same-side matchup; pitcher baseline 5.0% barrel, 12.2 HR allowed",neutral batted-ball profile; pitcher fly-ball pressure modest,12.2,44.33,90.17,102.4682,0.4393,0.2146,0.3192,75.47,56.07,49.34,33.62,20.1,0.2228,5.03,34.35,87.74,0.2796,0.0996,25.71,,,Oriole Park at Camden Yards,
112,650490,Yandy Diaz,TB,BOS,2026-09-20T17:40:00Z,Scheduled,1,Patrick Sandoval,663776,L,45.5,Longshot,Watch List,"Projected Lineup, Premium Lineup Spot, Platoon Edge",41.4,34.3,27.6,88.7,78.0,0.0,No,No,1,Yes,Yes,RotoWire projected lineup; MLB probable pitchers,lineup projected / unconfirmed,H:2026/2025 P:2026,,,Direct BvP not yet weighted; 2026/2025 Statcast baseline active,7,2,29,0,"Last 7 games: 2/29, 0 HR","platoon edge; pitcher baseline 6.9% barrel, 6.0 HR allowed",neutral batted-ball profile; pitcher fly-ball pressure modest,7.53,49.49,91.6,103.2619,0.4467,0.1642,0.3491,73.5,37.44,23.74,19.58,22.9,0.1652,6.9,36.0,87.8,0.442,0.163,25.7,,,Tropicana Field,
113,680777,Ryan Jeffers,MIN,LAA,2026-09-20T20:07:00Z,Scheduled,4,Ryan Johnson,696270,R,45.5,Longshot,Watch List,"Projected Lineup, Premium Lineup Spot",39.6,46.1,28.2,90.4,50.0,0.0,No,No,4,Yes,Yes,RotoWire projected lineup; MLB probable pitchers,lineup projected / unconfirmed,H:2026/2025 P:2026/2025,,,Direct BvP not yet weighted; 2026/2025 Statcast baseline active,7,2,24,0,"Last 7 games: 2/24, 0 HR","same-side matchup; pitcher baseline 9.5% barrel, 13.8 HR allowed",neutral batted-ball profile; pitcher allows elevated contact,9.45,41.54,88.95,100.9012,0.4294,0.1815,0.3426,73.14,37.17,37.88,27.68,12.5,0.1905,9.48,36.42,87.68,0.4332,0.1833,34.09,,,Angel Stadium,
114,687952,Christian Encarnacion-Strand,BAL,MIL,2026-09-20T23:20:00Z,Scheduled,5,Jacob Misiorowski,694819,R,45.5,Longshot,Watch List,"Projected Lineup, Strong Barrel",52.4,18.9,32.1,81.9,50.0,57.6,No,No,5,Yes,Yes,RotoWire projected lineup; MLB probable pitchers,lineup projected / unconfirmed,H:2026/2025 P:2026/2025,,,Direct BvP not yet weighted; 2026/2025 Statcast baseline active,7,7,27,2,Hot streak: 2 HR in last 7 games,"same-side matchup; pitcher baseline 5.0% barrel, 12.2 HR allowed",neutral batted-ball profile; pitcher fly-ball pressure modest,13.27,40.99,89.79,101.1524,0.4694,0.2339,0.3182,73.6,35.92,44.69,32.87,8.8,0.2173,5.03,34.35,87.74,0.2796,0.0996,25.71,,,Oriole Park at Camden Yards,
115,596019,Francisco Lindor,NYM,PHI,2026-09-20T17:10:00Z,Scheduled,1,Cristopher Sánchez,650911,L,45.4,Longshot,Watch List,"Projected Lineup, Premium Lineup Spot, Platoon Edge",45.2,30.8,24.8,88.7,75.0,3.4,No,No,1,Yes,Yes,RotoWire projected lineup; MLB probable pitchers,lineup projected / unconfirmed,H:2026/2025 P:2026/2025,,,Direct BvP not yet weighted; 2026/2025 Statcast baseline active,7,4,28,0,"Last 7 games: 4/28, 0 HR","switch hitter; pitcher baseline 6.9% barrel, 15.5 HR allowed",neutral batted-ball profile; pitcher fly-ball pressure modest,8.83,47.13,91.06,100.4456,0.4386,0.1933,0.3352,72.16,23.79,44.76,32.4,23.3,0.2039,6.89,40.64,89.07,0.3583,0.1249,16.62,,,Citi Field,
116,695657,Colson Montgomery,CWS,DET,2026-09-20T18:10:00Z,Scheduled,7,Troy Melton,675512,R,45.4,Longshot,Watch List,"Projected Lineup, Strong Barrel, Platoon Edge",51.3,36.6,27.6,59.8,80.0,0.0,No,No,7,Yes,Yes,RotoWire projected lineup; MLB probable pitchers,lineup projected / unconfirmed,H:2026/2025 P:2026/2025,,,Direct BvP not yet weighted; 2026/2025 Statcast baseline active,7,2,18,0,"Last 7 games: 2/18, 0 HR","platoon edge; pitcher baseline 6.9% barrel, 11.2 HR allowed",neutral batted-ball profile; pitcher fly-ball pressure modest,13.1,42.61,88.91,101.8799,0.4324,0.2192,0.3137,76.72,70.58,48.81,32.74,28.0,0.2382,6.92,40.94,89.4,0.3801,0.1519,25.26,,,Rate Field,
117,694249,Cole Carrigg,COL,SEA,2026-09-20T19:10:00Z,Scheduled,5,Kade Anderson,807739,L,45.4,Longshot,Watch List,"Projected Lineup, Platoon Edge, Hot Hitter/Streak",26.8,33.3,38.7,81.9,75.0,90.2,No,No,5,Yes,Yes,RotoWire projected lineup; MLB probable pitchers,lineup projected / unconfirmed,H:2026 P:2026,,,Direct BvP not yet weighted; 2026/2025 Statcast baseline active,7,11,31,3,Hot streak: 3 HR in last 7 games,"switch hitter; pitcher baseline 7.7% barrel, 4.0 HR allowed",neutral batted-ball profile; pitcher fly-ball pressure modest,5.3,36.4,87.9,98.8345,0.393,0.147,0.311,73.2,34.7,48.2,29.4,10.0,0.195,7.7,39.7,87.5,0.404,0.14,25.6,,,Coors Field,
118,691002,Yohandy Morales,WSH,STL,2026-09-20T18:15:00Z,Scheduled,6,Quinn Mathews,687273,L,45.1,Longshot,Watch List,"Projected Lineup, Strong Barrel, Platoon Edge",60.5,12.9,22.1,71.7,78.0,32.9,No,No,6,Yes,Yes,RotoWire projected lineup; MLB probable pitchers,lineup projected / unconfirmed,H:2026 P:2026,,,Direct BvP not yet weighted; 2026/2025 Statcast baseline active,7,5,23,1,"Last 7 games: 5/23, 1 HR","platoon edge; pitcher baseline 2.8% barrel, 3.0 HR allowed",lift-pull EV profile; pitcher fly-ball pressure modest,12.5,62.5,92.3,103.7608,0.489,0.201,0.331,73.3,32.8,54.2,33.3,2.0,0.294,2.8,32.1,87.7,0.321,0.085,25.7,,,Busch Stadium,
119,672386,Alejandro Kirk,TOR,TEX,2026-09-20T18:35:00Z,Scheduled,4,Jacob deGrom,594798,R,45.1,Longshot,Watch List,"Projected Lineup, Premium Lineup Spot",29.6,47.5,27.6,90.4,50.0,52.3,No,No,4,Yes,Yes,RotoWire projected lineup; MLB probable pitchers,lineup projected / unconfirmed,H:2026/2025 P:2026/2025,,,Direct BvP not yet weighted; 2026/2025 Statcast baseline active,7,9,26,1,Contact streak: 9/26 over last 7 games,"same-side matchup; pitcher baseline 8.6% barrel, 21.8 HR allowed",neutral batted-ball profile; pitcher fly-ball pressure modest,5.83,43.52,89.21,100.4769,0.4065,0.1372,0.3247,71.94,19.93,26.49,21.34,11.5,0.1418,8.6,44.42,90.45,0.3798,0.1539,28.9,,,Globe Life Field,
120,681508,Mickey Gasper,BOS,TB,2026-09-20T17:40:00Z,Scheduled,2,Griffin Jax,643377,R,45.0,Longshot,Watch List,"Projected Lineup, Premium Lineup Spot, Platoon Edge",30.9,41.6,27.6,95.5,75.0,12.0,No,No,2,Yes,Yes,RotoWire projected lineup; MLB probable pitchers,lineup projected / unconfirmed,H:2026/2025 P:2026/2025,,,Direct BvP not yet weighted; 2026/2025 Statcast baseline active,7,3,15,0,"Last 7 games: 3/15, 0 HR","switch hitter; pitcher baseline 9.3% barrel, 12.6 HR allowed",neutral batted-ball profile; pitcher fly-ball pressure modest,7.46,35.82,88.57,98.5808,0.3936,0.1601,0.327,71.51,12.0,40.38,31.13,6.9,0.172,9.26,41.51,88.99,0.3993,0.1534,23.37,,,Tropicana Field,
121,668939,Adley Rutschman,BOS,TB,2026-09-20T17:40:00Z,Scheduled,3,Griffin Jax,643377,R,45.0,Longshot,Watch List,"Projected Lineup, Premium Lineup Spot, Platoon Edge",32.4,41.6,27.6,92.1,75.0,10.8,No,No,3,Yes,Yes,RotoWire projected lineup; MLB probable pitchers,lineup projected / unconfirmed,H:2026/2025 P:2026/2025,,,Direct BvP not yet weighted; 2026/2025 Statcast baseline active,7,5,26,0,"Last 7 games: 5/26, 0 HR","switch hitter; pitcher baseline 9.3% barrel, 12.6 HR allowed",neutral batted-ball profile; pitcher fly-ball pressure modest,7.22,38.95,88.98,99.2661,0.4135,0.1634,0.3285,70.49,12.14,38.75,30.13,11.1,0.1698,9.26,41.51,88.99,0.3993,0.1534,23.37,,,Tropicana Field,
122,663993,Nathaniel Lowe,CLE,ATH,2026-09-20T17:40:00Z,Scheduled,6,Jack Perkins,678022,R,44.7,Longshot,Watch List,"Projected Lineup, Platoon Edge",36.9,41.0,27.6,71.7,80.0,26.1,No,No,6,Yes,Yes,RotoWire projected lineup; MLB probable pitchers,lineup projected / unconfirmed,H:2026/2025 P:2026/2025,,,Direct BvP not yet weighted; 2026/2025 Statcast baseline active,7,5,17,0,"Last 7 games: 5/17, 0 HR","platoon edge; pitcher baseline 9.2% barrel, 15.2 HR allowed",neutral batted-ball profile; pitcher allows elevated contact,8.33,41.5,89.28,100.8849,0.4206,0.1639,0.3275,73.93,38.59,34.4,26.13,17.3,0.1852,9.18,36.86,87.94,0.3769,0.1503,33.12,,,Progressive Field,
123,643217,Andrew Benintendi,CWS,DET,2026-09-20T18:10:00Z,Scheduled,5,Troy Melton,675512,R,44.7,Longshot,Watch List,"Projected Lineup, Platoon Edge",37.4,36.6,27.6,81.9,80.0,15.3,No,No,5,Yes,Yes,RotoWire projected lineup; MLB probable pitchers,lineup projected / unconfirmed,H:2026/2025 P:2026/2025,,,Direct BvP not yet weighted; 2026/2025 Statcast baseline active,7,4,18,0,"Last 7 games: 4/18, 0 HR","platoon edge; pitcher baseline 6.9% barrel, 11.2 HR allowed",neutral batted-ball profile; pitcher fly-ball pressure modest,9.28,42.57,88.84,98.8458,0.4102,0.1711,0.3114,69.68,4.64,49.19,33.04,15.8,0.1784,6.92,40.94,89.4,0.3801,0.1519,25.26,,,Rate Field,
124,805805,Walker Jenkins,MIN,LAA,2026-09-20T20:07:00Z,Scheduled,8,Ryan Johnson,696270,R,44.6,Longshot,Watch List,"Projected Lineup, Strong Barrel, Platoon Edge, Hot Hitter/Streak",36.0,46.1,28.2,47.9,80.0,70.8,No,No,8,Yes,Yes,RotoWire projected lineup; MLB probable pitchers,lineup projected / unconfirmed,H:2026 P:2026/2025,,,Direct BvP not yet weighted; 2026/2025 Statcast baseline active,7,8,23,2,Hot streak: 2 HR in last 7 games,"platoon edge; pitcher baseline 9.5% barrel, 13.8 HR allowed",neutral batted-ball profile; pitcher allows elevated contact,10.8,37.8,88.2,98.9327,0.378,0.173,0.301,71.7,18.0,37.8,27.0,3.0,0.207,9.48,36.42,87.68,0.4332,0.1833,34.09,,,Angel Stadium,
125,673237,Yainer Diaz,HOU,ATL,2026-09-20T18:10:00Z,Scheduled,5,Martín Pérez,527048,L,44.3,Longshot,Watch List,"Projected Lineup, Platoon Edge",31.1,37.7,27.6,81.9,78.0,48.1,No,No,5,Yes,Yes,RotoWire projected lineup; MLB probable pitchers,lineup projected / unconfirmed,H:2026/2025 P:2026/2025,,,Direct BvP not yet weighted; 2026/2025 Statcast baseline active,7,7,22,1,"Last 7 games: 7/22, 1 HR","platoon edge; pitcher baseline 7.9% barrel, 10.9 HR allowed",neutral batted-ball profile; pitcher fly-ball pressure modest,7.22,39.26,89.27,99.9355,0.4139,0.1501,0.3085,72.48,22.51,36.0,18.68,14.4,0.1596,7.93,37.16,88.06,0.4213,0.1618,24.69,,,Daikin Park,
126,666139,Josh Lowe,LAA,MIN,2026-09-20T20:07:00Z,Scheduled,7,Dean Kremer,665152,R,44.3,Longshot,Watch List,"Projected Lineup, Platoon Edge",32.9,47.7,28.2,59.8,80.0,43.2,No,No,7,Yes,Yes,RotoWire projected lineup; MLB probable pitchers,lineup projected / unconfirmed,H:2026/2025 P:2026/2025,,,Direct BvP not yet weighted; 2026/2025 Statcast baseline active,7,6,21,1,"Last 7 games: 6/21, 1 HR","platoon edge; pitcher baseline 9.3% barrel, 18.5 HR allowed",neutral batted-ball profile; pitcher allows elevated contact,8.14,38.06,88.6,99.2528,0.373,0.1559,0.2891,73.31,34.05,36.06,30.45,11.7,0.153,9.33,35.66,87.96,0.4419,0.1987,31.55,,,Angel Stadium,
127,683002,Gunnar Henderson,BAL,MIL,2026-09-20T23:20:00Z,Scheduled,3,Jacob Misiorowski,694819,R,43.9,Longshot,Watch List,"Projected Lineup, Premium Lineup Spot, Platoon Edge",37.0,18.9,32.1,92.1,80.0,44.8,No,No,3,Yes,Yes,RotoWire projected lineup; MLB probable pitchers,lineup projected / unconfirmed,H:2026/2025 P:2026/2025,,,Direct BvP not yet weighted; 2026/2025 Statcast baseline active,7,8,27,1,"Last 7 games: 8/27, 1 HR","platoon edge; pitcher baseline 5.0% barrel, 12.2 HR allowed",neutral batted-ball profile; pitcher fly-ball pressure modest,7.69,45.07,90.14,101.1904,0.4054,0.1504,0.3263,74.53,45.63,41.01,23.52,21.2,0.1717,5.03,34.35,87.74,0.2796,0.0996,25.71,,,Oriole Park at Camden Yards,
128,608070,Jose Ramirez,CLE,ATH,2026-09-20T17:40:00Z,Scheduled,3,Jack Perkins,678022,R,43.7,Longshot,Watch List,"Projected Lineup, Premium Lineup Spot, Platoon Edge",26.4,39.3,27.6,92.1,75.0,35.3,No,No,3,Yes,Yes,RotoWire projected lineup; MLB probable pitchers,lineup projected / unconfirmed,H:2026/2025 P:2026/2025,,,Direct BvP not yet weighted; 2026/2025 Statcast baseline active,7,7,30,1,"Last 7 games: 7/30, 1 HR","switch hitter; pitcher baseline 9.2% barrel, 15.2 HR allowed",neutral batted-ball profile; pitcher allows elevated contact,5.18,37.84,88.69,99.1524,0.4117,0.1396,0.3322,70.34,12.84,50.41,28.71,17.4,0.164,9.18,36.86,87.94,0.3769,0.1503,33.12,,,Progressive Field,
129,683953,Travis Bazzana,CLE,ATH,2026-09-20T17:40:00Z,Scheduled,5,Jack Perkins,678022,R,43.6,Longshot,Watch List,"Projected Lineup, Platoon Edge, Hot Hitter/Streak",21.6,41.0,27.6,81.9,80.0,75.9,No,No,5,Yes,Yes,RotoWire projected lineup; MLB probable pitchers,lineup projected / unconfirmed,H:2026 P:2026/2025,,,Direct BvP not yet weighted; 2026/2025 Statcast baseline active,7,7,27,4,Hot streak: 4 HR in last 7 games,"platoon edge; pitcher baseline 9.2% barrel, 15.2 HR allowed",neutral batted-ball profile; pitcher allows elevated contact,5.2,36.9,87.9,98.4634,0.352,0.124,0.305,69.6,12.3,39.1,27.8,15.0,0.164,9.18,36.86,87.94,0.3769,0.1503,33.12,,,Progressive Field,
130,668904,Royce Lewis,MIN,LAA,2026-09-20T20:07:00Z,Scheduled,6,Ryan Johnson,696270,R,43.6,Longshot,Watch List,"Projected Lineup, Strong Barrel",40.4,46.1,28.2,71.7,50.0,9.8,No,No,6,Yes,Yes,RotoWire projected lineup; MLB probable pitchers,lineup projected / unconfirmed,H:2026/2025 P:2026/2025,,,Direct BvP not yet weighted; 2026/2025 Statcast baseline active,7,5,27,0,"Last 7 games: 5/27, 0 HR","same-side matchup; pitcher baseline 9.5% barrel, 13.8 HR allowed",neutral batted-ball profile; pitcher allows elevated contact,10.31,40.3,89.8,100.593,0.3979,0.16,0.304,74.65,49.82,46.51,30.78,13.7,0.1531,9.48,36.42,87.68,0.4332,0.1833,34.09,,,Angel Stadium,
131,667472,Dane Myers,CIN,CHC,2026-09-20T17:40:00Z,Scheduled,1,,,,43.5,Longshot,Watch List,"Projected Lineup, Premium Lineup Spot",26.0,41.2,39.3,88.7,60.0,25.3,No,No,1,Yes,Yes,RotoWire projected lineup; MLB probable pitchers,lineup projected / unconfirmed,H:2026/2025 P:,,,Direct BvP not yet weighted; 2026/2025 Statcast baseline active,7,4,24,1,"Last 7 games: 4/24, 1 HR","handedness incomplete; pitcher baseline 0.0% barrel, 0.0 HR allowed",neutral batted-ball profile; pitcher fly-ball pressure modest,5.56,38.43,89.86,99.1984,0.3677,0.1267,0.3099,71.04,17.98,28.49,24.4,6.7,0.1078,,,,,,,,,Great American Ball Park,
132,572233,Christian Walker,HOU,ATL,2026-09-20T18:10:00Z,Scheduled,6,Martín Pérez,527048,L,43.5,Longshot,Watch List,"Projected Lineup, Strong Barrel, Platoon Edge",40.3,37.7,27.6,71.7,78.0,0.0,No,No,6,Yes,Yes,RotoWire projected lineup; MLB probable pitchers,lineup projected / unconfirmed,H:2026/2025 P:2026/2025,,,Direct BvP not yet weighted; 2026/2025 Statcast baseline active,7,2,24,0,"Last 7 games: 2/24, 0 HR","platoon edge; pitcher baseline 7.9% barrel, 10.9 HR allowed",neutral batted-ball profile; pitcher fly-ball pressure modest,10.1,41.83,89.36,101.2827,0.3979,0.1715,0.3028,74.31,43.27,41.85,28.07,25.6,0.1872,7.93,37.16,88.06,0.4213,0.1618,24.69,,,Daikin Park,
133,694212,Samuel Basallo,BAL,MIL,2026-09-20T23:20:00Z,Scheduled,6,Jacob Misiorowski,694819,R,43.5,Longshot,Watch List,"Projected Lineup, Strong Barrel, Platoon Edge",46.6,18.9,32.1,71.7,80.0,30.3,No,No,6,Yes,Yes,RotoWire projected lineup; MLB probable pitchers,lineup projected / unconfirmed,H:2026/2025 P:2026/2025,,,Direct BvP not yet weighted; 2026/2025 Statcast baseline active,7,4,20,1,"Last 7 games: 4/20, 1 HR","platoon edge; pitcher baseline 5.0% barrel, 12.2 HR allowed",neutral batted-ball profile; pitcher fly-ball pressure modest,11.35,43.21,90.08,102.0288,0.4247,0.1952,0.3106,74.66,47.88,42.18,29.33,13.8,0.1811,5.03,34.35,87.74,0.2796,0.0996,25.71,,,Oriole Park at Camden Yards,
134,680776,Jarren Duran,BOS,TB,2026-09-20T17:40:00Z,Scheduled,7,Griffin Jax,643377,R,43.4,Longshot,Watch List,"Projected Lineup, Platoon Edge",39.2,43.0,27.6,59.8,80.0,8.5,No,No,7,Yes,Yes,RotoWire projected lineup; MLB probable pitchers,lineup projected / unconfirmed,H:2026/2025 P:2026/2025,,,Direct BvP not yet weighted; 2026/2025 Statcast baseline active,7,3,17,0,"Last 7 games: 3/17, 0 HR","platoon edge; pitcher baseline 9.3% barrel, 12.6 HR allowed",neutral batted-ball profile; pitcher fly-ball pressure modest,9.63,42.18,90.33,101.9603,0.3932,0.1564,0.305,74.98,50.1,38.2,23.84,18.8,0.165,9.26,41.51,88.99,0.3993,0.1534,23.37,,,Tropicana Field,
135,666182,Bo Bichette,NYM,PHI,2026-09-20T17:10:00Z,Scheduled,3,Cristopher Sánchez,650911,L,43.3,Longshot,Watch List,"Projected Lineup, Premium Lineup Spot, Platoon Edge",32.7,32.5,24.8,92.1,78.0,20.7,No,No,3,Yes,Yes,RotoWire projected lineup; MLB probable pitchers,lineup projected / unconfirmed,H:2026/2025 P:2026/2025,,,Direct BvP not yet weighted; 2026/2025 Statcast baseline active,7,8,31,0,"Last 7 games: 8/31, 0 HR","platoon edge; pitcher baseline 6.9% barrel, 15.5 HR allowed",neutral batted-ball profile; pitcher fly-ball pressure modest,6.78,43.97,90.02,101.0699,0.4324,0.1489,0.3334,69.66,12.95,26.63,22.6,16.6,0.1391,6.89,40.64,89.07,0.3583,0.1249,16.62,,,Citi Field,
136,665953,Andres Chaparro,WSH,STL,2026-09-20T18:15:00Z,Scheduled,2,Quinn Mathews,687273,L,43.3,Longshot,Watch List,"Projected Lineup, Strong Barrel, Premium Lineup Spot, Platoon Edge",44.0,12.9,22.1,95.5,78.0,39.8,No,No,2,Yes,Yes,RotoWire projected lineup; MLB probable pitchers,lineup projected / unconfirmed,H:2026/2025 P:2026,,,Direct BvP not yet weighted; 2026/2025 Statcast baseline active,7,5,19,1,"Last 7 games: 5/19, 1 HR","platoon edge; pitcher baseline 2.8% barrel, 3.0 HR allowed",neutral batted-ball profile; pitcher fly-ball pressure modest,12.5,42.0,88.59,100.9232,0.4083,0.1897,0.3182,74.07,41.6,49.57,25.95,8.0,0.2041,2.8,32.1,87.7,0.321,0.085,25.7,,,Busch Stadium,
137,686797,Brooks Lee,MIN,LAA,2026-09-20T20:07:00Z,Scheduled,2,Ryan Johnson,696270,R,43.2,Longshot,Watch List,"Projected Lineup, Premium Lineup Spot, Platoon Edge",21.4,44.6,28.2,95.5,75.0,22.4,No,No,2,Yes,Yes,RotoWire projected lineup; MLB probable pitchers,lineup projected / unconfirmed,H:2026/2025 P:2026/2025,,,Direct BvP not yet weighted; 2026/2025 Statcast baseline active,7,7,26,0,"Last 7 games: 7/26, 0 HR","switch hitter; pitcher baseline 9.5% barrel, 13.8 HR allowed",neutral batted-ball profile; pitcher allows elevated contact,4.61,35.35,88.25,97.7202,0.3572,0.1267,0.2799,69.92,8.49,41.64,29.91,20.9,0.1648,9.48,36.42,87.68,0.4332,0.1833,34.09,,,Angel Stadium,
138,672640,Otto Lopez,MIA,SD,2026-09-20T20:10:00Z,Scheduled,3,Walker Buehler,621111,R,43.2,Longshot,Watch List,"Projected Lineup, Premium Lineup Spot",30.0,43.0,22.6,92.1,50.0,44.8,No,No,3,Yes,Yes,RotoWire projected lineup; MLB probable pitchers,lineup projected / unconfirmed,H:2026/2025 P:2026/2025,,,Direct BvP not yet weighted; 2026/2025 Statcast baseline active,7,8,27,1,"Last 7 games: 8/27, 1 HR","same-side matchup; pitcher baseline 8.6% barrel, 20.6 HR allowed",neutral batted-ball profile; pitcher fly-ball pressure modest,6.4,40.05,88.92,100.1668,0.4242,0.1461,0.3279,71.84,23.09,33.42,22.99,11.5,0.1304,8.59,38.15,88.88,0.4171,0.1645,23.44,,,Petco Park,
139,607043,Brandon Nimmo,TEX,TOR,2026-09-20T18:35:00Z,Scheduled,4,Spencer Miles,693686,R,43.0,Longshot,Watch List,"Projected Lineup, Premium Lineup Spot, Platoon Edge",45.8,11.9,27.6,90.4,80.0,19.5,No,No,4,Yes,Yes,RotoWire projected lineup; MLB probable pitchers,lineup projected / unconfirmed,H:2026/2025 P:2026,,,Direct BvP not yet weighted; 2026/2025 Statcast baseline active,7,7,28,0,"Last 7 games: 7/28, 0 HR","platoon edge; pitcher baseline 3.5% barrel, 5.0 HR allowed",EV profile; pitcher fly-ball pressure modest,9.15,50.55,92.04,102.0564,0.4393,0.1754,0.3364,72.34,27.67,33.52,25.63,17.3,0.1558,3.5,34.5,86.8,0.32,0.091,19.8,,,Globe Life Field,
140,670623,Isaac Paredes,HOU,ATL,2026-09-20T18:10:00Z,Scheduled,3,Martín Pérez,527048,L,42.9,Longshot,Watch List,"Projected Lineup, Premium Lineup Spot, Platoon Edge, Hot Hitter/Streak",17.5,37.7,27.6,92.1,78.0,80.8,No,No,3,Yes,Yes,RotoWire projected lineup; MLB probable pitchers,lineup projected / unconfirmed,H:2026/2025 P:2026/2025,,,Direct BvP not yet weighted; 2026/2025 Statcast baseline active,7,7,24,3,Hot streak: 3 HR in last 7 games,"platoon edge; pitcher baseline 7.9% barrel, 10.9 HR allowed",neutral batted-ball profile; pitcher fly-ball pressure modest,5.11,30.59,86.56,97.023,0.3695,0.1285,0.3193,67.74,7.64,51.79,31.08,20.7,0.1809,7.93,37.16,88.06,0.4213,0.1618,24.69,,,Daikin Park,
141,701807,Carson Benge,NYM,PHI,2026-09-20T17:10:00Z,Scheduled,4,Cristopher Sánchez,650911,L,42.6,Longshot,Watch List,"Projected Lineup, Premium Lineup Spot",32.1,32.5,24.8,90.4,50.0,66.9,No,No,4,Yes,Yes,RotoWire projected lineup; MLB probable pitchers,lineup projected / unconfirmed,H:2026 P:2026/2025,,,Direct BvP not yet weighted; 2026/2025 Statcast baseline active,7,9,28,2,Hot streak: 2 HR in last 7 games,"same-side matchup; pitcher baseline 6.9% barrel, 15.5 HR allowed",neutral batted-ball profile; pitcher fly-ball pressure modest,7.3,38.8,88.8,99.5758,0.434,0.157,0.338,71.1,17.5,33.6,27.3,18.0,0.141,6.89,40.64,89.07,0.3583,0.1249,16.62,,,Citi Field,
142,668709,JJ Bleday,CIN,CHC,2026-09-20T17:40:00Z,Scheduled,7,,,,42.6,Longshot,Watch List,Projected Lineup,36.5,41.2,39.3,59.8,60.0,19.5,No,No,7,Yes,Yes,RotoWire projected lineup; MLB probable pitchers,lineup projected / unconfirmed,H:2026/2025 P:,,,Direct BvP not yet weighted; 2026/2025 Statcast baseline active,7,6,24,0,"Last 7 games: 6/24, 0 HR","handedness incomplete; pitcher baseline 0.0% barrel, 0.0 HR allowed",neutral batted-ball profile; pitcher fly-ball pressure modest,8.99,39.33,88.49,99.7089,0.3954,0.169,0.3208,73.0,27.09,46.86,32.85,19.6,0.1948,,,,,,,,,Great American Ball Park,
143,643446,Jeff McNeil,ATH,CLE,2026-09-20T17:40:00Z,Scheduled,2,Gavin Williams,668909,R,42.3,Longshot,Watch List,"Projected Lineup, Premium Lineup Spot, Platoon Edge",12.4,54.2,27.6,95.5,80.0,9.8,No,No,2,Yes,Yes,RotoWire projected lineup; MLB probable pitchers,lineup projected / unconfirmed,H:2026/2025 P:2026/2025,,,Direct BvP not yet weighted; 2026/2025 Statcast baseline active,7,5,27,0,"Last 7 games: 5/27, 0 HR","platoon edge; pitcher baseline 10.6% barrel, 25.8 HR allowed",neutral batted-ball profile; pitcher fly-ball pressure modest,2.72,30.94,86.71,96.6377,0.3726,0.102,0.3097,69.37,5.72,43.49,23.96,9.2,0.1211,10.61,46.05,90.12,0.3973,0.1747,25.86,,,Progressive Field,
144,656811,Ryan O'Hearn,PIT,KC,2026-09-20T17:35:00Z,Scheduled,6,Michael Wacha,608379,R,42.1,Longshot,Watch List,"Projected Lineup, Platoon Edge",33.2,37.3,24.3,71.7,80.0,25.3,No,No,6,Yes,Yes,RotoWire projected lineup; MLB probable pitchers,lineup projected / unconfirmed,H:2026/2025 P:2026/2025,,,Direct BvP not yet weighted; 2026/2025 Statcast baseline active,7,4,24,1,"Last 7 games: 4/24, 1 HR","platoon edge; pitcher baseline 7.0% barrel, 23.4 HR allowed",neutral batted-ball profile; pitcher fly-ball pressure modest,7.04,42.5,89.26,99.2734,0.4099,0.1544,0.3246,71.1,11.64,39.08,28.08,17.7,0.1749,6.98,35.72,87.92,0.4081,0.1633,28.95,,,PNC Park,
145,801126,Brock Rodden,SEA,COL,2026-09-20T19:10:00Z,Scheduled,9,Tomoyuki Sugano,608372,R,42.1,Longshot,Watch List,"Projected Lineup, Platoon Edge",22.4,68.7,38.7,40.2,75.0,0.0,No,No,9,Yes,Yes,RotoWire projected lineup; MLB probable pitchers,lineup projected / unconfirmed,H:2026 P:2026/2025,,,Direct BvP not yet weighted; 2026/2025 Statcast baseline active,7,0,7,0,"Last 7 games: 0/7, 0 HR","switch hitter; pitcher baseline 11.9% barrel, 31.6 HR allowed",fly-ball profile; pitcher allows elevated contact,5.6,38.9,87.9,98.0197,0.237,0.096,0.242,69.0,1.8,55.6,44.4,0.0,0.086,11.94,42.18,90.7,0.5401,0.2385,30.14,,,Coors Field,
146,687093,Vaughn Grissom,LAA,MIN,2026-09-20T20:07:00Z,Scheduled,4,Dean Kremer,665152,R,42.1,Longshot,Watch List,"Projected Lineup, Premium Lineup Spot",24.7,47.7,28.2,90.4,50.0,21.8,No,No,4,Yes,Yes,RotoWire projected lineup; MLB probable pitchers,lineup projected / unconfirmed,H:2026 P:2026/2025,,,Direct BvP not yet weighted; 2026/2025 Statcast baseline active,7,3,21,1,"Last 7 games: 3/21, 1 HR","same-side matchup; pitcher baseline 9.3% barrel, 18.5 HR allowed",neutral batted-ball profile; pitcher allows elevated contact,6.7,36.3,87.7,98.7533,0.374,0.133,0.305,70.9,16.6,40.4,24.8,11.0,0.141,9.33,35.66,87.96,0.4419,0.1987,31.55,,,Angel Stadium,
147,666126,Carlos Cortes,ATH,CLE,2026-09-20T17:40:00Z,Scheduled,7,Gavin Williams,668909,R,42.0,Longshot,Watch List,"Projected Lineup, Platoon Edge",27.8,54.2,27.6,59.8,80.0,2.5,No,No,7,Yes,Yes,RotoWire projected lineup; MLB probable pitchers,lineup projected / unconfirmed,H:2026/2025 P:2026/2025,,,Direct BvP not yet weighted; 2026/2025 Statcast baseline active,7,3,22,0,"Last 7 games: 3/22, 0 HR","platoon edge; pitcher baseline 10.6% barrel, 25.8 HR allowed",neutral batted-ball profile; pitcher fly-ball pressure modest,6.96,38.19,88.75,99.2264,0.3905,0.1406,0.3056,70.76,14.27,30.55,22.73,7.5,0.1654,10.61,46.05,90.12,0.3973,0.1747,25.86,,,Progressive Field,
148,701358,Cam Smith,HOU,ATL,2026-09-20T18:10:00Z,Scheduled,7,Martín Pérez,527048,L,42.0,Longshot,Watch List,"Projected Lineup, Platoon Edge",40.8,37.7,27.6,59.8,78.0,0.0,No,No,7,Yes,Yes,RotoWire projected lineup; MLB probable pitchers,lineup projected / unconfirmed,H:2026/2025 P:2026/2025,,,Direct BvP not yet weighted; 2026/2025 Statcast baseline active,7,1,24,0,"Last 7 games: 1/24, 0 HR","platoon edge; pitcher baseline 7.9% barrel, 10.9 HR allowed",neutral batted-ball profile; pitcher fly-ball pressure modest,9.91,42.9,88.53,101.3296,0.4103,0.1732,0.3138,76.95,68.88,37.35,25.0,16.7,0.1647,7.93,37.16,88.06,0.4213,0.1618,24.69,,,Daikin Park,
149,805300,Jakob Marsee,MIA,SD,2026-09-20T20:10:00Z,Scheduled,6,Walker Buehler,621111,R,41.9,Longshot,Watch List,"Projected Lineup, Platoon Edge, Hot Hitter/Streak",20.9,43.0,22.6,71.7,80.0,81.7,No,No,6,Yes,Yes,RotoWire projected lineup; MLB probable pitchers,lineup projected / unconfirmed,H:2026/2025 P:2026/2025,,,Direct BvP not yet weighted; 2026/2025 Statcast baseline active,7,10,22,2,Hot streak: 2 HR in last 7 games,"platoon edge; pitcher baseline 8.6% barrel, 20.6 HR allowed",neutral batted-ball profile; pitcher fly-ball pressure modest,5.02,37.06,87.85,98.6266,0.3643,0.1204,0.3225,70.36,5.44,41.51,23.19,9.2,0.1468,8.59,38.15,88.88,0.4171,0.1645,23.44,,,Petco Park,
150,694376,Shay Whitcomb,SF,LAD,2026-09-20T20:10:00Z,Scheduled,5,,,,41.7,Longshot,Watch List,"Projected Lineup, Strong Barrel",26.7,41.2,27.6,81.9,60.0,39.5,No,No,5,Yes,Yes,RotoWire projected lineup; MLB probable pitchers,lineup projected / unconfirmed,H:2026/2025 P:,,,Direct BvP not yet weighted; 2026/2025 Statcast baseline active,7,6,23,1,"Last 7 games: 6/23, 1 HR","handedness incomplete; pitcher baseline 0.0% barrel, 0.0 HR allowed",neutral batted-ball profile; pitcher fly-ball pressure modest,10.45,28.77,85.55,97.6016,0.3545,0.1611,0.2414,71.8,18.13,41.74,26.74,3.1,0.1374,,,,,,,,,UNIQLO Field at Dodger Stadium,
151,664761,Alec Bohm,PHI,NYM,2026-09-20T17:10:00Z,Scheduled,5,Jonah Tong,804636,R,41.6,Longshot,Watch List,Projected Lineup,32.8,37.3,24.8,81.9,50.0,42.0,No,No,5,Yes,Yes,RotoWire projected lineup; MLB probable pitchers,lineup projected / unconfirmed,H:2026/2025 P:2026/2025,,,Direct BvP not yet weighted; 2026/2025 Statcast baseline active,7,10,25,0,Contact streak: 10/25 over last 7 games,"same-side matchup; pitcher baseline 8.9% barrel, 2.3 HR allowed",neutral batted-ball profile; pitcher allows elevated contact,6.13,44.3,90.59,100.4171,0.4144,0.1467,0.3268,71.21,15.05,28.35,22.58,13.8,0.1339,8.91,34.64,89.58,0.3604,0.1456,33.31,,,Citi Field,
152,806146,George Lombard,NYY,AZ,2026-09-20T20:10:00Z,Scheduled,5,Corbin Burnes,669203,R,41.6,Longshot,Watch List,Projected Lineup,20.5,54.5,28.2,81.9,50.0,32.5,No,No,5,Yes,Yes,RotoWire projected lineup; MLB probable pitchers,lineup projected / unconfirmed,H:2026 P:2026/2025,,,Direct BvP not yet weighted; 2026/2025 Statcast baseline active,7,6,28,1,"Last 7 games: 6/28, 1 HR","same-side matchup; pitcher baseline 11.2% barrel, 3.5 HR allowed",neutral batted-ball profile; pitcher allows elevated contact,6.6,34.8,86.1,97.968,0.353,0.117,0.289,72.2,23.6,33.7,22.8,4.0,0.137,11.18,38.73,90.34,0.4081,0.1839,43.67,,,Chase Field,
153,663586,Austin Riley,ATL,HOU,2026-09-20T18:10:00Z,Scheduled,6,Hunter Brown,686613,R,41.5,Longshot,Watch List,"Projected Lineup, Strong Barrel",52.4,21.9,27.6,71.7,50.0,6.0,No,No,6,Yes,Yes,RotoWire projected lineup; MLB probable pitchers,lineup projected / unconfirmed,H:2026/2025 P:2026/2025,,,Direct BvP not yet weighted; 2026/2025 Statcast baseline active,7,4,25,0,"Last 7 games: 4/25, 0 HR","same-side matchup; pitcher baseline 6.1% barrel, 12.8 HR allowed",neutral batted-ball profile; pitcher fly-ball pressure modest,12.89,46.07,91.53,102.6951,0.4146,0.1928,0.3062,75.83,59.5,40.22,30.73,16.7,0.1484,6.11,35.56,86.31,0.3229,0.1192,23.09,,,Daikin Park,
154,682657,Angel Martinez,CLE,ATH,2026-09-20T17:40:00Z,Scheduled,7,Jack Perkins,678022,R,41.4,Longshot,Watch List,"Projected Lineup, Platoon Edge, Hot Hitter/Streak",23.6,39.3,27.6,59.8,75.0,97.0,No,No,7,Yes,Yes,RotoWire projected lineup; MLB probable pitchers,lineup projected / unconfirmed,H:2026/2025 P:2026/2025,,,Direct BvP not yet weighted; 2026/2025 Statcast baseline active,7,12,30,3,Hot streak: 3 HR in last 7 games,"switch hitter; pitcher baseline 9.2% barrel, 15.2 HR allowed",neutral batted-ball profile; pitcher allows elevated contact,6.3,33.64,87.45,98.4512,0.3795,0.1368,0.2893,71.01,15.67,45.51,27.15,13.8,0.177,9.18,36.86,87.94,0.3769,0.1503,33.12,,,Progressive Field,
155,691720,Kyle Karros,COL,SEA,2026-09-20T19:10:00Z,Scheduled,6,Kade Anderson,807739,L,41.2,Longshot,Watch List,"Projected Lineup, Platoon Edge",25.1,33.7,38.7,71.7,78.0,39.2,No,No,6,Yes,Yes,RotoWire projected lineup; MLB probable pitchers,lineup projected / unconfirmed,H:2026/2025 P:2026,,,Direct BvP not yet weighted; 2026/2025 Statcast baseline active,7,7,27,1,"Last 7 games: 7/27, 1 HR","platoon edge; pitcher baseline 7.7% barrel, 4.0 HR allowed",neutral batted-ball profile; pitcher fly-ball pressure modest,6.18,38.74,89.09,99.684,0.367,0.125,0.3154,69.8,5.51,38.73,23.71,8.7,0.1294,7.7,39.7,87.5,0.404,0.14,25.6,,,Coors Field,
156,686681,Michael Massey,KC,PIT,2026-09-20T17:35:00Z,Scheduled,7,Lake Bachar,669199,R,41.1,Longshot,Watch List,"Projected Lineup, Platoon Edge",27.2,42.7,24.3,59.8,80.0,53.3,No,No,7,Yes,Yes,RotoWire projected lineup; MLB probable pitchers,lineup projected / unconfirmed,H:2026/2025 P:2026/2025,,,Direct BvP not yet weighted; 2026/2025 Statcast baseline active,7,6,26,2,Hot streak: 2 HR in last 7 games,"platoon edge; pitcher baseline 8.9% barrel, 12.1 HR allowed",neutral batted-ball profile; pitcher allows elevated contact,5.19,38.04,88.83,98.6881,0.3936,0.1416,0.2958,71.36,11.84,49.15,30.38,10.0,0.1362,8.88,36.32,89.39,0.3822,0.1717,31.85,,,PNC Park,
157,813841,Jonah Cox,SF,LAD,2026-09-20T20:10:00Z,Scheduled,1,,,,41.1,Longshot,Watch List,"Projected Lineup, Premium Lineup Spot",23.9,41.2,27.6,88.7,60.0,26.4,No,No,1,Yes,Yes,RotoWire projected lineup; MLB probable pitchers,lineup projected / unconfirmed,H:2026 P:,,,Direct BvP not yet weighted; 2026/2025 Statcast baseline active,7,8,27,0,"Last 7 games: 8/27, 0 HR","handedness incomplete; pitcher baseline 0.0% barrel, 0.0 HR allowed",neutral batted-ball profile; pitcher fly-ball pressure modest,6.4,38.5,88.5,99.3569,0.352,0.13,0.271,69.0,6.1,20.5,23.1,4.0,0.148,,,,,,,,,UNIQLO Field at Dodger Stadium,
158,622268,Donovan Walton,ATH,CLE,2026-09-20T17:40:00Z,Scheduled,6,Gavin Williams,668909,R,41.0,Longshot,Watch List,"Projected Lineup, Platoon Edge",15.5,54.2,27.6,71.7,80.0,28.9,No,No,6,Yes,Yes,RotoWire projected lineup; MLB probable pitchers,lineup projected / unconfirmed,H:2026/2025 P:2026/2025,,,Direct BvP not yet weighted; 2026/2025 Statcast baseline active,7,4,21,1,"Last 7 games: 4/21, 1 HR","platoon edge; pitcher baseline 10.6% barrel, 25.8 HR allowed",neutral batted-ball profile; pitcher fly-ball pressure modest,3.29,34.07,88.68,97.3372,0.3674,0.1061,0.3125,67.92,0.49,37.56,22.09,4.9,0.1239,10.61,46.05,90.12,0.3973,0.1747,25.86,,,Progressive Field,
159,685133,Wade Meckler,LAA,MIN,2026-09-20T20:07:00Z,Scheduled,3,Dean Kremer,665152,R,40.7,Longshot,Watch List,"Projected Lineup, Premium Lineup Spot, Platoon Edge",11.5,47.7,28.2,92.1,80.0,22.4,No,No,3,Yes,Yes,RotoWire projected lineup; MLB probable pitchers,lineup projected / unconfirmed,H:2026 P:2026/2025,,,Direct BvP not yet weighted; 2026/2025 Statcast baseline active,7,7,26,0,"Last 7 games: 7/26, 0 HR","platoon edge; pitcher baseline 9.3% barrel, 18.5 HR allowed",neutral batted-ball profile; pitcher allows elevated contact,2.8,33.2,87.0,96.6684,0.351,0.094,0.31,69.0,2.3,33.6,18.5,3.0,0.086,9.33,35.66,87.96,0.4419,0.1987,31.55,,,Angel Stadium,
160,607208,Trea Turner,PHI,NYM,2026-09-20T17:10:00Z,Scheduled,2,Jonah Tong,804636,R,40.6,Longshot,Watch List,"Projected Lineup, Premium Lineup Spot",26.7,37.3,24.8,95.5,50.0,24.0,No,No,2,Yes,Yes,RotoWire projected lineup; MLB probable pitchers,lineup projected / unconfirmed,H:2026/2025 P:2026/2025,,,Direct BvP not yet weighted; 2026/2025 Statcast baseline active,7,7,25,0,"Last 7 games: 7/25, 0 HR","same-side matchup; pitcher baseline 8.9% barrel, 2.3 HR allowed",neutral batted-ball profile; pitcher allows elevated contact,6.15,39.86,88.53,99.1826,0.3785,0.1288,0.3007,71.45,18.51,35.03,25.2,17.8,0.1439,8.91,34.64,89.58,0.3604,0.1456,33.31,,,Citi Field,
161,682877,Juan Brito,CIN,CHC,2026-09-20T17:40:00Z,Scheduled,6,,,,40.5,Longshot,Watch List,"Projected Lineup, Platoon Edge",16.6,40.2,39.3,71.7,75.0,54.3,No,No,6,Yes,Yes,RotoWire projected lineup; MLB probable pitchers,lineup projected / unconfirmed,H:2026 P:,,,Direct BvP not yet weighted; 2026/2025 Statcast baseline active,7,9,25,1,Contact streak: 9/25 over last 7 games,"switch hitter; pitcher baseline 0.0% barrel, 0.0 HR allowed",neutral batted-ball profile; pitcher fly-ball pressure modest,6.1,31.8,85.3,96.9148,0.359,0.128,0.285,69.6,5.1,51.5,21.2,2.0,0.138,,,,,,,,,Great American Ball Park,
162,596115,Trevor Story,BOS,TB,2026-09-20T17:40:00Z,Scheduled,6,Griffin Jax,643377,R,40.5,Longshot,Watch List,Projected Lineup,26.5,43.0,27.6,71.7,50.0,54.3,No,No,6,Yes,Yes,RotoWire projected lineup; MLB probable pitchers,lineup projected / unconfirmed,H:2026/2025 P:2026/2025,,,Direct BvP not yet weighted; 2026/2025 Statcast baseline active,7,9,25,1,Contact streak: 9/25 over last 7 games,"same-side matchup; pitcher baseline 9.3% barrel, 12.6 HR allowed",neutral batted-ball profile; pitcher fly-ball pressure modest,6.54,40.56,88.53,99.7938,0.3559,0.1275,0.2711,71.03,13.75,41.74,24.81,10.3,0.1294,9.26,41.51,88.99,0.3993,0.1534,23.37,,,Tropicana Field,
163,690976,Alex Freeland,LAD,SF,2026-09-20T20:10:00Z,Scheduled,9,Matt Wilkinson,683363,L,40.3,Longshot,Watch List,"Projected Lineup, Platoon Edge",26.7,50.4,27.6,40.2,75.0,56.6,No,No,9,Yes,Yes,RotoWire projected lineup; MLB probable pitchers,lineup projected / unconfirmed,H:2026/2025 P:2026,,,Direct BvP not yet weighted; 2026/2025 Statcast baseline active,7,6,16,1,Contact streak: 6/16 over last 7 games,"switch hitter; pitcher baseline 7.7% barrel, 4.0 HR allowed",neutral batted-ball profile; pitcher allows elevated contact,6.74,38.77,89.93,99.0272,0.3277,0.1224,0.2852,70.84,10.17,35.34,25.76,3.4,0.1004,7.7,49.2,91.0,0.444,0.187,32.3,,,UNIQLO Field at Dodger Stadium,
164,687637,Dylan Beavers,BAL,MIL,2026-09-20T23:20:00Z,Scheduled,1,Jacob Misiorowski,694819,R,40.2,Longshot,Watch List,"Projected Lineup, Premium Lineup Spot, Platoon Edge",30.2,18.9,32.1,88.7,80.0,26.2,No,No,1,Yes,Yes,RotoWire projected lineup; MLB probable pitchers,lineup projected / unconfirmed,H:2026/2025 P:2026/2025,,,Direct BvP not yet weighted; 2026/2025 Statcast baseline active,7,5,29,1,"Last 7 games: 5/29, 1 HR","platoon edge; pitcher baseline 5.0% barrel, 12.2 HR allowed",neutral batted-ball profile; pitcher fly-ball pressure modest,7.69,34.58,87.89,99.0703,0.3807,0.1593,0.3111,72.41,21.89,40.88,32.58,6.1,0.1471,5.03,34.35,87.74,0.2796,0.0996,25.71,,,Oriole Park at Camden Yards,
165,673962,Josh Jung,TEX,TOR,2026-09-20T18:35:00Z,Scheduled,3,Spencer Miles,693686,R,40.0,Longshot,Watch List,"Projected Lineup, Premium Lineup Spot, Hot Hitter/Streak",36.6,11.9,27.6,92.1,50.0,70.4,No,No,3,Yes,Yes,RotoWire projected lineup; MLB probable pitchers,lineup projected / unconfirmed,H:2026/2025 P:2026,,,Direct BvP not yet weighted; 2026/2025 Statcast baseline active,7,10,29,2,Hot streak: 2 HR in last 7 games,"same-side matchup; pitcher baseline 3.5% barrel, 5.0 HR allowed",neutral batted-ball profile; pitcher fly-ball pressure modest,7.25,47.96,90.21,100.3972,0.4315,0.1571,0.3348,70.41,7.48,37.48,23.57,11.2,0.1467,3.5,34.5,86.8,0.32,0.091,19.8,,,Globe Life Field,
166,686611,Dylan Crews,WSH,STL,2026-09-20T18:15:00Z,Scheduled,5,Quinn Mathews,687273,L,39.9,Longshot,Watch List,"Projected Lineup, Platoon Edge",40.4,12.9,22.1,81.9,78.0,33.7,No,No,5,Yes,Yes,RotoWire projected lineup; MLB probable pitchers,lineup projected / unconfirmed,H:2026/2025 P:2026,,,Direct BvP not yet weighted; 2026/2025 Statcast baseline active,7,6,27,1,"Last 7 games: 6/27, 1 HR","platoon edge; pitcher baseline 2.8% barrel, 3.0 HR allowed",neutral batted-ball profile; pitcher fly-ball pressure modest,9.59,41.78,90.12,101.007,0.4091,0.1727,0.3112,73.83,37.86,34.5,27.14,11.4,0.1496,2.8,32.1,87.7,0.321,0.085,25.7,,,Busch Stadium,
167,803011,Sam Antonacci,CWS,DET,2026-09-20T18:10:00Z,Scheduled,1,Troy Melton,675512,R,39.8,Longshot,Watch List,"Projected Lineup, Premium Lineup Spot, Platoon Edge",18.3,36.6,27.6,88.7,80.0,24.9,No,No,1,Yes,Yes,RotoWire projected lineup; MLB probable pitchers,lineup projected / unconfirmed,H:2026 P:2026/2025,,,Direct BvP not yet weighted; 2026/2025 Statcast baseline active,7,6,21,0,"Last 7 games: 6/21, 0 HR","platoon edge; pitcher baseline 6.9% barrel, 11.2 HR allowed",neutral batted-ball profile; pitcher fly-ball pressure modest,5.1,32.8,87.3,97.4198,0.39,0.115,0.342,69.7,7.4,31.4,22.1,8.0,0.122,6.92,40.94,89.4,0.3801,0.1519,25.26,,,Rate Field,
168,691781,Brady House,WSH,STL,2026-09-20T18:15:00Z,Scheduled,3,Quinn Mathews,687273,L,39.8,Longshot,Watch List,"Projected Lineup, Premium Lineup Spot, Platoon Edge",39.5,12.9,22.1,92.1,78.0,10.1,No,No,3,Yes,Yes,RotoWire projected lineup; MLB probable pitchers,lineup projected / unconfirmed,H:2026/2025 P:2026,,,Direct BvP not yet weighted; 2026/2025 Statcast baseline active,7,3,16,0,"Last 7 games: 3/16, 0 HR","platoon edge; pitcher baseline 2.8% barrel, 3.0 HR allowed",neutral batted-ball profile; pitcher fly-ball pressure modest,8.36,47.63,89.94,101.9162,0.4211,0.1567,0.3197,73.17,30.25,31.56,26.14,8.2,0.1356,2.8,32.1,87.7,0.321,0.085,25.7,,,Busch Stadium,
169,804606,Konnor Griffin,PIT,KC,2026-09-20T17:35:00Z,Scheduled,1,Michael Wacha,608379,R,39.7,Longshot,Watch List,"Projected Lineup, Premium Lineup Spot",27.0,37.3,24.3,88.7,50.0,25.5,No,No,1,Yes,Yes,RotoWire projected lineup; MLB probable pitchers,lineup projected / unconfirmed,H:2026 P:2026/2025,,,Direct BvP not yet weighted; 2026/2025 Statcast baseline active,7,9,31,0,"Last 7 games: 9/31, 0 HR","same-side matchup; pitcher baseline 7.0% barrel, 23.4 HR allowed",neutral batted-ball profile; pitcher fly-ball pressure modest,6.9,35.6,87.6,100.2373,0.388,0.138,0.306,75.5,57.2,40.5,17.1,5.0,0.122,6.98,35.72,87.92,0.4081,0.1633,28.95,,,PNC Park,
170,681082,Bryson Stott,PHI,NYM,2026-09-20T17:10:00Z,Scheduled,6,Jonah Tong,804636,R,39.4,Longshot,Watch List,"Projected Lineup, Platoon Edge",25.2,37.3,24.8,71.7,80.0,22.4,No,No,6,Yes,Yes,RotoWire projected lineup; MLB probable pitchers,lineup projected / unconfirmed,H:2026/2025 P:2026/2025,,,Direct BvP not yet weighted; 2026/2025 Statcast baseline active,7,7,26,0,"Last 7 games: 7/26, 0 HR","platoon edge; pitcher baseline 8.9% barrel, 2.3 HR allowed",neutral batted-ball profile; pitcher allows elevated contact,5.87,34.75,88.72,98.2979,0.3993,0.139,0.3235,69.72,6.68,34.31,27.8,10.9,0.1389,8.91,34.64,89.58,0.3604,0.1456,33.31,,,Citi Field,
171,694203,Denzer Guzman,LAA,MIN,2026-09-20T20:07:00Z,Scheduled,6,Dean Kremer,665152,R,39.4,Longshot,Watch List,Projected Lineup,25.0,47.7,28.2,71.7,50.0,18.2,No,No,6,Yes,Yes,RotoWire projected lineup; MLB probable pitchers,lineup projected / unconfirmed,H:2026/2025 P:2026/2025,,,Direct BvP not yet weighted; 2026/2025 Statcast baseline active,7,7,29,0,"Last 7 games: 7/29, 0 HR","same-side matchup; pitcher baseline 9.3% barrel, 18.5 HR allowed",neutral batted-ball profile; pitcher allows elevated contact,8.21,37.44,86.78,98.7867,0.3272,0.1155,0.2511,73.57,36.6,40.81,23.98,5.5,0.132,9.33,35.66,87.96,0.4419,0.1987,31.55,,,Angel Stadium,
172,593428,Xander Bogaerts,SD,MIA,2026-09-20T20:10:00Z,Scheduled,6,Sandy Alcantara,645261,R,39.4,Longshot,Watch List,Projected Lineup,28.8,36.9,22.6,71.7,50.0,61.4,No,No,6,Yes,Yes,RotoWire projected lineup; MLB probable pitchers,lineup projected / unconfirmed,H:2026/2025 P:2026/2025,,,Direct BvP not yet weighted; 2026/2025 Statcast baseline active,7,11,27,1,Contact streak: 11/27 over last 7 games,"same-side matchup; pitcher baseline 6.6% barrel, 22.7 HR allowed",neutral batted-ball profile; pitcher fly-ball pressure modest,6.06,41.09,89.35,100.2181,0.3864,0.1334,0.3242,72.31,27.94,43.66,23.48,11.7,0.1161,6.64,38.77,89.23,0.3982,0.1428,24.94,,,Petco Park,
173,573262,Mike Yastrzemski,ATL,HOU,2026-09-20T18:10:00Z,Scheduled,7,Hunter Brown,686613,R,39.3,Longshot,Watch List,"Projected Lineup, Platoon Edge",34.1,21.9,27.6,59.8,80.0,61.5,No,No,7,Yes,Yes,RotoWire projected lineup; MLB probable pitchers,lineup projected / unconfirmed,H:2026/2025 P:2026/2025,,,Direct BvP not yet weighted; 2026/2025 Statcast baseline active,7,6,21,2,Hot streak: 2 HR in last 7 games,"platoon edge; pitcher baseline 6.1% barrel, 12.8 HR allowed",neutral batted-ball profile; pitcher fly-ball pressure modest,7.38,42.11,90.31,99.692,0.3812,0.1463,0.3136,71.31,8.65,44.36,30.63,12.1,0.1546,6.11,35.56,86.31,0.3229,0.1192,23.09,,,Daikin Park,
174,703601,Max Clark,DET,CWS,2026-09-20T18:10:00Z,Scheduled,6,Davis Martin,663436,R,39.3,Longshot,Watch List,"Projected Lineup, Platoon Edge",17.5,44.8,27.6,71.7,80.0,28.2,No,No,6,Yes,Yes,RotoWire projected lineup; MLB probable pitchers,lineup projected / unconfirmed,H:2026 P:2026/2025,,,Direct BvP not yet weighted; 2026/2025 Statcast baseline active,7,8,26,0,"Last 7 games: 8/26, 0 HR","platoon edge; pitcher baseline 7.4% barrel, 15.8 HR allowed",neutral batted-ball profile; pitcher fly-ball pressure modest,1.7,38.8,87.3,98.1784,0.355,0.087,0.315,73.5,30.2,35.5,25.6,3.0,0.162,7.42,44.67,90.42,0.4293,0.1573,23.97,,,Rate Field,
175,672580,Maikel Garcia,KC,PIT,2026-09-20T17:35:00Z,Scheduled,5,Lake Bachar,669199,R,39.2,Longshot,Watch List,Projected Lineup,26.0,42.7,24.3,81.9,50.0,16.1,No,No,5,Yes,Yes,RotoWire projected lineup; MLB probable pitchers,lineup projected / unconfirmed,H:2026/2025 P:2026/2025,,,Direct BvP not yet weighted; 2026/2025 Statcast baseline active,7,5,22,0,"Last 7 games: 5/22, 0 HR","same-side matchup; pitcher baseline 8.9% barrel, 12.1 HR allowed",neutral batted-ball profile; pitcher allows elevated contact,4.83,41.6,90.25,100.3472,0.3849,0.1124,0.3189,71.76,18.15,34.11,21.25,6.9,0.1301,8.88,36.32,89.39,0.3822,0.1717,31.85,,,PNC Park,
176,608348,Carson Kelly,CHC,CIN,2026-09-20T17:40:00Z,Scheduled,9,Rhett Lowder,695076,R,38.6,Longshot,Watch List,Projected Lineup,26.1,53.1,39.3,40.2,50.0,23.7,No,No,9,Yes,Yes,RotoWire projected lineup; MLB probable pitchers,lineup projected / unconfirmed,H:2026/2025 P:2026,,,Direct BvP not yet weighted; 2026/2025 Statcast baseline active,7,5,18,0,"Last 7 games: 5/18, 0 HR","same-side matchup; pitcher baseline 9.8% barrel, 18.0 HR allowed",neutral batted-ball profile; pitcher fly-ball pressure modest,6.66,37.43,87.47,98.7558,0.3886,0.1442,0.3182,70.61,8.05,40.62,25.85,12.1,0.1405,9.8,38.9,90.1,0.463,0.192,27.6,,,Great American Ball Park,
177,664770,Nathan Lukes,TOR,TEX,2026-09-20T18:35:00Z,Scheduled,5,Jacob deGrom,594798,R,38.6,Longshot,Watch List,"Projected Lineup, Platoon Edge",11.0,47.5,27.6,81.9,80.0,15.3,No,No,5,Yes,Yes,RotoWire projected lineup; MLB probable pitchers,lineup projected / unconfirmed,H:2026/2025 P:2026/2025,,,Direct BvP not yet weighted; 2026/2025 Statcast baseline active,7,4,18,0,"Last 7 games: 4/18, 0 HR","platoon edge; pitcher baseline 8.6% barrel, 21.8 HR allowed",neutral batted-ball profile; pitcher fly-ball pressure modest,3.33,30.77,87.06,96.8524,0.3563,0.1022,0.294,67.3,3.62,31.7,20.95,10.6,0.1254,8.6,44.42,90.45,0.3798,0.1539,28.9,,,Globe Life Field,
178,691788,Joe Mack,MIA,SD,2026-09-20T20:10:00Z,Scheduled,8,Walker Buehler,621111,R,38.6,Longshot,Watch List,"Projected Lineup, Platoon Edge",33.3,43.0,22.6,47.9,80.0,0.0,No,No,8,Yes,Yes,RotoWire projected lineup; MLB probable pitchers,lineup projected / unconfirmed,H:2026 P:2026/2025,,,Direct BvP not yet weighted; 2026/2025 Statcast baseline active,7,2,19,0,"Last 7 games: 2/19, 0 HR","platoon edge; pitcher baseline 8.6% barrel, 20.6 HR allowed",neutral batted-ball profile; pitcher fly-ball pressure modest,8.0,38.5,88.6,99.5815,0.384,0.164,0.285,74.3,43.8,48.4,25.4,13.0,0.166,8.59,38.15,88.88,0.4171,0.1645,23.44,,,Petco Park,
179,669016,Brandon Marsh,PHI,NYM,2026-09-20T17:10:00Z,Scheduled,8,Jonah Tong,804636,R,38.5,Longshot,Watch List,"Projected Lineup, Platoon Edge",36.0,37.3,24.8,47.9,80.0,0.0,No,No,8,Yes,Yes,RotoWire projected lineup; MLB probable pitchers,lineup projected / unconfirmed,H:2026/2025 P:2026/2025,,,Direct BvP not yet weighted; 2026/2025 Statcast baseline active,7,1,16,0,"Last 7 games: 1/16, 0 HR","platoon edge; pitcher baseline 8.9% barrel, 2.3 HR allowed",neutral batted-ball profile; pitcher allows elevated contact,8.12,43.6,89.77,99.9829,0.411,0.1557,0.3097,71.54,15.65,38.05,26.59,15.2,0.1518,8.91,34.64,89.58,0.3604,0.1456,33.31,,,Citi Field,
180,514888,Jose Altuve,HOU,ATL,2026-09-20T18:10:00Z,Scheduled,4,Martín Pérez,527048,L,38.4,Longshot,Watch List,"Projected Lineup, Premium Lineup Spot, Platoon Edge",13.5,37.7,27.6,90.4,78.0,20.9,No,No,4,Yes,Yes,RotoWire projected lineup; MLB probable pitchers,lineup projected / unconfirmed,H:2026/2025 P:2026/2025,,,Direct BvP not yet weighted; 2026/2025 Statcast baseline active,7,7,27,0,"Last 7 games: 7/27, 0 HR","platoon edge; pitcher baseline 7.9% barrel, 10.9 HR allowed",neutral batted-ball profile; pitcher fly-ball pressure modest,4.94,31.25,85.31,97.0232,0.3434,0.1176,0.2797,68.93,9.64,45.5,23.21,18.3,0.1574,7.93,37.16,88.06,0.4213,0.1618,24.69,,,Daikin Park,
181,678662,Ezequiel Tovar,COL,SEA,2026-09-20T19:10:00Z,Scheduled,9,Kade Anderson,807739,L,38.4,Longshot,Watch List,"Projected Lineup, Platoon Edge",29.4,33.7,38.7,40.2,78.0,42.0,No,No,9,Yes,Yes,RotoWire projected lineup; MLB probable pitchers,lineup projected / unconfirmed,H:2026/2025 P:2026,,,Direct BvP not yet weighted; 2026/2025 Statcast baseline active,7,5,18,1,"Last 7 games: 5/18, 1 HR","platoon edge; pitcher baseline 7.7% barrel, 4.0 HR allowed",neutral batted-ball profile; pitcher fly-ball pressure modest,7.48,34.84,88.14,99.0541,0.3899,0.1534,0.2917,71.95,20.96,37.19,30.13,10.4,0.1316,7.7,39.7,87.5,0.404,0.14,25.6,,,Coors Field,
182,807712,Luke Keaschall,MIN,LAA,2026-09-20T20:07:00Z,Scheduled,1,Ryan Johnson,696270,R,38.4,Longshot,Watch List,"Projected Lineup, Premium Lineup Spot",12.4,46.1,28.2,88.7,50.0,40.9,No,No,1,Yes,Yes,RotoWire projected lineup; MLB probable pitchers,lineup projected / unconfirmed,H:2026/2025 P:2026/2025,,,Direct BvP not yet weighted; 2026/2025 Statcast baseline active,7,11,28,0,Contact streak: 11/28 over last 7 games,"same-side matchup; pitcher baseline 9.5% barrel, 13.8 HR allowed",neutral batted-ball profile; pitcher allows elevated contact,3.87,29.59,85.64,96.7171,0.3647,0.1125,0.3198,68.57,7.17,39.1,27.11,7.5,0.1178,9.48,36.42,87.68,0.4332,0.1833,34.09,,,Angel Stadium,
183,672275,Patrick Bailey,CLE,ATH,2026-09-20T17:40:00Z,Scheduled,8,Jack Perkins,678022,R,38.2,Longshot,Watch List,"Projected Lineup, Platoon Edge",30.7,39.3,27.6,47.9,75.0,21.1,No,No,8,Yes,Yes,RotoWire projected lineup; MLB probable pitchers,lineup projected / unconfirmed,H:2026/2025 P:2026/2025,,,Direct BvP not yet weighted; 2026/2025 Statcast baseline active,7,6,23,0,"Last 7 games: 6/23, 0 HR","switch hitter; pitcher baseline 9.2% barrel, 15.2 HR allowed",neutral batted-ball profile; pitcher allows elevated contact,6.58,40.11,89.67,99.6133,0.3736,0.1433,0.2927,72.41,26.2,34.6,27.04,7.4,0.1121,9.18,36.86,87.94,0.3769,0.1503,33.12,,,Progressive Field,
184,695391,Brett Harris,SF,LAD,2026-09-20T20:10:00Z,Scheduled,3,,,,38.2,Longshot,Watch List,"Projected Lineup, Premium Lineup Spot",15.1,41.2,27.6,92.1,60.0,17.3,No,No,3,Yes,Yes,RotoWire projected lineup; MLB probable pitchers,lineup projected / unconfirmed,H:2026/2025 P:,,,Direct BvP not yet weighted; 2026/2025 Statcast baseline active,7,4,17,0,"Last 7 games: 4/17, 0 HR","handedness incomplete; pitcher baseline 0.0% barrel, 0.0 HR allowed",neutral batted-ball profile; pitcher fly-ball pressure modest,5.8,36.34,86.24,97.8941,0.257,0.0808,0.2663,70.86,14.16,30.68,22.34,0.0,0.0533,,,,,,,,,UNIQLO Field at Dodger Stadium,
185,663494,Bryan Torres,STL,WSH,2026-09-20T18:15:00Z,Scheduled,6,Jake Irvin,663623,R,38.1,Longshot,Watch List,"Projected Lineup, Platoon Edge",7.6,62.1,22.1,71.7,80.0,3.4,No,No,6,Yes,Yes,RotoWire projected lineup; MLB probable pitchers,lineup projected / unconfirmed,H:2026 P:2026/2025,,,Direct BvP not yet weighted; 2026/2025 Statcast baseline active,7,3,21,0,"Last 7 games: 3/21, 0 HR","platoon edge; pitcher baseline 11.2% barrel, 23.3 HR allowed",neutral batted-ball profile; pitcher fly-ball pressure modest,3.3,25.8,86.7,95.6277,0.339,0.104,0.293,66.0,1.1,46.8,22.6,4.0,0.109,11.23,45.7,89.7,0.4693,0.2127,29.23,,,Busch Stadium,
186,664983,Jake McCarthy,COL,SEA,2026-09-20T19:10:00Z,Scheduled,1,Kade Anderson,807739,L,38.1,Longshot,Watch List,"Projected Lineup, Premium Lineup Spot",17.6,33.7,38.7,88.7,50.0,30.2,No,No,1,Yes,Yes,RotoWire projected lineup; MLB probable pitchers,lineup projected / unconfirmed,H:2026/2025 P:2026,,,Direct BvP not yet weighted; 2026/2025 Statcast baseline active,7,9,28,0,Contact streak: 9/28 over last 7 games,"same-side matchup; pitcher baseline 7.7% barrel, 4.0 HR allowed",neutral batted-ball profile; pitcher fly-ball pressure modest,5.58,28.37,85.33,96.9155,0.4069,0.1399,0.3147,70.89,13.12,37.8,21.94,11.7,0.1767,7.7,39.7,87.5,0.404,0.14,25.6,,,Coors Field,
187,681297,Colton Cowser,BAL,MIL,2026-09-20T23:20:00Z,Scheduled,9,Jacob Misiorowski,694819,R,38.1,Longshot,Watch List,"Projected Lineup, Strong Barrel, Platoon Edge",43.5,18.9,32.1,40.2,80.0,32.0,No,No,9,Yes,Yes,RotoWire projected lineup; MLB probable pitchers,lineup projected / unconfirmed,H:2026/2025 P:2026/2025,,,Direct BvP not yet weighted; 2026/2025 Statcast baseline active,7,7,21,0,Contact streak: 7/21 over last 7 games,"platoon edge; pitcher baseline 5.0% barrel, 12.2 HR allowed",neutral batted-ball profile; pitcher fly-ball pressure modest,11.09,42.29,88.8,100.8377,0.404,0.1904,0.3084,74.3,43.52,38.87,31.52,13.9,0.1575,5.03,34.35,87.74,0.2796,0.0996,25.71,,,Oriole Park at Camden Yards,
188,701675,Nathan Church,STL,WSH,2026-09-20T18:15:00Z,Scheduled,9,Jake Irvin,663623,R,38.0,Longshot,Watch List,"Projected Lineup, Platoon Edge",15.2,62.1,22.1,40.2,80.0,39.7,No,No,9,Yes,Yes,RotoWire projected lineup; MLB probable pitchers,lineup projected / unconfirmed,H:2026/2025 P:2026/2025,,,Direct BvP not yet weighted; 2026/2025 Statcast baseline active,7,10,26,0,Contact streak: 10/26 over last 7 games,"platoon edge; pitcher baseline 11.2% barrel, 23.3 HR allowed",neutral batted-ball profile; pitcher fly-ball pressure modest,4.64,33.94,86.76,97.5874,0.3378,0.1067,0.2771,69.53,8.2,34.71,21.95,7.3,0.106,11.23,45.7,89.7,0.4693,0.2127,29.23,,,Busch Stadium,
189,808982,Jung Hoo Lee,SF,LAD,2026-09-20T20:10:00Z,Scheduled,4,,,,38.0,Longshot,Watch List,"Projected Lineup, Premium Lineup Spot",12.9,41.2,27.6,90.4,60.0,32.5,No,No,4,Yes,Yes,RotoWire projected lineup; MLB probable pitchers,lineup projected / unconfirmed,H:2026/2025 P:,,,Direct BvP not yet weighted; 2026/2025 Statcast baseline active,7,6,28,1,"Last 7 games: 6/28, 1 HR","handedness incomplete; pitcher baseline 0.0% barrel, 0.0 HR allowed",neutral batted-ball profile; pitcher fly-ball pressure modest,2.72,31.65,87.45,96.982,0.3822,0.0989,0.3161,68.44,3.33,38.53,22.94,9.4,0.1319,,,,,,,,,UNIQLO Field at Dodger Stadium,
190,703520,Brett Bateman,TOR,TEX,2026-09-20T18:35:00Z,Scheduled,1,Jacob deGrom,594798,R,37.9,Longshot,Watch List,"Projected Lineup, Premium Lineup Spot, Platoon Edge",2.6,47.5,27.6,88.7,80.0,37.8,No,No,1,Yes,Yes,RotoWire projected lineup; MLB probable pitchers,lineup projected / unconfirmed,H:2026 P:2026/2025,,,Direct BvP not yet weighted; 2026/2025 Statcast baseline active,7,7,28,1,"Last 7 games: 7/28, 1 HR","platoon edge; pitcher baseline 8.6% barrel, 21.8 HR allowed",neutral batted-ball profile; pitcher fly-ball pressure modest,1.8,20.5,84.5,94.8881,0.328,0.071,0.301,68.0,2.2,33.0,11.6,2.0,0.091,8.6,44.42,90.45,0.3798,0.1539,28.9,,,Globe Life Field,
191,682663,Agustin Ramirez,MIA,SD,2026-09-20T20:10:00Z,Scheduled,9,Walker Buehler,621111,R,37.9,Longshot,Watch List,"Projected Lineup, Hot Hitter/Streak",31.0,43.0,22.6,40.2,50.0,75.8,No,No,9,Yes,Yes,RotoWire projected lineup; MLB probable pitchers,lineup projected / unconfirmed,H:2026/2025 P:2026/2025,,,Direct BvP not yet weighted; 2026/2025 Statcast baseline active,7,8,21,2,Hot streak: 2 HR in last 7 games,"same-side matchup; pitcher baseline 8.6% barrel, 20.6 HR allowed",neutral batted-ball profile; pitcher fly-ball pressure modest,6.66,42.38,90.03,102.6626,0.3604,0.1266,0.2998,75.62,56.67,42.15,18.63,9.8,0.1463,8.59,38.15,88.88,0.4171,0.1645,23.44,,,Petco Park,
192,592663,J.T. Realmuto,PHI,NYM,2026-09-20T17:10:00Z,Scheduled,7,Jonah Tong,804636,R,37.7,Longshot,Watch List,Projected Lineup,32.3,37.3,24.8,59.8,50.0,29.2,No,No,7,Yes,Yes,RotoWire projected lineup; MLB probable pitchers,lineup projected / unconfirmed,H:2026/2025 P:2026/2025,,,Direct BvP not yet weighted; 2026/2025 Statcast baseline active,7,5,26,1,"Last 7 games: 5/26, 1 HR","same-side matchup; pitcher baseline 8.9% barrel, 2.3 HR allowed",neutral batted-ball profile; pitcher allows elevated contact,6.56,41.58,89.72,100.0592,0.3998,0.1454,0.3195,72.77,30.61,41.88,26.08,11.3,0.1298,8.91,34.64,89.58,0.3604,0.1456,33.31,,,Citi Field,
193,807726,John Peck,DET,CWS,2026-09-20T18:10:00Z,Scheduled,9,Davis Martin,663436,R,37.6,Longshot,Watch List,"Projected Lineup, Strong Barrel",36.8,44.8,27.6,40.2,50.0,8.5,No,No,9,Yes,Yes,RotoWire projected lineup; MLB probable pitchers,lineup projected / unconfirmed,H:2026 P:2026/2025,,,Direct BvP not yet weighted; 2026/2025 Statcast baseline active,7,3,17,0,"Last 7 games: 3/17, 0 HR","same-side matchup; pitcher baseline 7.4% barrel, 15.8 HR allowed",neutral batted-ball profile; pitcher fly-ball pressure modest,11.8,40.0,88.4,98.6038,0.405,0.152,0.35,72.3,17.9,22.9,14.3,0.0,0.022,7.42,44.67,90.42,0.4293,0.1573,23.97,,,Rate Field,
194,680574,Matt McLain,CIN,CHC,2026-09-20T17:40:00Z,Scheduled,9,,,,37.5,Longshot,Watch List,Projected Lineup,32.4,41.2,39.3,40.2,60.0,0.0,No,No,9,Yes,Yes,RotoWire projected lineup; MLB probable pitchers,lineup projected / unconfirmed,H:2026/2025 P:,,,Direct BvP not yet weighted; 2026/2025 Statcast baseline active,7,1,20,0,"Last 7 games: 1/20, 0 HR","handedness incomplete; pitcher baseline 0.0% barrel, 0.0 HR allowed",neutral batted-ball profile; pitcher fly-ball pressure modest,8.99,37.48,88.31,98.8974,0.3669,0.1525,0.2959,71.0,9.96,36.34,33.78,15.0,0.1433,,,,,,,,,Great American Ball Park,
195,641680,Jonah Heim,ATH,CLE,2026-09-20T17:40:00Z,Scheduled,8,Gavin Williams,668909,R,37.5,Longshot,Watch List,"Projected Lineup, Platoon Edge",21.9,52.9,27.6,47.9,75.0,0.0,No,No,8,Yes,Yes,RotoWire projected lineup; MLB probable pitchers,lineup projected / unconfirmed,H:2026/2025 P:2026/2025,,,Direct BvP not yet weighted; 2026/2025 Statcast baseline active,7,2,25,0,"Last 7 games: 2/25, 0 HR","switch hitter; pitcher baseline 10.6% barrel, 25.8 HR allowed",neutral batted-ball profile; pitcher fly-ball pressure modest,6.17,32.75,87.68,97.6776,0.3572,0.1333,0.2823,69.84,9.45,40.56,27.55,12.4,0.1512,10.61,46.05,90.12,0.3973,0.1747,25.86,,,Progressive Field,
196,681198,TJ Rumfield,COL,SEA,2026-09-20T19:10:00Z,Scheduled,4,Kade Anderson,807739,L,37.5,Longshot,Watch List,"Projected Lineup, Premium Lineup Spot",12.7,33.7,38.7,90.4,50.0,45.0,No,No,4,Yes,Yes,RotoWire projected lineup; MLB probable pitchers,lineup projected / unconfirmed,H:2026 P:2026,,,Direct BvP not yet weighted; 2026/2025 Statcast baseline active,7,12,28,0,Contact streak: 12/28 over last 7 games,"same-side matchup; pitcher baseline 7.7% barrel, 4.0 HR allowed",neutral batted-ball profile; pitcher fly-ball pressure modest,4.8,27.2,84.1,96.0649,0.389,0.125,0.336,68.4,7.6,41.0,28.6,15.0,0.153,7.7,39.7,87.5,0.404,0.14,25.6,,,Coors Field,
197,682928,CJ Abrams,WSH,STL,2026-09-20T18:15:00Z,Scheduled,4,Quinn Mathews,687273,L,37.4,Longshot,Watch List,"Projected Lineup, Premium Lineup Spot",38.5,12.9,22.1,90.4,50.0,22.0,No,No,4,Yes,Yes,RotoWire projected lineup; MLB probable pitchers,lineup projected / unconfirmed,H:2026/2025 P:2026,,,Direct BvP not yet weighted; 2026/2025 Statcast baseline active,7,8,30,0,"Last 7 games: 8/30, 0 HR","same-side matchup; pitcher baseline 2.8% barrel, 3.0 HR allowed",neutral batted-ball profile; pitcher fly-ball pressure modest,9.21,40.6,89.4,99.9062,0.4199,0.1735,0.323,72.82,27.12,44.22,28.31,26.7,0.2131,2.8,32.1,87.7,0.321,0.085,25.7,,,Busch Stadium,
198,543760,Marcus Semien,NYM,PHI,2026-09-20T17:10:00Z,Scheduled,6,Cristopher Sánchez,650911,L,37.3,Longshot,Watch List,"Projected Lineup, Platoon Edge",23.1,32.5,24.8,71.7,78.0,22.4,No,No,6,Yes,Yes,RotoWire projected lineup; MLB probable pitchers,lineup projected / unconfirmed,H:2026/2025 P:2026/2025,,,Direct BvP not yet weighted; 2026/2025 Statcast baseline active,7,7,26,0,"Last 7 games: 7/26, 0 HR","platoon edge; pitcher baseline 6.9% barrel, 15.5 HR allowed",neutral batted-ball profile; pitcher fly-ball pressure modest,6.17,33.74,87.11,97.3626,0.3838,0.1397,0.3075,68.57,3.48,46.7,32.49,14.3,0.127,6.89,40.64,89.07,0.3583,0.1249,16.62,,,Citi Field,
199,669394,Jake Burger,TEX,TOR,2026-09-20T18:35:00Z,Scheduled,7,Spencer Miles,693686,R,37.3,Longshot,Watch List,"Projected Lineup, Strong Barrel",51.7,11.9,27.6,59.8,50.0,7.0,No,No,7,Yes,Yes,RotoWire projected lineup; MLB probable pitchers,lineup projected / unconfirmed,H:2026/2025 P:2026,,,Direct BvP not yet weighted; 2026/2025 Statcast baseline active,7,4,24,0,"Last 7 games: 4/24, 0 HR","same-side matchup; pitcher baseline 3.5% barrel, 5.0 HR allowed",neutral batted-ball profile; pitcher fly-ball pressure modest,12.85,46.82,90.19,102.7492,0.4402,0.204,0.3205,75.37,58.35,40.97,28.11,23.0,0.1893,3.5,34.5,86.8,0.32,0.091,19.8,,,Globe Life Field,
200,662139,Daulton Varsho,HOU,ATL,2026-09-20T18:10:00Z,Scheduled,8,Martín Pérez,527048,L,37.2,Longshot,Watch List,Projected Lineup,35.9,37.7,27.6,47.9,50.0,18.3,No,No,8,Yes,Yes,RotoWire projected lineup; MLB probable pitchers,lineup projected / unconfirmed,H:2026/2025 P:2026/2025,,,Direct BvP not yet weighted; 2026/2025 Statcast baseline active,7,2,24,1,"Last 7 games: 2/24, 1 HR","same-side matchup; pitcher baseline 7.9% barrel, 10.9 HR allowed",neutral batted-ball profile; pitcher fly-ball pressure modest,9.6,37.78,87.73,99.464,0.3974,0.1683,0.2969,73.71,36.67,41.78,31.55,14.4,0.1882,7.93,37.16,88.06,0.4213,0.1618,24.69,,,Daikin Park,
201,663538,Nico Hoerner,CHC,CIN,2026-09-20T17:40:00Z,Scheduled,6,Rhett Lowder,695076,R,36.9,Longshot,Watch List,Projected Lineup,8.9,53.1,39.3,71.7,50.0,15.3,No,No,6,Yes,Yes,RotoWire projected lineup; MLB probable pitchers,lineup projected / unconfirmed,H:2026/2025 P:2026,,,Direct BvP not yet weighted; 2026/2025 Statcast baseline active,7,6,27,0,"Last 7 games: 6/27, 0 HR","same-side matchup; pitcher baseline 9.8% barrel, 18.0 HR allowed",neutral batted-ball profile; pitcher fly-ball pressure modest,1.77,29.39,86.14,96.2782,0.3805,0.0843,0.3213,68.33,1.76,32.52,21.98,7.7,0.0921,9.8,38.9,90.1,0.463,0.192,27.6,,,Great American Ball Park,
202,694671,Wyatt Langford,TEX,TOR,2026-09-20T18:35:00Z,Scheduled,6,Spencer Miles,693686,R,36.9,Longshot,Watch List,Projected Lineup,40.1,11.9,27.6,71.7,50.0,43.2,No,No,6,Yes,Yes,RotoWire projected lineup; MLB probable pitchers,lineup projected / unconfirmed,H:2026/2025 P:2026,,,Direct BvP not yet weighted; 2026/2025 Statcast baseline active,7,6,21,1,"Last 7 games: 6/21, 1 HR","same-side matchup; pitcher baseline 3.5% barrel, 5.0 HR allowed",neutral batted-ball profile; pitcher fly-ball pressure modest,9.8,40.35,89.58,100.4009,0.4137,0.1778,0.3299,72.89,27.78,42.96,30.67,18.5,0.1921,3.5,34.5,86.8,0.32,0.091,19.8,,,Globe Life Field,
203,668952,Ryan Kreidler,MIN,LAA,2026-09-20T20:07:00Z,Scheduled,9,Ryan Johnson,696270,R,36.9,Longshot,Watch List,Projected Lineup,27.0,46.1,28.2,40.2,50.0,52.0,No,No,9,Yes,Yes,RotoWire projected lineup; MLB probable pitchers,lineup projected / unconfirmed,H:2026/2025 P:2026/2025,,,Direct BvP not yet weighted; 2026/2025 Statcast baseline active,7,4,18,2,Hot streak: 2 HR in last 7 games,"same-side matchup; pitcher baseline 9.5% barrel, 13.8 HR allowed",neutral batted-ball profile; pitcher allows elevated contact,7.04,34.76,88.69,99.2643,0.3383,0.1315,0.2724,73.03,31.46,44.7,30.33,4.9,0.1099,9.48,36.42,87.68,0.4332,0.1833,34.09,,,Angel Stadium,
204,680757,Steven Kwan,CLE,ATH,2026-09-20T17:40:00Z,Scheduled,1,Jack Perkins,678022,R,36.8,Longshot,Watch List,"Projected Lineup, Premium Lineup Spot, Platoon Edge",2.5,41.0,27.6,88.7,80.0,48.3,No,No,1,Yes,Yes,RotoWire projected lineup; MLB probable pitchers,lineup projected / unconfirmed,H:2026/2025 P:2026/2025,,,Direct BvP not yet weighted; 2026/2025 Statcast baseline active,7,8,25,1,Contact streak: 8/25 over last 7 games,"platoon edge; pitcher baseline 9.2% barrel, 15.2 HR allowed",neutral batted-ball profile; pitcher allows elevated contact,0.85,13.0,84.38,92.7195,0.3457,0.0727,0.3198,62.73,0.31,28.44,23.37,5.4,0.0775,9.18,36.86,87.94,0.3769,0.1503,33.12,,,Progressive Field,
205,683011,Anthony Volpe,NYY,AZ,2026-09-20T20:10:00Z,Scheduled,9,Corbin Burnes,669203,R,36.8,Longshot,Watch List,Projected Lineup,26.1,54.5,28.2,40.2,50.0,14.6,No,No,9,Yes,Yes,RotoWire projected lineup; MLB probable pitchers,lineup projected / unconfirmed,H:2026/2025 P:2026/2025,,,Direct BvP not yet weighted; 2026/2025 Statcast baseline active,7,5,23,0,"Last 7 games: 5/23, 0 HR","same-side matchup; pitcher baseline 11.2% barrel, 3.5 HR allowed",neutral batted-ball profile; pitcher allows elevated contact,6.44,38.96,88.53,98.9353,0.3574,0.1267,0.2975,71.69,19.4,33.5,25.18,7.1,0.1209,11.18,38.73,90.34,0.4081,0.1839,43.67,,,Chase Field,
206,687401,Joey Ortiz,MIL,BAL,2026-09-20T23:20:00Z,Scheduled,7,Brandon Young,687064,R,36.5,Longshot,Watch List,Projected Lineup,17.3,43.1,32.1,59.8,50.0,54.9,No,No,7,Yes,Yes,RotoWire projected lineup; MLB probable pitchers,lineup projected / unconfirmed,H:2026/2025 P:2026/2025,,,Direct BvP not yet weighted; 2026/2025 Statcast baseline active,7,8,22,1,Contact streak: 8/22 over last 7 games,"same-side matchup; pitcher baseline 7.8% barrel, 18.3 HR allowed",neutral batted-ball profile; pitcher fly-ball pressure modest,3.84,35.74,87.84,99.1971,0.3438,0.0988,0.2925,73.0,30.85,32.12,20.17,8.4,0.1192,7.75,40.17,89.33,0.4159,0.1651,26.73,,,Oriole Park at Camden Yards,
207,687597,Jordan Beck,COL,SEA,2026-09-20T19:10:00Z,Scheduled,7,Kade Anderson,807739,L,36.4,Longshot,Watch List,"Projected Lineup, Platoon Edge",19.6,33.7,38.7,59.8,78.0,12.0,No,No,7,Yes,Yes,RotoWire projected lineup; MLB probable pitchers,lineup projected / unconfirmed,H:2026/2025 P:2026,,,Direct BvP not yet weighted; 2026/2025 Statcast baseline active,7,3,15,0,"Last 7 games: 3/15, 0 HR","platoon edge; pitcher baseline 7.7% barrel, 4.0 HR allowed",neutral batted-ball profile; pitcher fly-ball pressure modest,5.61,33.32,86.77,98.6235,0.3236,0.1066,0.267,73.69,36.97,39.59,28.32,5.5,0.1118,7.7,39.7,87.5,0.404,0.14,25.6,,,Coors Field,
208,687957,Dustin Harris,SD,MIA,2026-09-20T20:10:00Z,Scheduled,2,Sandy Alcantara,645261,R,36.3,Longshot,Watch List,"Projected Lineup, Premium Lineup Spot, Platoon Edge",4.5,36.9,22.6,95.5,80.0,38.9,No,No,2,Yes,Yes,RotoWire projected lineup; MLB probable pitchers,lineup projected / unconfirmed,H:2026/2025 P:2026/2025,,,Direct BvP not yet weighted; 2026/2025 Statcast baseline active,7,11,29,0,Contact streak: 11/29 over last 7 games,"platoon edge; pitcher baseline 6.6% barrel, 22.7 HR allowed",neutral batted-ball profile; pitcher fly-ball pressure modest,2.65,21.77,85.22,95.0647,0.3464,0.0911,0.2975,66.82,2.45,46.87,21.77,0.3,0.1066,6.64,38.77,89.23,0.3982,0.1428,24.94,,,Petco Park,
209,669236,Jeremiah Jackson,BAL,MIL,2026-09-20T23:20:00Z,Scheduled,7,Jacob Misiorowski,694819,R,36.3,Longshot,Watch List,Projected Lineup,35.1,18.9,32.1,59.8,50.0,49.9,No,No,7,Yes,Yes,RotoWire projected lineup; MLB probable pitchers,lineup projected / unconfirmed,H:2026/2025 P:2026/2025,,,Direct BvP not yet weighted; 2026/2025 Statcast baseline active,7,5,24,2,Hot streak: 2 HR in last 7 games,"same-side matchup; pitcher baseline 5.0% barrel, 12.2 HR allowed",neutral batted-ball profile; pitcher fly-ball pressure modest,7.99,41.52,89.9,100.6146,0.3951,0.1594,0.2889,72.67,26.75,39.3,24.7,7.8,0.1563,5.03,34.35,87.74,0.2796,0.0996,25.71,,,Oriole Park at Camden Yards,
210,669242,Tommy Edman,LAD,SF,2026-09-20T20:10:00Z,Scheduled,8,Matt Wilkinson,683363,L,36.1,Longshot,Watch List,"Projected Lineup, Platoon Edge",19.4,50.4,27.6,47.9,75.0,0.0,No,No,8,Yes,Yes,RotoWire projected lineup; MLB probable pitchers,lineup projected / unconfirmed,H:2026/2025 P:2026,,,Direct BvP not yet weighted; 2026/2025 Statcast baseline active,7,2,22,0,"Last 7 games: 2/22, 0 HR","switch hitter; pitcher baseline 7.7% barrel, 4.0 HR allowed",neutral batted-ball profile; pitcher allows elevated contact,4.78,35.07,87.53,98.7851,0.3613,0.1111,0.3077,70.66,13.58,43.37,26.71,8.1,0.1339,7.7,49.2,91.0,0.444,0.187,32.3,,,UNIQLO Field at Dodger Stadium,
211,691026,Masyn Winn,STL,WSH,2026-09-20T18:15:00Z,Scheduled,8,Jake Irvin,663623,R,35.8,Longshot,Watch List,Projected Lineup,16.0,62.1,22.1,47.9,50.0,21.5,No,No,8,Yes,Yes,RotoWire projected lineup; MLB probable pitchers,lineup projected / unconfirmed,H:2026/2025 P:2026/2025,,,Direct BvP not yet weighted; 2026/2025 Statcast baseline active,7,5,19,0,"Last 7 games: 5/19, 0 HR","same-side matchup; pitcher baseline 11.2% barrel, 23.3 HR allowed",neutral batted-ball profile; pitcher fly-ball pressure modest,3.82,34.74,88.23,98.6198,0.3372,0.0923,0.2944,71.24,16.26,32.46,22.02,6.2,0.0932,11.23,45.7,89.7,0.4693,0.2127,29.23,,,Busch Stadium,
212,650333,Luis Arraez,PHI,NYM,2026-09-20T17:10:00Z,Scheduled,4,Jonah Tong,804636,R,35.4,Longshot,Watch List,"Projected Lineup, Premium Lineup Spot, Platoon Edge",6.8,37.3,24.8,90.4,80.0,12.0,No,No,4,Yes,Yes,RotoWire projected lineup; MLB probable pitchers,lineup projected / unconfirmed,H:2026/2025 P:2026/2025,,,Direct BvP not yet weighted; 2026/2025 Statcast baseline active,7,5,25,0,"Last 7 games: 5/25, 0 HR","platoon edge; pitcher baseline 8.9% barrel, 2.3 HR allowed",neutral batted-ball profile; pitcher allows elevated contact,1.17,18.17,86.24,93.8847,0.3714,0.0844,0.3058,62.92,0.19,30.17,28.1,6.6,0.1084,8.91,34.64,89.58,0.3604,0.1456,33.31,,,Citi Field,
213,695670,Harry Ford,WSH,STL,2026-09-20T18:15:00Z,Scheduled,7,Quinn Mathews,687273,L,35.4,Longshot,Watch List,"Projected Lineup, Strong Barrel, Platoon Edge",41.1,12.9,22.1,59.8,78.0,0.0,No,No,7,Yes,Yes,RotoWire projected lineup; MLB probable pitchers,lineup projected / unconfirmed,H:2026/2025 P:2026,,,Direct BvP not yet weighted; 2026/2025 Statcast baseline active,7,1,12,0,"Last 7 games: 1/12, 0 HR","platoon edge; pitcher baseline 2.8% barrel, 3.0 HR allowed",fly-ball profile; pitcher fly-ball pressure modest,14.92,38.31,87.11,98.9814,0.3553,0.1731,0.2849,69.62,5.63,34.03,37.26,2.1,0.1141,2.8,32.1,87.7,0.321,0.085,25.7,,,Busch Stadium,
214,669701,Josh Smith,TOR,TEX,2026-09-20T18:35:00Z,Scheduled,8,Jacob deGrom,594798,R,35.4,Longshot,Watch List,"Projected Lineup, Platoon Edge",17.8,47.5,27.6,47.9,80.0,0.8,No,No,8,Yes,Yes,RotoWire projected lineup; MLB probable pitchers,lineup projected / unconfirmed,H:2026/2025 P:2026/2025,,,Direct BvP not yet weighted; 2026/2025 Statcast baseline active,7,2,16,0,"Last 7 games: 2/16, 0 HR","platoon edge; pitcher baseline 8.6% barrel, 21.8 HR allowed",neutral batted-ball profile; pitcher fly-ball pressure modest,6.26,30.89,86.29,97.2272,0.338,0.1204,0.2918,68.86,2.97,36.3,29.77,7.2,0.122,8.6,44.42,90.45,0.3798,0.1539,28.9,,,Globe Life Field,
215,691594,Javier Sanoja,MIA,SD,2026-09-20T20:10:00Z,Scheduled,5,Walker Buehler,621111,R,35.3,Longshot,Watch List,Projected Lineup,11.3,43.0,22.6,81.9,50.0,37.8,No,No,5,Yes,Yes,RotoWire projected lineup; MLB probable pitchers,lineup projected / unconfirmed,H:2026/2025 P:2026/2025,,,Direct BvP not yet weighted; 2026/2025 Statcast baseline active,7,7,28,1,"Last 7 games: 7/28, 1 HR","same-side matchup; pitcher baseline 8.6% barrel, 20.6 HR allowed",neutral batted-ball profile; pitcher fly-ball pressure modest,2.29,33.04,87.52,97.5913,0.349,0.0844,0.289,69.0,6.88,38.15,19.46,8.1,0.1565,8.59,38.15,88.88,0.4171,0.1645,23.44,,,Petco Park,
216,693304,Nick Gonzales,PIT,KC,2026-09-20T17:35:00Z,Scheduled,5,Michael Wacha,608379,R,35.2,Longshot,Watch List,Projected Lineup,16.3,37.3,24.3,81.9,50.0,24.9,No,No,5,Yes,Yes,RotoWire projected lineup; MLB probable pitchers,lineup projected / unconfirmed,H:2026/2025 P:2026/2025,,,Direct BvP not yet weighted; 2026/2025 Statcast baseline active,7,6,21,0,"Last 7 games: 6/21, 0 HR","same-side matchup; pitcher baseline 7.0% barrel, 23.4 HR allowed",neutral batted-ball profile; pitcher fly-ball pressure modest,3.45,35.65,87.05,98.1808,0.3799,0.1063,0.3155,70.71,12.45,36.66,21.47,5.7,0.0915,6.98,35.72,87.92,0.4081,0.1633,28.95,,,PNC Park,
217,806367,Turner Hill,SF,LAD,2026-09-20T20:10:00Z,Scheduled,6,,,,35.2,Longshot,Watch List,Projected Lineup,12.7,41.2,27.6,71.7,60.0,30.3,No,No,6,Yes,Yes,RotoWire projected lineup; MLB probable pitchers,lineup projected / unconfirmed,H:2026 P:,,,Direct BvP not yet weighted; 2026/2025 Statcast baseline active,7,5,25,1,"Last 7 games: 5/25, 1 HR","handedness incomplete; pitcher baseline 0.0% barrel, 0.0 HR allowed",neutral batted-ball profile; pitcher fly-ball pressure modest,4.1,31.5,87.5,96.7745,0.36,0.108,0.326,65.8,0.7,47.9,20.5,1.0,0.102,,,,,,,,,UNIQLO Field at Dodger Stadium,
218,687462,Spencer Horwitz,PIT,KC,2026-09-20T17:35:00Z,Scheduled,8,Michael Wacha,608379,R,35.1,Longshot,Watch List,"Projected Lineup, Platoon Edge",21.3,37.3,24.3,47.9,80.0,32.0,No,No,8,Yes,Yes,RotoWire projected lineup; MLB probable pitchers,lineup projected / unconfirmed,H:2026/2025 P:2026/2025,,,Direct BvP not yet weighted; 2026/2025 Statcast baseline active,7,7,21,0,Contact streak: 7/21 over last 7 games,"platoon edge; pitcher baseline 7.0% barrel, 23.4 HR allowed",neutral batted-ball profile; pitcher fly-ball pressure modest,6.62,32.71,87.05,97.4513,0.3664,0.1325,0.3162,68.68,5.32,39.45,27.91,10.3,0.1326,6.98,35.72,87.92,0.4081,0.1633,28.95,,,PNC Park,
219,676356,Jonny DeLuca,TB,BOS,2026-09-20T17:40:00Z,Scheduled,5,Patrick Sandoval,663776,L,34.9,Longshot,Watch List,"Projected Lineup, Platoon Edge",9.9,34.3,27.6,81.9,78.0,15.3,No,No,5,Yes,Yes,RotoWire projected lineup; MLB probable pitchers,lineup projected / unconfirmed,H:2026/2025 P:2026,,,Direct BvP not yet weighted; 2026/2025 Statcast baseline active,7,4,18,0,"Last 7 games: 4/18, 0 HR","platoon edge; pitcher baseline 6.9% barrel, 6.0 HR allowed",neutral batted-ball profile; pitcher fly-ball pressure modest,2.86,29.91,85.53,97.4049,0.3283,0.0893,0.2628,72.75,28.59,45.74,22.69,6.3,0.1426,6.9,36.0,87.8,0.442,0.163,25.7,,,Tropicana Field,
220,671976,Tristan Peters,CWS,DET,2026-09-20T18:10:00Z,Scheduled,6,Troy Melton,675512,R,34.9,Longshot,Watch List,"Projected Lineup, Platoon Edge",14.5,36.6,27.6,71.7,80.0,0.0,No,No,6,Yes,Yes,RotoWire projected lineup; MLB probable pitchers,lineup projected / unconfirmed,H:2026/2025 P:2026/2025,,,Direct BvP not yet weighted; 2026/2025 Statcast baseline active,7,2,18,0,"Last 7 games: 2/18, 0 HR","platoon edge; pitcher baseline 6.9% barrel, 11.2 HR allowed",neutral batted-ball profile; pitcher fly-ball pressure modest,3.92,35.66,87.22,98.1516,0.3264,0.1071,0.2656,69.16,5.18,42.05,19.88,8.4,0.1253,6.92,40.94,89.4,0.3801,0.1519,25.26,,,Rate Field,
221,668800,Andrew Knizner,SF,LAD,2026-09-20T20:10:00Z,Scheduled,7,,,,34.9,Longshot,Watch List,Projected Lineup,13.9,41.2,27.6,59.8,60.0,50.3,No,No,7,Yes,Yes,RotoWire projected lineup; MLB probable pitchers,lineup projected / unconfirmed,H:2026/2025 P:,,,Direct BvP not yet weighted; 2026/2025 Statcast baseline active,7,7,21,1,Contact streak: 7/21 over last 7 games,"handedness incomplete; pitcher baseline 0.0% barrel, 0.0 HR allowed",neutral batted-ball profile; pitcher fly-ball pressure modest,5.32,28.1,85.18,96.7847,0.351,0.1232,0.2934,69.55,6.0,31.52,24.88,1.7,0.1403,,,,,,,,,UNIQLO Field at Dodger Stadium,
222,805999,A.J. Ewing,NYM,PHI,2026-09-20T17:10:00Z,Scheduled,8,Cristopher Sánchez,650911,L,34.8,Longshot,Watch List,Projected Lineup,30.7,32.5,24.8,47.9,50.0,39.2,No,No,8,Yes,Yes,RotoWire projected lineup; MLB probable pitchers,lineup projected / unconfirmed,H:2026 P:2026/2025,,,Direct BvP not yet weighted; 2026/2025 Statcast baseline active,7,7,27,1,"Last 7 games: 7/27, 1 HR","same-side matchup; pitcher baseline 6.9% barrel, 15.5 HR allowed",neutral batted-ball profile; pitcher fly-ball pressure modest,7.0,42.0,89.4,100.0429,0.398,0.141,0.32,70.5,12.6,31.3,24.3,10.0,0.124,6.89,40.64,89.07,0.3583,0.1249,16.62,,,Citi Field,
223,663743,Nick Fortes,TB,BOS,2026-09-20T17:40:00Z,Scheduled,7,Patrick Sandoval,663776,L,34.4,Longshot,Watch List,"Projected Lineup, Platoon Edge",12.5,34.3,27.6,59.8,78.0,50.3,No,No,7,Yes,Yes,RotoWire projected lineup; MLB probable pitchers,lineup projected / unconfirmed,H:2026/2025 P:2026,,,Direct BvP not yet weighted; 2026/2025 Statcast baseline active,7,3,9,1,Contact streak: 3/9 over last 7 games,"platoon edge; pitcher baseline 6.9% barrel, 6.0 HR allowed",neutral batted-ball profile; pitcher fly-ball pressure modest,2.78,36.01,85.96,98.9542,0.3269,0.0916,0.2756,72.42,23.88,51.12,17.94,5.0,0.1158,6.9,36.0,87.8,0.442,0.163,25.7,,,Tropicana Field,
224,695681,Christian Moore,LAA,MIN,2026-09-20T20:07:00Z,Scheduled,8,Dean Kremer,665152,R,34.4,Longshot,Watch List,Projected Lineup,22.8,47.7,28.2,47.9,50.0,0.0,No,No,8,Yes,Yes,RotoWire projected lineup; MLB probable pitchers,lineup projected / unconfirmed,H:2026/2025 P:2026/2025,,,Direct BvP not yet weighted; 2026/2025 Statcast baseline active,7,2,23,0,"Last 7 games: 2/23, 0 HR","same-side matchup; pitcher baseline 9.3% barrel, 18.5 HR allowed",neutral batted-ball profile; pitcher allows elevated contact,7.04,36.51,88.34,99.4263,0.2904,0.1028,0.2421,71.86,24.03,25.73,27.5,2.8,0.1034,9.33,35.66,87.96,0.4419,0.1987,31.55,,,Angel Stadium,
225,800325,Luis Lara,MIL,BAL,2026-09-20T23:20:00Z,Scheduled,8,Brandon Young,687064,R,34.4,Longshot,Watch List,"Projected Lineup, Platoon Edge",17.1,41.1,32.1,47.9,75.0,12.0,No,No,8,Yes,Yes,RotoWire projected lineup; MLB probable pitchers,lineup projected / unconfirmed,H:2026 P:2026/2025,,,Direct BvP not yet weighted; 2026/2025 Statcast baseline active,7,5,25,0,"Last 7 games: 5/25, 0 HR","switch hitter; pitcher baseline 7.8% barrel, 18.3 HR allowed",neutral batted-ball profile; pitcher fly-ball pressure modest,3.8,41.4,87.8,98.8743,0.334,0.076,0.297,71.5,17.9,30.1,15.0,1.0,0.087,7.75,40.17,89.33,0.4159,0.1651,26.73,,,Oriole Park at Camden Yards,
226,665926,Andres Gimenez,TOR,TEX,2026-09-20T18:35:00Z,Scheduled,7,Jacob deGrom,594798,R,34.1,Longshot,Watch List,"Projected Lineup, Platoon Edge",7.3,47.5,27.6,59.8,80.0,12.0,No,No,7,Yes,Yes,RotoWire projected lineup; MLB probable pitchers,lineup projected / unconfirmed,H:2026/2025 P:2026/2025,,,Direct BvP not yet weighted; 2026/2025 Statcast baseline active,7,5,25,0,"Last 7 games: 5/25, 0 HR","platoon edge; pitcher baseline 8.6% barrel, 21.8 HR allowed",neutral batted-ball profile; pitcher fly-ball pressure modest,3.21,25.6,85.67,96.004,0.3393,0.0992,0.2828,68.53,5.14,38.52,23.37,8.4,0.1121,8.6,44.42,90.45,0.3798,0.1539,28.9,,,Globe Life Field,
227,622761,Jorge Mateo,TB,BOS,2026-09-20T17:40:00Z,Scheduled,8,Patrick Sandoval,663776,L,34.0,Longshot,Watch List,"Projected Lineup, Platoon Edge",23.9,34.3,27.6,47.9,78.0,0.0,No,No,8,Yes,Yes,RotoWire projected lineup; MLB probable pitchers,lineup projected / unconfirmed,H:2026/2025 P:2026,,,Direct BvP not yet weighted; 2026/2025 Statcast baseline active,7,2,17,0,"Last 7 games: 2/17, 0 HR","platoon edge; pitcher baseline 6.9% barrel, 6.0 HR allowed",neutral batted-ball profile; pitcher fly-ball pressure modest,6.55,36.14,86.84,98.6736,0.3362,0.1251,0.2599,73.3,31.53,35.43,28.88,3.8,0.1079,6.9,36.0,87.8,0.442,0.163,25.7,,,Tropicana Field,
228,686765,Nick Sogard,BOS,TB,2026-09-20T17:40:00Z,Scheduled,9,Griffin Jax,643377,R,33.5,Longshot,Watch List,"Projected Lineup, Platoon Edge",16.3,41.6,27.6,40.2,75.0,31.6,No,No,9,Yes,Yes,RotoWire projected lineup; MLB probable pitchers,lineup projected / unconfirmed,H:2026/2025 P:2026/2025,,,Direct BvP not yet weighted; 2026/2025 Statcast baseline active,7,5,24,1,"Last 7 games: 5/24, 1 HR","switch hitter; pitcher baseline 9.3% barrel, 12.6 HR allowed",neutral batted-ball profile; pitcher fly-ball pressure modest,5.46,30.64,86.63,97.0085,0.3603,0.1149,0.3083,68.78,3.96,44.12,25.21,3.5,0.126,9.26,41.51,88.99,0.3993,0.1534,23.37,,,Tropicana Field,
229,630105,Jake Cronenworth,SD,MIA,2026-09-20T20:10:00Z,Scheduled,8,Sandy Alcantara,645261,R,33.2,Longshot,Watch List,"Projected Lineup, Platoon Edge",15.1,36.9,22.6,47.9,80.0,40.9,No,No,8,Yes,Yes,RotoWire projected lineup; MLB probable pitchers,lineup projected / unconfirmed,H:2026/2025 P:2026/2025,,,Direct BvP not yet weighted; 2026/2025 Statcast baseline active,7,11,28,0,Contact streak: 11/28 over last 7 games,"platoon edge; pitcher baseline 6.6% barrel, 22.7 HR allowed",neutral batted-ball profile; pitcher fly-ball pressure modest,4.24,31.79,87.45,97.6958,0.318,0.1014,0.2868,71.32,17.25,31.54,24.61,6.8,0.0953,6.64,38.77,89.23,0.3982,0.1428,24.94,,,Petco Park,
230,669134,Luis Campusano,SD,MIA,2026-09-20T20:10:00Z,Scheduled,7,Sandy Alcantara,645261,R,33.1,Longshot,Watch List,Projected Lineup,20.9,36.9,22.6,59.8,50.0,21.0,No,No,7,Yes,Yes,RotoWire projected lineup; MLB probable pitchers,lineup projected / unconfirmed,H:2026/2025 P:2026/2025,,,Direct BvP not yet weighted; 2026/2025 Statcast baseline active,7,4,29,1,"Last 7 games: 4/29, 1 HR","same-side matchup; pitcher baseline 6.6% barrel, 22.7 HR allowed",neutral batted-ball profile; pitcher fly-ball pressure modest,6.09,36.37,87.8,98.5189,0.3053,0.1141,0.292,73.1,31.46,46.77,20.15,5.6,0.1253,6.64,38.77,89.23,0.3982,0.1428,24.94,,,Petco Park,
231,686555,Isaac Collins,KC,PIT,2026-09-20T17:35:00Z,Scheduled,9,Lake Bachar,669199,R,33.0,Longshot,Watch List,"Projected Lineup, Platoon Edge",21.3,41.4,24.3,40.2,75.0,0.0,No,No,9,Yes,Yes,RotoWire projected lineup; MLB probable pitchers,lineup projected / unconfirmed,H:2026/2025 P:2026/2025,,,Direct BvP not yet weighted; 2026/2025 Statcast baseline active,7,1,15,0,"Last 7 games: 1/15, 0 HR","switch hitter; pitcher baseline 8.9% barrel, 12.1 HR allowed",neutral batted-ball profile; pitcher allows elevated contact,4.97,39.25,88.31,99.7859,0.3226,0.0941,0.3031,73.33,30.34,39.91,24.97,6.9,0.1235,8.88,36.32,89.39,0.3822,0.1717,31.85,,,PNC Park,
232,695731,Braden Montgomery,CWS,DET,2026-09-20T18:10:00Z,Scheduled,9,Troy Melton,675512,R,32.7,Longshot,Watch List,"Projected Lineup, Platoon Edge",23.2,35.4,27.6,40.2,75.0,0.0,No,No,9,Yes,Yes,RotoWire projected lineup; MLB probable pitchers,lineup projected / unconfirmed,H:2026 P:2026/2025,,,Direct BvP not yet weighted; 2026/2025 Statcast baseline active,7,1,17,0,"Last 7 games: 1/17, 0 HR","switch hitter; pitcher baseline 6.9% barrel, 11.2 HR allowed",neutral batted-ball profile; pitcher fly-ball pressure modest,4.4,39.6,88.9,99.8104,0.385,0.137,0.324,69.7,8.7,38.3,19.4,6.0,0.125,6.92,40.94,89.4,0.3801,0.1519,25.26,,,Rate Field,
233,677587,Brayan Rocchio,CLE,ATH,2026-09-20T17:40:00Z,Scheduled,9,Jack Perkins,678022,R,32.0,Longshot,Watch List,"Projected Lineup, Platoon Edge",13.9,39.3,27.6,40.2,75.0,29.7,No,No,9,Yes,Yes,RotoWire projected lineup; MLB probable pitchers,lineup projected / unconfirmed,H:2026/2025 P:2026/2025,,,Direct BvP not yet weighted; 2026/2025 Statcast baseline active,7,7,22,0,"Last 7 games: 7/22, 0 HR","switch hitter; pitcher baseline 9.2% barrel, 15.2 HR allowed",neutral batted-ball profile; pitcher allows elevated contact,3.09,31.93,87.23,97.2615,0.3524,0.1067,0.295,69.86,6.66,43.78,25.23,10.6,0.1224,9.18,36.86,87.94,0.3769,0.1503,33.12,,,Progressive Field,
234,664728,Kyle Isbel,KC,PIT,2026-09-20T17:35:00Z,Scheduled,8,Lake Bachar,669199,R,31.7,Longshot,Watch List,"Projected Lineup, Platoon Edge",12.0,42.7,24.3,47.9,80.0,0.0,No,No,8,Yes,Yes,RotoWire projected lineup; MLB probable pitchers,lineup projected / unconfirmed,H:2026/2025 P:2026/2025,,,Direct BvP not yet weighted; 2026/2025 Statcast baseline active,7,2,19,0,"Last 7 games: 2/19, 0 HR","platoon edge; pitcher baseline 8.9% barrel, 12.1 HR allowed",neutral batted-ball profile; pitcher allows elevated contact,2.44,33.93,88.15,98.9009,0.2998,0.077,0.2552,71.17,12.99,33.3,19.64,5.4,0.1029,8.88,36.32,89.39,0.3822,0.1717,31.85,,,PNC Park,
235,669364,Xavier Edwards,MIA,SD,2026-09-20T20:10:00Z,Scheduled,7,Walker Buehler,621111,R,31.6,Longshot,Watch List,"Projected Lineup, Platoon Edge",8.7,40.9,22.6,59.8,75.0,7.0,No,No,7,Yes,Yes,RotoWire projected lineup; MLB probable pitchers,lineup projected / unconfirmed,H:2026/2025 P:2026/2025,,,Direct BvP not yet weighted; 2026/2025 Statcast baseline active,7,4,24,0,"Last 7 games: 4/24, 0 HR","switch hitter; pitcher baseline 8.6% barrel, 20.6 HR allowed",neutral batted-ball profile; pitcher fly-ball pressure modest,2.48,28.7,86.8,96.5317,0.3502,0.0893,0.3069,67.95,2.4,28.52,22.05,5.1,0.0847,8.59,38.15,88.88,0.4171,0.1645,23.44,,,Petco Park,
236,702222,Justin Crawford,PHI,NYM,2026-09-20T17:10:00Z,Scheduled,9,Jonah Tong,804636,R,31.5,Longshot,Watch List,"Projected Lineup, Platoon Edge",11.3,37.3,24.8,40.2,80.0,45.3,No,No,9,Yes,Yes,RotoWire projected lineup; MLB probable pitchers,lineup projected / unconfirmed,H:2026 P:2026/2025,,,Direct BvP not yet weighted; 2026/2025 Statcast baseline active,7,6,20,1,"Last 7 games: 6/20, 1 HR","platoon edge; pitcher baseline 8.9% barrel, 2.3 HR allowed",neutral batted-ball profile; pitcher allows elevated contact,1.8,35.8,87.2,98.2535,0.33,0.071,0.288,69.2,6.1,28.7,16.4,3.0,0.089,8.91,34.64,89.58,0.3604,0.1456,33.31,,,Citi Field,
237,691182,Adael Amador,COL,SEA,2026-09-20T19:10:00Z,Scheduled,8,Kade Anderson,807739,L,31.4,Longshot,Watch List,"Projected Lineup, Platoon Edge",8.4,33.3,38.7,47.9,75.0,27.6,No,No,8,Yes,Yes,RotoWire projected lineup; MLB probable pitchers,lineup projected / unconfirmed,H:2026/2025 P:2026,,,Direct BvP not yet weighted; 2026/2025 Statcast baseline active,7,4,22,1,"Last 7 games: 4/22, 1 HR","switch hitter; pitcher baseline 7.7% barrel, 4.0 HR allowed",neutral batted-ball profile; pitcher fly-ball pressure modest,6.2,24.28,84.03,95.9477,0.2941,0.0978,0.2592,69.2,8.29,51.4,22.71,3.1,0.193,7.7,39.7,87.5,0.404,0.14,25.6,,,Coors Field,
238,643289,Mauricio Dubon,ATL,HOU,2026-09-20T18:10:00Z,Scheduled,5,Hunter Brown,686613,R,31.1,Longshot,Watch List,Projected Lineup,10.6,21.9,27.6,81.9,50.0,45.0,No,No,5,Yes,Yes,RotoWire projected lineup; MLB probable pitchers,lineup projected / unconfirmed,H:2026/2025 P:2026/2025,,,Direct BvP not yet weighted; 2026/2025 Statcast baseline active,7,12,27,0,Contact streak: 12/27 over last 7 games,"same-side matchup; pitcher baseline 6.1% barrel, 12.8 HR allowed",neutral batted-ball profile; pitcher fly-ball pressure modest,3.16,28.96,85.97,96.2836,0.3646,0.1008,0.299,68.87,4.1,31.61,25.86,9.8,0.1189,6.11,35.56,86.31,0.3229,0.1192,23.09,,,Daikin Park,
239,806198,Cooper Pratt,MIL,BAL,2026-09-20T23:20:00Z,Scheduled,9,Brandon Young,687064,R,31.1,Longshot,Watch List,Projected Lineup,11.7,43.1,32.1,40.2,50.0,38.3,No,No,9,Yes,Yes,RotoWire projected lineup; MLB probable pitchers,lineup projected / unconfirmed,H:2026 P:2026/2025,,,Direct BvP not yet weighted; 2026/2025 Statcast baseline active,7,9,24,0,Contact streak: 9/24 over last 7 games,"same-side matchup; pitcher baseline 7.8% barrel, 18.3 HR allowed",neutral batted-ball profile; pitcher fly-ball pressure modest,3.5,27.4,87.3,96.7662,0.367,0.098,0.317,69.9,8.9,31.4,21.7,3.0,0.092,7.75,40.17,89.33,0.4159,0.1651,26.73,,,Oriole Park at Camden Yards,
240,624431,Jose Trevino,CIN,CHC,2026-09-20T17:40:00Z,Scheduled,8,,,,31.0,Longshot,Watch List,Projected Lineup,9.2,41.2,39.3,47.9,60.0,2.5,No,No,8,Yes,Yes,RotoWire projected lineup; MLB probable pitchers,lineup projected / unconfirmed,H:2026/2025 P:,,,Direct BvP not yet weighted; 2026/2025 Statcast baseline active,7,3,22,0,"Last 7 games: 3/22, 0 HR","handedness incomplete; pitcher baseline 0.0% barrel, 0.0 HR allowed",neutral batted-ball profile; pitcher fly-ball pressure modest,3.1,32.86,86.29,97.4383,0.3109,0.0913,0.2374,68.52,2.57,35.65,21.01,4.7,0.1193,,,,,,,,,Great American Ball Park,
241,656716,Zach McKinstry,DET,CWS,2026-09-20T18:10:00Z,Scheduled,8,Davis Martin,663436,R,30.9,Longshot,Watch List,"Projected Lineup, Platoon Edge",6.2,44.8,27.6,47.9,80.0,0.0,No,No,8,Yes,Yes,RotoWire projected lineup; MLB probable pitchers,lineup projected / unconfirmed,H:2026/2025 P:2026/2025,,,Direct BvP not yet weighted; 2026/2025 Statcast baseline active,7,0,14,0,"Last 7 games: 0/14, 0 HR","platoon edge; pitcher baseline 7.4% barrel, 15.8 HR allowed",neutral batted-ball profile; pitcher fly-ball pressure modest,3.23,24.62,85.7,95.6363,0.3251,0.0886,0.2896,67.85,3.65,40.47,26.74,6.4,0.1209,7.42,44.67,90.42,0.4293,0.1573,23.97,,,Rate Field,
242,675961,Alika Williams,ATH,CLE,2026-09-20T17:40:00Z,Scheduled,9,Gavin Williams,668909,R,30.7,Longshot,Watch List,Projected Lineup,6.0,54.2,27.6,40.2,50.0,29.4,No,No,9,Yes,Yes,RotoWire projected lineup; MLB probable pitchers,lineup projected / unconfirmed,H:2026 P:2026/2025,,,Direct BvP not yet weighted; 2026/2025 Statcast baseline active,7,6,19,0,"Last 7 games: 6/19, 0 HR","same-side matchup; pitcher baseline 10.6% barrel, 25.8 HR allowed",neutral batted-ball profile; pitcher fly-ball pressure modest,1.3,32.1,84.3,96.6757,0.287,0.079,0.241,69.3,3.1,42.0,23.6,4.0,0.159,10.61,46.05,90.12,0.3973,0.1747,25.86,,,Progressive Field,
243,677649,Ezequiel Duran,TEX,TOR,2026-09-20T18:35:00Z,Scheduled,5,Spencer Miles,693686,R,30.4,Longshot,Watch List,Projected Lineup,20.3,11.9,27.6,81.9,50.0,15.3,No,No,5,Yes,Yes,RotoWire projected lineup; MLB probable pitchers,lineup projected / unconfirmed,H:2026/2025 P:2026,,,Direct BvP not yet weighted; 2026/2025 Statcast baseline active,7,6,27,0,"Last 7 games: 6/27, 0 HR","same-side matchup; pitcher baseline 3.5% barrel, 5.0 HR allowed",neutral batted-ball profile; pitcher fly-ball pressure modest,4.98,35.87,87.75,98.9865,0.3524,0.1146,0.2876,72.34,24.8,35.38,21.65,11.9,0.1383,3.5,34.5,86.8,0.32,0.091,19.8,,,Globe Life Field,
244,703492,Nick Morabito,NYM,PHI,2026-09-20T17:10:00Z,Scheduled,9,Cristopher Sánchez,650911,L,30.2,Longshot,Watch List,"Projected Lineup, Platoon Edge",15.0,32.5,24.8,40.2,78.0,22.0,No,No,9,Yes,Yes,RotoWire projected lineup; MLB probable pitchers,lineup projected / unconfirmed,H:2026 P:2026/2025,,,Direct BvP not yet weighted; 2026/2025 Statcast baseline active,7,4,15,0,"Last 7 games: 4/15, 0 HR","platoon edge; pitcher baseline 6.9% barrel, 15.5 HR allowed",neutral batted-ball profile; pitcher fly-ball pressure modest,0.0,38.1,88.7,98.3792,0.327,0.053,0.322,70.8,24.5,33.3,9.5,0.0,0.031,6.89,40.64,89.07,0.3583,0.1249,16.62,,,Citi Field,
245,702332,Caleb Durbin,BOS,TB,2026-09-20T17:40:00Z,Scheduled,8,Griffin Jax,643377,R,29.8,Longshot,Watch List,Projected Lineup,4.1,43.0,27.6,47.9,50.0,55.6,No,No,8,Yes,Yes,RotoWire projected lineup; MLB probable pitchers,lineup projected / unconfirmed,H:2026/2025 P:2026/2025,,,Direct BvP not yet weighted; 2026/2025 Statcast baseline active,7,7,19,1,Contact streak: 7/19 over last 7 games,"same-side matchup; pitcher baseline 9.3% barrel, 12.6 HR allowed",neutral batted-ball profile; pitcher fly-ball pressure modest,3.23,26.06,83.87,95.5651,0.3319,0.0902,0.2994,68.81,4.88,40.6,19.96,12.4,0.1317,9.26,41.51,88.99,0.3993,0.1534,23.37,,,Tropicana Field,
246,683766,Christian Koss,SF,LAD,2026-09-20T20:10:00Z,Scheduled,9,,,,29.6,Longshot,Watch List,Projected Lineup,10.3,41.2,27.6,40.2,60.0,22.4,No,No,9,Yes,Yes,RotoWire projected lineup; MLB probable pitchers,lineup projected / unconfirmed,H:2026/2025 P:,,,Direct BvP not yet weighted; 2026/2025 Statcast baseline active,7,7,26,0,"Last 7 games: 7/26, 0 HR","handedness incomplete; pitcher baseline 0.0% barrel, 0.0 HR allowed",neutral batted-ball profile; pitcher fly-ball pressure modest,4.95,29.61,84.94,97.0964,0.3313,0.0977,0.2711,69.65,6.7,38.51,18.91,3.7,0.0977,,,,,,,,,UNIQLO Field at Dodger Stadium,
247,805367,Chase Meidroth,CWS,DET,2026-09-20T18:10:00Z,Scheduled,8,Troy Melton,675512,R,29.4,Longshot,Watch List,Projected Lineup,12.4,36.6,27.6,47.9,50.0,24.0,No,No,8,Yes,Yes,RotoWire projected lineup; MLB probable pitchers,lineup projected / unconfirmed,H:2026/2025 P:2026/2025,,,Direct BvP not yet weighted; 2026/2025 Statcast baseline active,7,7,25,0,"Last 7 games: 7/25, 0 HR","same-side matchup; pitcher baseline 6.9% barrel, 11.2 HR allowed",neutral batted-ball profile; pitcher fly-ball pressure modest,3.49,34.91,87.57,97.4347,0.3372,0.0968,0.2965,67.05,1.25,37.98,20.54,11.3,0.1111,6.92,40.94,89.4,0.3801,0.1519,25.26,,,Rate Field,
248,645277,Ozzie Albies,ATL,HOU,2026-09-20T18:10:00Z,Scheduled,8,Hunter Brown,686613,R,29.1,Longshot,Watch List,"Projected Lineup, Platoon Edge",16.2,20.5,27.6,47.9,75.0,23.4,No,No,8,Yes,Yes,RotoWire projected lineup; MLB probable pitchers,lineup projected / unconfirmed,H:2026/2025 P:2026/2025,,,Direct BvP not yet weighted; 2026/2025 Statcast baseline active,7,4,26,1,"Last 7 games: 4/26, 1 HR","switch hitter; pitcher baseline 6.1% barrel, 12.8 HR allowed",neutral batted-ball profile; pitcher fly-ball pressure modest,4.27,28.74,87.29,96.7317,0.3544,0.1219,0.2864,68.86,5.74,46.49,31.69,20.2,0.1509,6.11,35.56,86.31,0.3229,0.1192,23.09,,,Daikin Park,
249,665750,Leody Taveras,BAL,MIL,2026-09-20T23:20:00Z,Scheduled,8,Jacob Misiorowski,694819,R,29.0,Longshot,Watch List,"Projected Lineup, Platoon Edge",18.5,17.6,32.1,47.9,75.0,8.5,No,No,8,Yes,Yes,RotoWire projected lineup; MLB probable pitchers,lineup projected / unconfirmed,H:2026/2025 P:2026/2025,,,Direct BvP not yet weighted; 2026/2025 Statcast baseline active,7,3,17,0,"Last 7 games: 3/17, 0 HR","switch hitter; pitcher baseline 5.0% barrel, 12.2 HR allowed",neutral batted-ball profile; pitcher fly-ball pressure modest,4.72,33.31,88.15,99.0884,0.3145,0.1075,0.2578,72.46,25.23,34.14,25.29,6.5,0.1172,5.03,34.35,87.74,0.2796,0.0996,25.71,,,Oriole Park at Camden Yards,
250,802415,Chandler Simpson,TB,BOS,2026-09-20T17:40:00Z,Scheduled,6,Patrick Sandoval,663776,L,28.9,Longshot,Watch List,Projected Lineup,0.3,34.3,27.6,71.7,50.0,37.0,No,No,6,Yes,Yes,RotoWire projected lineup; MLB probable pitchers,lineup projected / unconfirmed,H:2026/2025 P:2026,,,Direct BvP not yet weighted; 2026/2025 Statcast baseline active,7,11,30,0,Contact streak: 11/30 over last 7 games,"same-side matchup; pitcher baseline 6.9% barrel, 6.0 HR allowed",neutral batted-ball profile; pitcher fly-ball pressure modest,0.0,14.57,83.81,92.8535,0.3094,0.0382,0.2739,64.8,0.44,28.34,12.37,0.0,0.0507,6.9,36.0,87.8,0.442,0.163,25.7,,,Tropicana Field,
251,553869,Elias Diaz,TEX,TOR,2026-09-20T18:35:00Z,Scheduled,9,Spencer Miles,693686,R,28.5,Longshot,Watch List,Projected Lineup,31.0,11.9,27.6,40.2,50.0,21.5,No,No,9,Yes,Yes,RotoWire projected lineup; MLB probable pitchers,lineup projected / unconfirmed,H:2026/2025 P:2026,,,Direct BvP not yet weighted; 2026/2025 Statcast baseline active,7,5,19,0,"Last 7 games: 5/19, 0 HR","same-side matchup; pitcher baseline 3.5% barrel, 5.0 HR allowed",neutral batted-ball profile; pitcher fly-ball pressure modest,8.37,39.68,88.26,100.5935,0.3473,0.1348,0.2666,74.34,43.79,37.51,26.68,7.6,0.1522,3.5,34.5,86.8,0.32,0.091,19.8,,,Globe Life Field,
252,663968,Jake Mangum,PIT,KC,2026-09-20T17:35:00Z,Scheduled,9,Michael Wacha,608379,R,28.3,Longshot,Watch List,"Projected Lineup, Platoon Edge",6.8,35.7,24.3,40.2,75.0,30.3,No,No,9,Yes,Yes,RotoWire projected lineup; MLB probable pitchers,lineup projected / unconfirmed,H:2026/2025 P:2026/2025,,,Direct BvP not yet weighted; 2026/2025 Statcast baseline active,7,5,25,1,"Last 7 games: 5/25, 1 HR","switch hitter; pitcher baseline 7.0% barrel, 23.4 HR allowed",neutral batted-ball profile; pitcher fly-ball pressure modest,2.28,29.34,86.18,96.779,0.3332,0.0836,0.2844,67.72,4.29,27.93,16.05,3.7,0.0811,6.98,35.72,87.92,0.4081,0.1633,28.95,,,PNC Park,
253,623168,Tyler Heineman,LAA,MIN,2026-09-20T20:07:00Z,Scheduled,9,Dean Kremer,665152,R,27.9,Longshot,Watch List,"Projected Lineup, Platoon Edge",0.4,45.7,28.2,40.2,75.0,3.4,No,No,9,Yes,Yes,RotoWire projected lineup; MLB probable pitchers,lineup projected / unconfirmed,H:2026/2025 P:2026/2025,,,Direct BvP not yet weighted; 2026/2025 Statcast baseline active,7,3,21,0,"Last 7 games: 3/21, 0 HR","switch hitter; pitcher baseline 9.3% barrel, 18.5 HR allowed",neutral batted-ball profile; pitcher allows elevated contact,1.45,15.47,82.65,92.7058,0.2706,0.0552,0.2471,65.47,0.42,43.5,21.96,1.6,0.071,9.33,35.66,87.96,0.4419,0.1987,31.55,,,Angel Stadium,
254,814154,Scott Bandura,SF,LAD,2026-09-20T20:10:00Z,Scheduled,8,,,,27.8,Longshot,Watch List,Projected Lineup,2.4,41.2,27.6,47.9,60.0,16.6,No,No,8,Yes,Yes,RotoWire projected lineup; MLB probable pitchers,lineup projected / unconfirmed,H:2026 P:,,,Direct BvP not yet weighted; 2026/2025 Statcast baseline active,6,3,13,0,"Last 6 games: 3/13, 0 HR","handedness incomplete; pitcher baseline 0.0% barrel, 0.0 HR allowed",neutral batted-ball profile; pitcher fly-ball pressure modest,0.0,16.7,75.7,85.5095,0.157,0.036,0.164,70.2,15.0,50.0,0.0,0.0,0.083,,,,,,,,,UNIQLO Field at Dodger Stadium,
255,694497,Evan Carter,TEX,TOR,2026-09-20T18:35:00Z,Scheduled,8,Spencer Miles,693686,R,27.5,Longshot,Watch List,"Projected Lineup, Platoon Edge",19.9,11.9,27.6,47.9,80.0,0.0,No,No,8,Yes,Yes,RotoWire projected lineup; MLB probable pitchers,lineup projected / unconfirmed,H:2026/2025 P:2026,,,Direct BvP not yet weighted; 2026/2025 Statcast baseline active,7,1,14,0,"Last 7 games: 1/14, 0 HR","platoon edge; pitcher baseline 3.5% barrel, 5.0 HR allowed",neutral batted-ball profile; pitcher fly-ball pressure modest,5.34,35.02,87.33,98.6112,0.3278,0.1176,0.2856,71.02,18.07,39.4,27.56,7.8,0.1303,3.5,34.5,86.8,0.32,0.091,19.8,,,Globe Life Field,
256,676391,Ernie Clement,TOR,TEX,2026-09-20T18:35:00Z,Scheduled,9,Jacob deGrom,594798,R,27.2,Longshot,Watch List,Projected Lineup,4.6,47.5,27.6,40.2,50.0,0.0,No,No,9,Yes,Yes,RotoWire projected lineup; MLB probable pitchers,lineup projected / unconfirmed,H:2026/2025 P:2026/2025,,,Direct BvP not yet weighted; 2026/2025 Statcast baseline active,7,1,20,0,"Last 7 games: 1/20, 0 HR","same-side matchup; pitcher baseline 8.6% barrel, 21.8 HR allowed",neutral batted-ball profile; pitcher fly-ball pressure modest,2.05,21.8,84.85,94.4959,0.331,0.0839,0.268,67.32,2.68,40.1,28.18,9.0,0.1112,8.6,44.42,90.45,0.3798,0.1539,28.9,,,Globe Life Field,
257,670764,Taylor Walls,TB,BOS,2026-09-20T17:40:00Z,Scheduled,9,Patrick Sandoval,663776,L,26.9,Longshot,Watch List,"Projected Lineup, Platoon Edge",5.5,33.7,27.6,40.2,75.0,10.1,No,No,9,Yes,Yes,RotoWire projected lineup; MLB probable pitchers,lineup projected / unconfirmed,H:2026/2025 P:2026,,,Direct BvP not yet weighted; 2026/2025 Statcast baseline active,7,3,16,0,"Last 7 games: 3/16, 0 HR","switch hitter; pitcher baseline 6.9% barrel, 6.0 HR allowed",neutral batted-ball profile; pitcher fly-ball pressure modest,2.29,23.32,85.95,95.4989,0.2733,0.0773,0.254,68.35,2.13,38.4,28.77,2.6,0.0815,6.9,36.0,87.8,0.442,0.163,25.7,,,Tropicana Field,
258,696285,Jacob Young,WSH,STL,2026-09-20T18:15:00Z,Scheduled,8,Quinn Mathews,687273,L,26.4,Longshot,Watch List,"Projected Lineup, Platoon Edge",16.6,12.9,22.1,47.9,78.0,15.3,No,No,8,Yes,Yes,RotoWire projected lineup; MLB probable pitchers,lineup projected / unconfirmed,H:2026/2025 P:2026,,,Direct BvP not yet weighted; 2026/2025 Statcast baseline active,7,4,18,0,"Last 7 games: 4/18, 0 HR","platoon edge; pitcher baseline 2.8% barrel, 3.0 HR allowed",neutral batted-ball profile; pitcher fly-ball pressure modest,4.56,31.54,87.67,97.7343,0.3689,0.1104,0.3103,69.21,2.23,34.93,24.35,7.6,0.1155,2.8,32.1,87.7,0.321,0.085,25.7,,,Busch Stadium,
259,669392,Samad Taylor,SD,MIA,2026-09-20T20:10:00Z,Scheduled,9,Sandy Alcantara,645261,R,26.1,Longshot,Watch List,Projected Lineup,1.6,36.9,22.6,40.2,50.0,63.3,No,No,9,Yes,Yes,RotoWire projected lineup; MLB probable pitchers,lineup projected / unconfirmed,H:2026/2025 P:2026/2025,,,Direct BvP not yet weighted; 2026/2025 Statcast baseline active,7,9,21,1,Contact streak: 9/21 over last 7 games,"same-side matchup; pitcher baseline 6.6% barrel, 22.7 HR allowed",neutral batted-ball profile; pitcher fly-ball pressure modest,1.47,19.78,82.21,93.6418,0.3,0.0612,0.2701,68.81,3.15,29.41,16.14,0.7,0.0532,6.64,38.77,89.23,0.3982,0.1428,24.94,,,Petco Park,
260,673490,Ha-Seong Kim,ATL,HOU,2026-09-20T18:10:00Z,Scheduled,9,Hunter Brown,686613,R,23.6,Longshot,Watch List,Projected Lineup,11.0,21.9,27.6,40.2,50.0,8.5,No,No,9,Yes,Yes,RotoWire projected lineup; MLB probable pitchers,lineup projected / unconfirmed,H:2026/2025 P:2026/2025,,,Direct BvP not yet weighted; 2026/2025 Statcast baseline active,7,3,17,0,"Last 7 games: 3/17, 0 HR","same-side matchup; pitcher baseline 6.1% barrel, 12.8 HR allowed",neutral batted-ball profile; pitcher fly-ball pressure modest,3.31,30.28,86.97,96.6678,0.2538,0.0699,0.2438,71.45,15.56,42.33,27.26,1.5,0.0396,6.11,35.56,86.31,0.3229,0.1192,23.09,,,Daikin Park,
261,683083,Nasim Nunez,WSH,STL,2026-09-20T18:15:00Z,Scheduled,9,Quinn Mathews,687273,L,21.2,Longshot,Watch List,"Projected Lineup, Platoon Edge",5.4,12.5,22.1,40.2,75.0,15.3,No,No,9,Yes,Yes,RotoWire projected lineup; MLB probable pitchers,lineup projected / unconfirmed,H:2026/2025 P:2026,,,Direct BvP not yet weighted; 2026/2025 Statcast baseline active,7,2,9,0,"Last 7 games: 2/9, 0 HR","switch hitter; pitcher baseline 2.8% barrel, 3.0 HR allowed",neutral batted-ball profile; pitcher fly-ball pressure modest,2.04,27.78,86.08,96.0964,0.3033,0.0755,0.2764,68.6,4.63,30.8,19.8,1.9,0.0748,2.8,32.1,87.7,0.321,0.085,25.7,,,Busch Stadium,
