rank,hitter_id,player,team,opponent,game_start_time,game_status,batting_order,pitcher,pitcher_id,pitcher_hand,hr_score,tier,play_type,reason_tags,power_score,pitcher_score,environment_score,lineup_score,platoon_score,recent_form_score,confirmed_lineup,rotowire_confirmed_lineup,rotowire_batting_order,rotowire_player_found,lineup_disagreement,lineup_sources_used,source_warnings,stat_years_used,bvp_pa,bvp_hr,bvp_note,recent_games,recent_hits,recent_abs,recent_hr,recent_form_note,split_matchup_note,pitch_mix_note,barrel_pct,hard_hit_pct,avg_exit_velocity,ev50,xslg,xiso,xwoba,bat_speed,fast_swing_pct,pull_pct,fb_pct,hr_total,iso,pitcher_barrel_pct_allowed,pitcher_hard_hit_pct_allowed,pitcher_avg_exit_velocity_allowed,pitcher_xslg_allowed,pitcher_xiso_allowed,pitcher_fb_pct_allowed,wind_direction,weather_temp,ballpark,odds
1,665833,Oneil Cruz,PIT,DET,2026-09-26T17:10:00Z,Scheduled,4,Justin Verlander,434378,R,67.6,Tier 3,Watch List,"Projected Lineup, Strong Barrel, Pitcher Vulnerable, Premium Lineup Spot, Platoon Edge",67.7,77.0,27.6,90.4,80.0,55.9,No,No,4,Yes,Yes,RotoWire projected lineup; MLB probable pitchers,lineup projected / unconfirmed,H:2026/2025 P:2026/2025,,,Direct BvP not yet weighted; 2026/2025 Statcast baseline active,7,10,27,1,Contact streak: 10/27 over last 7 games,"platoon edge; pitcher baseline 11.2% barrel, 5.5 HR allowed",EV profile; pitcher allows elevated contact,16.32,54.29,94.61,106.382,0.46,0.2182,0.3443,78.03,74.14,38.9,23.31,20.0,0.1997,11.18,50.51,92.03,0.6087,0.2779,35.25,,,Comerica Park,
2,664040,Brandon Lowe,PIT,DET,2026-09-26T17:10:00Z,Scheduled,2,Justin Verlander,434378,R,64.3,Tier 3,Watch List,"Projected Lineup, Strong Barrel, Pitcher Vulnerable, Premium Lineup Spot, Platoon Edge, Hot Hitter/Streak",52.8,77.0,27.6,95.5,80.0,74.5,No,No,2,Yes,Yes,RotoWire projected lineup; MLB probable pitchers,lineup projected / unconfirmed,H:2026/2025 P:2026/2025,,,Direct BvP not yet weighted; 2026/2025 Statcast baseline active,7,7,28,3,Hot streak: 3 HR in last 7 games,"platoon edge; pitcher baseline 11.2% barrel, 5.5 HR allowed",neutral batted-ball profile; pitcher allows elevated contact,12.58,45.97,91.03,101.5258,0.4549,0.2103,0.3329,73.59,39.39,46.02,32.57,33.1,0.228,11.18,50.51,92.03,0.6087,0.2779,35.25,,,Comerica Park,
3,670541,Yordan Alvarez,HOU,ATH,2026-09-27T01:40:00Z,Scheduled,2,Jack Perkins,678022,R,63.3,Tier 3,Watch List,"Projected Lineup, Elite Power, Strong Barrel, Premium Lineup Spot, Platoon Edge",78.0,38.9,30.9,95.5,80.0,60.3,No,No,2,Yes,Yes,RotoWire projected lineup; MLB probable pitchers,lineup projected / unconfirmed,H:2026/2025 P:2026/2025,,,Direct BvP not yet weighted; 2026/2025 Statcast baseline active,7,10,25,1,Contact streak: 10/25 over last 7 games,"platoon edge; pitcher baseline 8.8% barrel, 15.2 HR allowed",lift-pull EV profile; pitcher allows elevated contact,15.41,53.53,94.42,104.8074,0.6127,0.3042,0.428,76.1,61.66,40.95,35.89,30.5,0.2466,8.83,36.51,87.66,0.3748,0.1468,32.28,,,Sutter Health Park,
4,808959,Munetaka Murakami,CWS,COL,2026-09-26T23:10:00Z,Scheduled,4,Jose Quintana,500779,L,61.8,Tier 3,Watch List,"Projected Lineup, Strong Barrel, Premium Lineup Spot, Hot Hitter/Streak",75.0,49.2,27.6,90.4,50.0,79.0,No,No,4,Yes,Yes,RotoWire projected lineup; MLB probable pitchers,lineup projected / unconfirmed,H:2026 P:2026/2025,,,Direct BvP not yet weighted; 2026/2025 Statcast baseline active,7,7,25,3,Hot streak: 3 HR in last 7 games,"same-side matchup; pitcher baseline 9.6% barrel, 11.0 HR allowed",lift-pull EV profile; pitcher allows elevated contact,19.2,56.0,93.7,104.3067,0.452,0.253,0.346,74.7,49.9,46.8,38.0,33.0,0.263,9.56,36.45,88.56,0.476,0.1972,31.19,,,Rate Field,
5,804668,Rafael Flores,PIT,DET,2026-09-26T17:10:00Z,Scheduled,7,Justin Verlander,434378,R,60.3,Tier 3,Watch List,"Projected Lineup, Strong Barrel, Pitcher Vulnerable, Hot Hitter/Streak",63.9,77.0,27.6,59.8,50.0,74.5,No,No,7,Yes,Yes,RotoWire projected lineup; MLB probable pitchers,lineup projected / unconfirmed,H:2026/2025 P:2026/2025,,,Direct BvP not yet weighted; 2026/2025 Statcast baseline active,7,6,24,3,Hot streak: 3 HR in last 7 games,"same-side matchup; pitcher baseline 11.2% barrel, 5.5 HR allowed",lift-pull EV profile; pitcher allows elevated contact,13.83,51.93,92.14,102.3807,0.5028,0.25,0.3561,73.75,38.48,40.68,37.22,7.0,0.2205,11.18,50.51,92.03,0.6087,0.2779,35.25,,,Comerica Park,
6,621566,Matt Olson,ATL,MIA,2026-09-26T20:10:00Z,Scheduled,3,Jack Ralston,667652,R,59.9,Longshot,Watch List,"Projected Lineup, Strong Barrel, Premium Lineup Spot, Platoon Edge",65.5,49.1,21.5,92.1,80.0,63.1,No,No,3,Yes,Yes,RotoWire projected lineup; MLB probable pitchers,lineup projected / unconfirmed,H:2026/2025 P:2026,,,Direct BvP not yet weighted; 2026/2025 Statcast baseline active,7,8,27,2,Hot streak: 2 HR in last 7 games,"platoon edge; pitcher baseline 11.6% barrel, 4.0 HR allowed",EV profile; pitcher allows elevated contact,14.4,52.46,92.74,103.7282,0.5018,0.2531,0.3551,74.53,47.33,37.72,32.92,37.4,0.2414,11.6,39.5,87.3,0.411,0.204,30.2,,,loanDepot park,
7,656941,Kyle Schwarber,PHI,TB,2026-09-26T23:15:00Z,Scheduled,1,Griffin Jax,643377,R,59.2,Longshot,Watch List,"Projected Lineup, Strong Barrel, Premium Lineup Spot, Platoon Edge",73.8,41.5,34.3,88.7,80.0,3.4,No,No,1,Yes,Yes,RotoWire projected lineup; MLB probable pitchers,lineup projected / unconfirmed,H:2026/2025 P:2026/2025,,,Direct BvP not yet weighted; 2026/2025 Statcast baseline active,7,3,21,0,"Last 7 games: 3/21, 0 HR","platoon edge; pitcher baseline 9.0% barrel, 12.6 HR allowed",lift-pull EV profile; pitcher fly-ball pressure modest,17.23,52.46,92.97,104.0619,0.5166,0.2777,0.3751,77.16,75.42,53.93,33.18,48.3,0.2887,8.98,41.02,88.99,0.3951,0.1499,23.09,,,Citizens Bank Park,
8,695578,James Wood,WSH,NYM,2026-09-26T16:35:00Z,Scheduled,1,Jonah Tong,804636,R,59.1,Longshot,Watch List,"Projected Lineup, Elite Power, Strong Barrel, Premium Lineup Spot, Platoon Edge",77.5,36.0,28.2,88.7,80.0,20.9,No,No,1,Yes,Yes,RotoWire projected lineup; MLB probable pitchers,lineup projected / unconfirmed,H:2026/2025 P:2026/2025,,,Direct BvP not yet weighted; 2026/2025 Statcast baseline active,7,7,27,0,"Last 7 games: 7/27, 0 HR","platoon edge; pitcher baseline 8.0% barrel, 2.3 HR allowed",EV profile; pitcher allows elevated contact,18.22,57.91,94.93,106.3255,0.5343,0.2673,0.3911,76.56,66.36,32.99,23.96,30.3,0.2358,8.0,38.07,89.44,0.3604,0.1379,33.24,,,Nationals Park,
9,665742,Juan Soto,NYM,WSH,2026-09-26T16:35:00Z,Scheduled,2,Connelly Early,813349,L,58.8,Longshot,Watch List,"Projected Lineup, Strong Barrel, Premium Lineup Spot, Hot Hitter/Streak",69.8,42.1,28.2,95.5,50.0,72.2,No,No,2,Yes,Yes,RotoWire projected lineup; MLB probable pitchers,lineup projected / unconfirmed,H:2026/2025 P:2026/2025,,,Direct BvP not yet weighted; 2026/2025 Statcast baseline active,7,10,28,2,Hot streak: 2 HR in last 7 games,"same-side matchup; pitcher baseline 8.7% barrel, 10.5 HR allowed",lift-pull EV profile; pitcher allows elevated contact,15.19,50.19,92.96,103.0982,0.5828,0.2916,0.4157,72.83,32.33,39.67,31.07,31.8,0.2522,8.74,40.63,89.79,0.3708,0.147,30.54,,,Nationals Park,
10,668804,Bryan Reynolds,PIT,DET,2026-09-26T17:10:00Z,Scheduled,3,Justin Verlander,434378,R,58.3,Longshot,Watch List,"Projected Lineup, Strong Barrel, Pitcher Vulnerable, Premium Lineup Spot, Platoon Edge",47.4,76.4,27.6,92.1,75.0,10.6,No,No,3,Yes,Yes,RotoWire projected lineup; MLB probable pitchers,lineup projected / unconfirmed,H:2026/2025 P:2026/2025,,,Direct BvP not yet weighted; 2026/2025 Statcast baseline active,7,4,21,0,"Last 7 games: 4/21, 0 HR","switch hitter; pitcher baseline 11.2% barrel, 5.5 HR allowed",neutral batted-ball profile; pitcher allows elevated contact,11.01,47.4,90.92,101.8638,0.4456,0.1904,0.3492,72.62,27.88,39.17,26.02,16.7,0.1598,11.18,50.51,92.03,0.6087,0.2779,35.25,,,Comerica Park,
11,608369,Corey Seager,TEX,MIN,2026-09-26T20:10:00Z,Scheduled,3,Bailey Ober,641927,R,58.2,Longshot,Watch List,"Projected Lineup, Strong Barrel, Premium Lineup Spot, Platoon Edge",61.3,53.3,27.1,92.1,80.0,21.0,No,No,3,Yes,Yes,RotoWire projected lineup; MLB probable pitchers,lineup projected / unconfirmed,H:2026/2025 P:2026/2025,,,Direct BvP not yet weighted; 2026/2025 Statcast baseline active,7,4,29,1,"Last 7 games: 4/29, 1 HR","platoon edge; pitcher baseline 10.0% barrel, 22.3 HR allowed",lift-pull EV profile; pitcher allows elevated contact,14.6,49.68,92.06,102.5153,0.506,0.2455,0.3643,71.8,15.09,41.27,30.85,19.6,0.2027,9.99,37.63,88.97,0.4522,0.2028,32.67,,,Target Field,
12,695600,Carter Jensen,KC,CLE,2026-09-26T23:10:00Z,Scheduled,1,Tanner Bibee,676440,R,57.3,Longshot,Watch List,"Projected Lineup, Strong Barrel, Premium Lineup Spot, Platoon Edge, Hot Hitter/Streak",59.5,42.9,23.2,88.7,80.0,85.2,No,No,1,Yes,Yes,RotoWire projected lineup; MLB probable pitchers,lineup projected / unconfirmed,H:2026/2025 P:2026/2025,,,Direct BvP not yet weighted; 2026/2025 Statcast baseline active,7,9,28,3,Hot streak: 3 HR in last 7 games,"platoon edge; pitcher baseline 8.2% barrel, 28.4 HR allowed",lift-pull EV profile; pitcher fly-ball pressure modest,14.29,48.57,92.53,102.9961,0.4699,0.2207,0.3497,74.1,38.94,41.63,31.19,18.4,0.2262,8.17,38.56,88.85,0.4074,0.1646,28.11,,,Kauffman Stadium,
13,660271,Shohei Ohtani,LAD,SF,2026-09-26T20:05:00Z,Scheduled,2,Matt Wilkinson,683363,L,56.2,Longshot,Watch List,"Projected Lineup, Elite Power, Strong Barrel, Premium Lineup Spot",80.1,36.6,19.3,95.5,50.0,4.2,No,No,2,Yes,Yes,RotoWire projected lineup; MLB probable pitchers,lineup projected / unconfirmed,H:2026/2025 P:2026,,,Direct BvP not yet weighted; 2026/2025 Statcast baseline active,7,4,27,0,"Last 7 games: 4/27, 0 HR","same-side matchup; pitcher baseline 6.5% barrel, 4.0 HR allowed",lift-pull EV profile; pitcher allows elevated contact,18.67,54.22,93.85,104.5037,0.5867,0.3022,0.4089,75.03,53.08,46.35,32.13,37.5,0.2721,6.5,42.9,89.1,0.382,0.155,32.5,,,Oracle Park,
14,682829,Elly De La Cruz,CIN,TOR,2026-09-26T19:07:00Z,Scheduled,2,Trey Yesavage,702056,R,56.0,Longshot,Watch List,"Projected Lineup, Strong Barrel, Premium Lineup Spot, Platoon Edge",61.4,32.6,30.4,95.5,75.0,64.3,No,No,2,Yes,Yes,RotoWire projected lineup; MLB probable pitchers,lineup projected / unconfirmed,H:2026/2025 P:2026/2025,,,Direct BvP not yet weighted; 2026/2025 Statcast baseline active,7,7,23,2,Hot streak: 2 HR in last 7 games,"switch hitter; pitcher baseline 6.8% barrel, 7.7 HR allowed",EV profile; pitcher fly-ball pressure modest,14.57,50.92,93.59,104.5063,0.4814,0.2094,0.3598,75.66,56.15,34.96,24.89,27.6,0.218,6.79,42.18,90.01,0.3414,0.1268,25.74,,,Rogers Centre,
15,660670,Ronald Acuna,ATL,MIA,2026-09-26T20:10:00Z,Scheduled,2,Jack Ralston,667652,R,56.0,Longshot,Watch List,"Projected Lineup, Strong Barrel, Premium Lineup Spot",59.8,49.1,21.5,95.5,50.0,66.7,No,No,2,Yes,Yes,RotoWire projected lineup; MLB probable pitchers,lineup projected / unconfirmed,H:2026/2025 P:2026,,,Direct BvP not yet weighted; 2026/2025 Statcast baseline active,7,8,25,2,Hot streak: 2 HR in last 7 games,"same-side matchup; pitcher baseline 11.6% barrel, 4.0 HR allowed",neutral batted-ball profile; pitcher allows elevated contact,14.02,46.9,90.6,103.0876,0.5119,0.2489,0.3781,75.91,61.55,36.02,28.65,20.3,0.2084,11.6,39.5,87.3,0.411,0.204,30.2,,,loanDepot park,
16,682985,Riley Greene,DET,PIT,2026-09-26T17:10:00Z,Scheduled,4,Kirby Yates,489446,R,55.7,Longshot,Watch List,"Projected Lineup, Strong Barrel, Premium Lineup Spot, Platoon Edge",61.3,40.1,27.6,90.4,80.0,37.8,No,No,4,Yes,Yes,RotoWire projected lineup; MLB probable pitchers,lineup projected / unconfirmed,H:2026/2025 P:2026/2025,,,Direct BvP not yet weighted; 2026/2025 Statcast baseline active,7,6,24,1,"Last 7 games: 6/24, 1 HR","platoon edge; pitcher baseline 8.0% barrel, 4.8 HR allowed",neutral batted-ball profile; pitcher fly-ball pressure modest,15.7,46.06,89.97,102.471,0.5001,0.2445,0.3607,75.67,58.43,39.26,33.38,25.5,0.2077,7.96,45.4,90.53,0.3506,0.1351,29.6,,,Comerica Park,
17,545341,Randal Grichuk,CWS,COL,2026-09-26T23:10:00Z,Scheduled,3,Jose Quintana,500779,L,55.7,Longshot,Watch List,"Projected Lineup, Strong Barrel, Premium Lineup Spot, Platoon Edge",53.3,49.2,27.6,92.1,78.0,45.3,No,No,3,Yes,Yes,RotoWire projected lineup; MLB probable pitchers,lineup projected / unconfirmed,H:2026/2025 P:2026/2025,,,Direct BvP not yet weighted; 2026/2025 Statcast baseline active,7,6,20,1,"Last 7 games: 6/20, 1 HR","platoon edge; pitcher baseline 9.6% barrel, 11.0 HR allowed",neutral batted-ball profile; pitcher allows elevated contact,11.35,50.2,91.91,103.1295,0.4724,0.1991,0.3337,74.32,44.99,43.7,29.34,12.5,0.2472,9.56,36.45,88.56,0.476,0.1972,31.19,,,Rate Field,
18,545361,Mike Trout,LAA,SEA,2026-09-27T01:40:00Z,Scheduled,2,Kade Anderson,807739,L,55.5,Longshot,Watch List,"Projected Lineup, Strong Barrel, Premium Lineup Spot, Platoon Edge",60.1,38.7,25.4,95.5,78.0,44.1,No,No,2,Yes,Yes,RotoWire projected lineup; MLB probable pitchers,lineup projected / unconfirmed,H:2026/2025 P:2026,,,Direct BvP not yet weighted; 2026/2025 Statcast baseline active,7,7,24,1,"Last 7 games: 7/24, 1 HR","platoon edge; pitcher baseline 8.4% barrel, 4.0 HR allowed",neutral batted-ball profile; pitcher fly-ball pressure modest,15.94,47.06,90.27,102.9518,0.4838,0.2348,0.3741,74.49,46.23,36.3,31.0,23.2,0.1895,8.4,42.1,88.1,0.405,0.148,27.4,,,T-Mobile Park,
19,678246,Miguel Vargas,CWS,COL,2026-09-26T23:10:00Z,Scheduled,1,Jose Quintana,500779,L,55.4,Longshot,Watch List,"Projected Lineup, Strong Barrel, Premium Lineup Spot, Platoon Edge",50.4,49.2,27.6,88.7,78.0,66.7,No,No,1,Yes,Yes,RotoWire projected lineup; MLB probable pitchers,lineup projected / unconfirmed,H:2026/2025 P:2026/2025,,,Direct BvP not yet weighted; 2026/2025 Statcast baseline active,7,8,25,2,Hot streak: 2 HR in last 7 games,"platoon edge; pitcher baseline 9.6% barrel, 11.0 HR allowed",neutral batted-ball profile; pitcher allows elevated contact,12.06,43.02,89.98,100.149,0.4721,0.2158,0.3617,72.91,33.16,45.05,34.96,27.9,0.209,9.56,36.45,88.56,0.476,0.1972,31.19,,,Rate Field,
20,686527,Dominic Canzone,SEA,LAA,2026-09-27T01:40:00Z,Scheduled,3,Ryan Johnson,696270,R,55.3,Longshot,Watch List,"Projected Lineup, Strong Barrel, Premium Lineup Spot, Platoon Edge",54.8,43.2,25.4,92.1,80.0,58.0,No,No,3,Yes,Yes,RotoWire projected lineup; MLB probable pitchers,lineup projected / unconfirmed,H:2026/2025 P:2026/2025,,,Direct BvP not yet weighted; 2026/2025 Statcast baseline active,7,10,26,1,Contact streak: 10/26 over last 7 games,"platoon edge; pitcher baseline 9.1% barrel, 13.8 HR allowed",neutral batted-ball profile; pitcher allows elevated contact,12.75,46.13,91.46,102.4859,0.498,0.2234,0.3599,73.94,41.5,39.06,26.37,18.7,0.2062,9.13,35.79,87.19,0.4262,0.177,33.25,,,T-Mobile Park,
21,695506,Jac Caglianone,KC,CLE,2026-09-26T23:10:00Z,Scheduled,3,Tanner Bibee,676440,R,55.1,Longshot,Watch List,"Projected Lineup, Strong Barrel, Premium Lineup Spot, Platoon Edge",57.5,42.9,23.2,92.1,80.0,45.0,No,No,3,Yes,Yes,RotoWire projected lineup; MLB probable pitchers,lineup projected / unconfirmed,H:2026/2025 P:2026/2025,,,Direct BvP not yet weighted; 2026/2025 Statcast baseline active,7,10,23,0,Contact streak: 10/23 over last 7 games,"platoon edge; pitcher baseline 8.2% barrel, 28.4 HR allowed",neutral batted-ball profile; pitcher fly-ball pressure modest,12.98,50.73,91.99,104.6877,0.4793,0.2122,0.3455,77.19,73.43,44.35,22.26,18.2,0.1828,8.17,38.56,88.85,0.4074,0.1646,28.11,,,Kauffman Stadium,
22,686948,Drake Baldwin,ATL,MIA,2026-09-26T20:10:00Z,Scheduled,1,Jack Ralston,667652,R,55.0,Longshot,Watch List,"Projected Lineup, Strong Barrel, Premium Lineup Spot, Platoon Edge",56.5,49.1,21.5,88.7,80.0,33.7,No,No,1,Yes,Yes,RotoWire projected lineup; MLB probable pitchers,lineup projected / unconfirmed,H:2026/2025 P:2026,,,Direct BvP not yet weighted; 2026/2025 Statcast baseline active,7,10,29,0,Contact streak: 10/29 over last 7 games,"platoon edge; pitcher baseline 11.6% barrel, 4.0 HR allowed",neutral batted-ball profile; pitcher allows elevated contact,12.33,50.16,91.49,102.1803,0.4975,0.2213,0.3656,75.3,56.51,32.22,26.02,22.5,0.1796,11.6,39.5,87.3,0.411,0.204,30.2,,,loanDepot park,
23,691181,Emmanuel Rodriguez,MIN,TEX,2026-09-26T20:10:00Z,Scheduled,6,Nathan Eovaldi,543135,R,54.8,Longshot,Watch List,"Projected Lineup, Strong Barrel, Platoon Edge",67.7,42.3,27.1,71.7,80.0,20.8,No,No,6,Yes,Yes,RotoWire projected lineup; MLB probable pitchers,lineup projected / unconfirmed,H:2026 P:2026/2025,,,Direct BvP not yet weighted; 2026/2025 Statcast baseline active,7,3,22,1,"Last 7 games: 3/22, 1 HR","platoon edge; pitcher baseline 8.2% barrel, 19.8 HR allowed",neutral batted-ball profile; pitcher fly-ball pressure modest,18.5,44.4,90.1,101.6712,0.531,0.28,0.355,75.8,66.7,44.4,29.6,2.0,0.244,8.17,40.6,88.6,0.4045,0.1614,25.04,,,Target Field,
24,676475,Alec Burleson,STL,MIL,2026-09-26T23:10:00Z,Scheduled,3,Dustin May,669160,R,54.4,Longshot,Watch List,"Projected Lineup, Strong Barrel, Premium Lineup Spot, Platoon Edge",51.9,45.3,27.6,92.1,80.0,43.7,No,No,3,Yes,Yes,RotoWire projected lineup; MLB probable pitchers,lineup projected / unconfirmed,H:2026/2025 P:2026/2025,,,Direct BvP not yet weighted; 2026/2025 Statcast baseline active,7,4,24,2,Hot streak: 2 HR in last 7 games,"platoon edge; pitcher baseline 8.1% barrel, 15.4 HR allowed",neutral batted-ball profile; pitcher fly-ball pressure modest,10.55,47.76,91.63,101.9941,0.5011,0.2179,0.3632,73.28,35.05,43.75,26.98,22.2,0.1802,8.08,44.43,90.11,0.4125,0.1574,25.22,,,American Family Field,
25,663728,Cal Raleigh,SEA,LAA,2026-09-27T01:40:00Z,Scheduled,4,Ryan Johnson,696270,R,54.4,Longshot,Watch List,"Projected Lineup, Strong Barrel, Premium Lineup Spot, Platoon Edge",60.2,41.7,25.4,90.4,75.0,26.4,No,No,4,Yes,Yes,RotoWire projected lineup; MLB probable pitchers,lineup projected / unconfirmed,H:2026/2025 P:2026/2025,,,Direct BvP not yet weighted; 2026/2025 Statcast baseline active,7,4,23,1,"Last 7 games: 4/23, 1 HR","switch hitter; pitcher baseline 9.1% barrel, 13.8 HR allowed",fly-ball profile; pitcher allows elevated contact,15.93,42.6,90.46,101.2827,0.4413,0.2397,0.3297,75.06,52.46,53.31,42.85,34.1,0.2356,9.13,35.79,87.19,0.4262,0.177,33.25,,,T-Mobile Park,
26,665487,Fernando Tatis,SD,AZ,2026-09-27T00:40:00Z,Scheduled,1,,,,54.3,Longshot,Watch List,"Projected Lineup, Strong Barrel, Premium Lineup Spot, Hot Hitter/Streak",58.1,41.2,22.6,88.7,60.0,79.8,No,No,1,Yes,Yes,RotoWire projected lineup; MLB probable pitchers,lineup projected / unconfirmed,H:2026/2025 P:,,,Direct BvP not yet weighted; 2026/2025 Statcast baseline active,7,11,27,2,Hot streak: 2 HR in last 7 games,"handedness incomplete; pitcher baseline 0.0% barrel, 0.0 HR allowed",EV profile; pitcher fly-ball pressure modest,12.19,53.2,93.09,104.4658,0.4978,0.2079,0.377,75.65,57.98,34.31,22.43,25.0,0.1801,,,,,,,,,Petco Park,
27,691406,Junior Caminero,TB,PHI,2026-09-26T23:15:00Z,Scheduled,3,,,,54.2,Longshot,Watch List,"Projected Lineup, Strong Barrel, Premium Lineup Spot",61.0,41.2,34.3,92.1,60.0,15.3,No,No,3,Yes,Yes,RotoWire projected lineup; MLB probable pitchers,lineup projected / unconfirmed,H:2026/2025 P:,,,Direct BvP not yet weighted; 2026/2025 Statcast baseline active,7,6,27,0,"Last 7 games: 6/27, 0 HR","handedness incomplete; pitcher baseline 0.0% barrel, 0.0 HR allowed",EV profile; pitcher fly-ball pressure modest,13.16,50.07,92.54,104.9125,0.494,0.2278,0.3565,79.2,83.78,44.96,23.21,42.2,0.2542,,,,,,,,,Citizens Bank Park,
28,699024,Leo Bernal,STL,MIL,2026-09-26T23:10:00Z,Scheduled,5,Dustin May,669160,R,53.6,Longshot,Watch List,"Projected Lineup, Platoon Edge",56.4,43.7,27.6,81.9,75.0,43.2,No,No,5,Yes,Yes,RotoWire projected lineup; MLB probable pitchers,lineup projected / unconfirmed,H:2026 P:2026/2025,,,Direct BvP not yet weighted; 2026/2025 Statcast baseline active,7,8,28,1,"Last 7 games: 8/28, 1 HR","switch hitter; pitcher baseline 8.1% barrel, 15.4 HR allowed",lift-pull EV profile; pitcher fly-ball pressure modest,9.5,57.1,92.7,102.0161,0.478,0.208,0.339,73.6,29.9,42.9,36.5,4.0,0.177,8.08,44.43,90.11,0.4125,0.1574,25.22,,,American Family Field,
29,669257,Will Smith,LAD,SF,2026-09-26T20:05:00Z,Scheduled,3,Matt Wilkinson,683363,L,53.5,Longshot,Watch List,"Projected Lineup, Strong Barrel, Premium Lineup Spot, Platoon Edge, Hot Hitter/Streak",51.2,36.6,19.3,92.1,78.0,100.0,No,No,3,Yes,Yes,RotoWire projected lineup; MLB probable pitchers,lineup projected / unconfirmed,H:2026/2025 P:2026,,,Direct BvP not yet weighted; 2026/2025 Statcast baseline active,7,11,24,3,Hot streak: 3 HR in last 7 games,"platoon edge; pitcher baseline 6.5% barrel, 4.0 HR allowed",fly-ball profile; pitcher allows elevated contact,12.55,42.27,89.62,100.1576,0.5002,0.227,0.3857,69.84,6.38,31.3,39.5,12.1,0.18,6.5,42.9,89.1,0.382,0.155,32.5,,,Oracle Park,
30,665019,Kody Clemens,MIN,TEX,2026-09-26T20:10:00Z,Scheduled,3,Nathan Eovaldi,543135,R,52.5,Longshot,Watch List,"Projected Lineup, Strong Barrel, Premium Lineup Spot, Platoon Edge",51.0,42.3,27.1,92.1,80.0,27.6,No,No,3,Yes,Yes,RotoWire projected lineup; MLB probable pitchers,lineup projected / unconfirmed,H:2026/2025 P:2026/2025,,,Direct BvP not yet weighted; 2026/2025 Statcast baseline active,7,4,22,1,"Last 7 games: 4/22, 1 HR","platoon edge; pitcher baseline 8.2% barrel, 19.8 HR allowed",neutral batted-ball profile; pitcher fly-ball pressure modest,11.37,46.48,91.78,101.3961,0.4531,0.2055,0.3303,72.06,14.21,46.22,33.32,23.9,0.2203,8.17,40.6,88.6,0.4045,0.1614,25.04,,,Target Field,
31,696100,Hunter Goodman,COL,CWS,2026-09-26T23:10:00Z,Scheduled,3,Davis Martin,663436,R,52.3,Longshot,Watch List,"Projected Lineup, Strong Barrel, Premium Lineup Spot",54.6,45.1,27.6,92.1,50.0,37.8,No,No,3,Yes,Yes,RotoWire projected lineup; MLB probable pitchers,lineup projected / unconfirmed,H:2026/2025 P:2026/2025,,,Direct BvP not yet weighted; 2026/2025 Statcast baseline active,7,7,28,1,"Last 7 games: 7/28, 1 HR","same-side matchup; pitcher baseline 7.5% barrel, 15.8 HR allowed",neutral batted-ball profile; pitcher fly-ball pressure modest,13.88,45.15,89.96,102.3325,0.4546,0.2224,0.3206,74.79,47.27,47.93,32.62,36.6,0.2665,7.49,44.67,90.42,0.4279,0.158,24.32,,,Rate Field,
32,502054,Tommy Pham,CWS,COL,2026-09-26T23:10:00Z,Scheduled,2,Jose Quintana,500779,L,52.3,Longshot,Watch List,"Projected Lineup, Premium Lineup Spot, Platoon Edge",43.2,49.2,27.6,95.5,78.0,34.9,No,No,2,Yes,Yes,RotoWire projected lineup; MLB probable pitchers,lineup projected / unconfirmed,H:2026/2025 P:2026/2025,,,Direct BvP not yet weighted; 2026/2025 Statcast baseline active,7,3,13,1,"Last 7 games: 3/13, 1 HR","platoon edge; pitcher baseline 9.6% barrel, 11.0 HR allowed",EV profile; pitcher allows elevated contact,6.95,54.13,94.75,103.8036,0.3708,0.1427,0.3229,72.25,24.35,56.29,25.96,3.7,0.125,9.56,36.45,88.56,0.476,0.1972,31.19,,,Rate Field,
33,677951,Bobby Witt,KC,CLE,2026-09-26T23:10:00Z,Scheduled,2,Tanner Bibee,676440,R,52.1,Longshot,Watch List,"Projected Lineup, Strong Barrel, Premium Lineup Spot",56.2,42.9,23.2,95.5,50.0,38.9,No,No,2,Yes,Yes,RotoWire projected lineup; MLB probable pitchers,lineup projected / unconfirmed,H:2026/2025 P:2026/2025,,,Direct BvP not yet weighted; 2026/2025 Statcast baseline active,7,11,29,0,Contact streak: 11/29 over last 7 games,"same-side matchup; pitcher baseline 8.2% barrel, 28.4 HR allowed",EV profile; pitcher fly-ball pressure modest,11.87,50.18,92.67,103.4874,0.5073,0.2101,0.3748,74.02,42.86,31.5,26.99,19.5,0.1745,8.17,38.56,88.85,0.4074,0.1646,28.11,,,Kauffman Stadium,
34,607043,Brandon Nimmo,TEX,MIN,2026-09-26T20:10:00Z,Scheduled,1,Bailey Ober,641927,R,52.0,Longshot,Watch List,"Projected Lineup, Premium Lineup Spot, Platoon Edge",45.3,53.3,27.1,88.7,80.0,12.0,No,No,1,Yes,Yes,RotoWire projected lineup; MLB probable pitchers,lineup projected / unconfirmed,H:2026/2025 P:2026/2025,,,Direct BvP not yet weighted; 2026/2025 Statcast baseline active,7,5,25,0,"Last 7 games: 5/25, 0 HR","platoon edge; pitcher baseline 10.0% barrel, 22.3 HR allowed",neutral batted-ball profile; pitcher allows elevated contact,9.01,50.27,91.97,102.0213,0.4379,0.174,0.3357,72.34,27.67,33.66,25.77,17.3,0.1537,9.99,37.63,88.97,0.4522,0.2028,32.67,,,Target Field,
35,671739,Michael Harris,ATL,MIA,2026-09-26T20:10:00Z,Scheduled,4,Jack Ralston,667652,R,52.0,Longshot,Watch List,"Projected Lineup, Premium Lineup Spot, Platoon Edge",45.0,49.1,21.5,90.4,80.0,44.8,No,No,4,Yes,Yes,RotoWire projected lineup; MLB probable pitchers,lineup projected / unconfirmed,H:2026/2025 P:2026,,,Direct BvP not yet weighted; 2026/2025 Statcast baseline active,7,8,27,1,"Last 7 games: 8/27, 1 HR","platoon edge; pitcher baseline 11.6% barrel, 4.0 HR allowed",neutral batted-ball profile; pitcher allows elevated contact,9.87,46.34,90.41,103.062,0.4653,0.1816,0.3339,74.72,47.05,35.87,22.56,24.2,0.1845,11.6,39.5,87.3,0.411,0.204,30.2,,,loanDepot park,
36,547180,Bryce Harper,PHI,TB,2026-09-26T23:15:00Z,Scheduled,3,Griffin Jax,643377,R,52.0,Longshot,Watch List,"Projected Lineup, Strong Barrel, Premium Lineup Spot, Platoon Edge",49.2,41.5,34.3,92.1,80.0,10.8,No,No,3,Yes,Yes,RotoWire projected lineup; MLB probable pitchers,lineup projected / unconfirmed,H:2026/2025 P:2026/2025,,,Direct BvP not yet weighted; 2026/2025 Statcast baseline active,7,5,26,0,"Last 7 games: 5/26, 0 HR","platoon edge; pitcher baseline 9.0% barrel, 12.6 HR allowed",neutral batted-ball profile; pitcher fly-ball pressure modest,10.9,44.49,90.39,101.6626,0.4843,0.2149,0.3764,74.1,45.15,38.4,26.89,27.7,0.219,8.98,41.02,88.99,0.3951,0.1499,23.09,,,Citizens Bank Park,
37,656811,Ryan O'Hearn,PIT,DET,2026-09-26T17:10:00Z,Scheduled,6,Justin Verlander,434378,R,51.8,Longshot,Watch List,"Projected Lineup, Pitcher Vulnerable, Platoon Edge",33.2,77.0,27.6,71.7,80.0,19.5,No,No,6,Yes,Yes,RotoWire projected lineup; MLB probable pitchers,lineup projected / unconfirmed,H:2026/2025 P:2026/2025,,,Direct BvP not yet weighted; 2026/2025 Statcast baseline active,7,6,24,0,"Last 7 games: 6/24, 0 HR","platoon edge; pitcher baseline 11.2% barrel, 5.5 HR allowed",neutral batted-ball profile; pitcher allows elevated contact,7.11,42.71,89.26,99.3211,0.4085,0.1544,0.3239,71.03,11.43,38.66,27.73,17.7,0.1721,11.18,50.51,92.03,0.6087,0.2779,35.25,,,Comerica Park,
38,666018,Jonathan Aranda,TB,PHI,2026-09-26T23:15:00Z,Scheduled,2,,,,51.6,Longshot,Watch List,"Projected Lineup, Strong Barrel, Premium Lineup Spot",49.0,41.2,34.3,95.5,60.0,31.6,No,No,2,Yes,Yes,RotoWire projected lineup; MLB probable pitchers,lineup projected / unconfirmed,H:2026/2025 P:,,,Direct BvP not yet weighted; 2026/2025 Statcast baseline active,7,5,24,1,"Last 7 games: 5/24, 1 HR","handedness incomplete; pitcher baseline 0.0% barrel, 0.0 HR allowed",neutral batted-ball profile; pitcher fly-ball pressure modest,10.87,48.55,91.6,101.213,0.4639,0.1974,0.3554,70.36,13.11,32.99,29.99,19.6,0.1646,,,,,,,,,Citizens Bank Park,
39,691023,Jordan Walker,STL,MIL,2026-09-26T23:10:00Z,Scheduled,4,Dustin May,669160,R,51.2,Longshot,Watch List,"Projected Lineup, Strong Barrel, Premium Lineup Spot",54.9,45.3,27.6,90.4,50.0,18.3,No,No,4,Yes,Yes,RotoWire projected lineup; MLB probable pitchers,lineup projected / unconfirmed,H:2026/2025 P:2026/2025,,,Direct BvP not yet weighted; 2026/2025 Statcast baseline active,7,3,26,1,"Last 7 games: 3/26, 1 HR","same-side matchup; pitcher baseline 8.1% barrel, 15.4 HR allowed",EV profile; pitcher fly-ball pressure modest,12.51,49.79,92.51,104.6808,0.4316,0.1851,0.3214,78.87,83.05,37.89,23.56,21.4,0.1645,8.08,44.43,90.11,0.4125,0.1574,25.22,,,American Family Field,
40,642350,Jose Siri,LAA,SEA,2026-09-27T01:40:00Z,Scheduled,3,Kade Anderson,807739,L,51.1,Longshot,Watch List,"Projected Lineup, Strong Barrel, Premium Lineup Spot, Platoon Edge",47.1,38.7,25.4,92.1,78.0,50.3,No,No,3,Yes,Yes,RotoWire projected lineup; MLB probable pitchers,lineup projected / unconfirmed,H:2026/2025 P:2026,,,Direct BvP not yet weighted; 2026/2025 Statcast baseline active,7,6,18,1,Contact streak: 6/18 over last 7 games,"platoon edge; pitcher baseline 8.4% barrel, 4.0 HR allowed",fly-ball profile; pitcher fly-ball pressure modest,15.1,39.74,87.91,99.6298,0.3683,0.1847,0.2708,73.08,33.89,32.46,41.92,6.3,0.1355,8.4,42.1,88.1,0.405,0.148,27.4,,,T-Mobile Park,
41,669065,Kyle Stowers,MIA,ATL,2026-09-26T20:10:00Z,Scheduled,3,Brent Suter,608718,L,50.8,Longshot,Watch List,"Projected Lineup, Strong Barrel, Premium Lineup Spot",63.7,26.8,21.5,92.1,50.0,54.7,No,No,3,Yes,Yes,RotoWire projected lineup; MLB probable pitchers,lineup projected / unconfirmed,H:2026/2025 P:2026/2025,,,Direct BvP not yet weighted; 2026/2025 Statcast baseline active,7,6,25,2,Hot streak: 2 HR in last 7 games,"same-side matchup; pitcher baseline 6.7% barrel, 9.6 HR allowed",lift-pull EV profile; pitcher fly-ball pressure modest,14.69,55.08,92.08,103.3168,0.467,0.2286,0.3428,75.28,54.18,45.43,32.27,22.2,0.2308,6.67,31.36,86.29,0.4033,0.1519,23.51,,,loanDepot park,
42,672960,Kazuma Okamoto,TOR,CIN,2026-09-26T19:07:00Z,Scheduled,6,Rhett Lowder,695076,R,50.3,Longshot,Watch List,"Projected Lineup, Strong Barrel",52.7,54.0,30.4,71.7,50.0,16.6,No,No,6,Yes,Yes,RotoWire projected lineup; MLB probable pitchers,lineup projected / unconfirmed,H:2026 P:2026,,,Direct BvP not yet weighted; 2026/2025 Statcast baseline active,7,6,26,0,"Last 7 games: 6/26, 0 HR","same-side matchup; pitcher baseline 10.0% barrel, 18.0 HR allowed",neutral batted-ball profile; pitcher fly-ball pressure modest,13.1,44.1,90.6,101.2527,0.444,0.221,0.326,73.0,33.4,50.9,34.2,33.0,0.22,10.0,39.0,90.3,0.467,0.192,27.3,,,Rogers Centre,
43,687263,Zach Neto,LAA,SEA,2026-09-27T01:40:00Z,Scheduled,1,Kade Anderson,807739,L,50.3,Longshot,Watch List,"Projected Lineup, Strong Barrel, Premium Lineup Spot, Platoon Edge",48.0,38.7,25.4,88.7,78.0,37.8,No,No,1,Yes,Yes,RotoWire projected lineup; MLB probable pitchers,lineup projected / unconfirmed,H:2026/2025 P:2026,,,Direct BvP not yet weighted; 2026/2025 Statcast baseline active,7,6,24,1,"Last 7 games: 6/24, 1 HR","platoon edge; pitcher baseline 8.4% barrel, 4.0 HR allowed",neutral batted-ball profile; pitcher fly-ball pressure modest,12.11,42.89,90.16,100.3862,0.432,0.2076,0.3223,71.47,15.72,47.69,34.47,26.0,0.2002,8.4,42.1,88.1,0.405,0.148,27.4,,,T-Mobile Park,
44,663586,Austin Riley,ATL,MIA,2026-09-26T20:10:00Z,Scheduled,6,Jack Ralston,667652,R,50.0,Longshot,Watch List,"Projected Lineup, Strong Barrel",53.7,49.1,21.5,71.7,50.0,54.7,No,No,6,Yes,Yes,RotoWire projected lineup; MLB probable pitchers,lineup projected / unconfirmed,H:2026/2025 P:2026,,,Direct BvP not yet weighted; 2026/2025 Statcast baseline active,7,6,25,2,Hot streak: 2 HR in last 7 games,"same-side matchup; pitcher baseline 11.6% barrel, 4.0 HR allowed",neutral batted-ball profile; pitcher allows elevated contact,13.38,45.93,91.6,102.7057,0.423,0.1977,0.3104,75.83,59.5,40.22,30.8,18.1,0.154,11.6,39.5,87.3,0.411,0.204,30.2,,,loanDepot park,
45,804606,Konnor Griffin,PIT,DET,2026-09-26T17:10:00Z,Scheduled,1,Justin Verlander,434378,R,49.8,Longshot,Watch List,"Projected Lineup, Pitcher Vulnerable, Premium Lineup Spot",26.7,77.0,27.6,88.7,50.0,28.6,No,No,1,Yes,Yes,RotoWire projected lineup; MLB probable pitchers,lineup projected / unconfirmed,H:2026 P:2026/2025,,,Direct BvP not yet weighted; 2026/2025 Statcast baseline active,7,9,29,0,"Last 7 games: 9/29, 0 HR","same-side matchup; pitcher baseline 11.2% barrel, 5.5 HR allowed",neutral batted-ball profile; pitcher allows elevated contact,6.4,36.0,87.8,100.2793,0.393,0.137,0.309,75.4,56.3,39.6,17.6,5.0,0.123,11.18,50.51,92.03,0.6087,0.2779,35.25,,,Comerica Park,
46,701398,Sal Stewart,CIN,TOR,2026-09-26T19:07:00Z,Scheduled,3,Trey Yesavage,702056,R,49.8,Longshot,Watch List,"Projected Lineup, Strong Barrel, Premium Lineup Spot",59.6,33.4,30.4,92.1,50.0,4.2,No,No,3,Yes,Yes,RotoWire projected lineup; MLB probable pitchers,lineup projected / unconfirmed,H:2026/2025 P:2026/2025,,,Direct BvP not yet weighted; 2026/2025 Statcast baseline active,7,4,27,0,"Last 7 games: 4/27, 0 HR","same-side matchup; pitcher baseline 6.8% barrel, 7.7 HR allowed",neutral batted-ball profile; pitcher fly-ball pressure modest,14.12,44.94,91.97,101.6571,0.5194,0.2505,0.3625,72.1,26.44,38.22,31.74,23.9,0.2263,6.79,42.18,90.01,0.3414,0.1268,25.74,,,Rogers Centre,
47,665489,Vladimir Guerrero,TOR,CIN,2026-09-26T19:07:00Z,Scheduled,2,Rhett Lowder,695076,R,49.8,Longshot,Watch List,"Projected Lineup, Premium Lineup Spot",40.8,54.0,30.4,95.5,50.0,19.5,No,No,2,Yes,Yes,RotoWire projected lineup; MLB probable pitchers,lineup projected / unconfirmed,H:2026/2025 P:2026,,,Direct BvP not yet weighted; 2026/2025 Statcast baseline active,7,6,24,0,"Last 7 games: 6/24, 0 HR","same-side matchup; pitcher baseline 10.0% barrel, 18.0 HR allowed",neutral batted-ball profile; pitcher fly-ball pressure modest,8.49,46.5,90.95,103.3743,0.4353,0.1472,0.349,76.42,64.03,35.25,19.31,13.2,0.1204,10.0,39.0,90.3,0.467,0.192,27.3,,,Rogers Centre,
48,669394,Jake Burger,TEX,MIN,2026-09-26T20:10:00Z,Scheduled,6,Bailey Ober,641927,R,49.8,Longshot,Watch List,"Projected Lineup, Strong Barrel",51.7,53.3,27.1,71.7,50.0,26.4,No,No,6,Yes,Yes,RotoWire projected lineup; MLB probable pitchers,lineup projected / unconfirmed,H:2026/2025 P:2026/2025,,,Direct BvP not yet weighted; 2026/2025 Statcast baseline active,7,4,23,1,"Last 7 games: 4/23, 1 HR","same-side matchup; pitcher baseline 10.0% barrel, 22.3 HR allowed",neutral batted-ball profile; pitcher allows elevated contact,12.78,46.54,90.19,102.6863,0.4381,0.2047,0.3184,75.44,58.42,41.46,28.74,23.7,0.1886,9.99,37.63,88.97,0.4522,0.2028,32.67,,,Target Field,
49,703155,Lazaro Montes,SEA,LAA,2026-09-27T01:40:00Z,Scheduled,8,Ryan Johnson,696270,R,49.7,Longshot,Watch List,"Projected Lineup, Strong Barrel, Platoon Edge",62.3,43.2,25.4,47.9,80.0,21.8,No,No,8,Yes,Yes,RotoWire projected lineup; MLB probable pitchers,lineup projected / unconfirmed,H:2026 P:2026/2025,,,Direct BvP not yet weighted; 2026/2025 Statcast baseline active,7,3,21,1,"Last 7 games: 3/21, 1 HR","platoon edge; pitcher baseline 9.1% barrel, 13.8 HR allowed",fly-ball profile; pitcher allows elevated contact,16.0,44.0,89.9,103.0516,0.453,0.257,0.312,75.5,59.2,32.0,44.0,4.0,0.271,9.13,35.79,87.19,0.4262,0.177,33.25,,,T-Mobile Park,
50,686469,Vinnie Pasquantino,KC,CLE,2026-09-26T23:10:00Z,Scheduled,6,Tanner Bibee,676440,R,49.6,Longshot,Watch List,"Projected Lineup, Platoon Edge, Hot Hitter/Streak",42.0,42.9,23.2,71.7,80.0,94.7,No,No,6,Yes,Yes,RotoWire projected lineup; MLB probable pitchers,lineup projected / unconfirmed,H:2026/2025 P:2026/2025,,,Direct BvP not yet weighted; 2026/2025 Statcast baseline active,7,10,26,3,Hot streak: 3 HR in last 7 games,"platoon edge; pitcher baseline 8.2% barrel, 28.4 HR allowed",neutral batted-ball profile; pitcher fly-ball pressure modest,9.61,42.6,90.34,100.278,0.4399,0.1847,0.334,71.17,15.31,44.54,30.33,20.1,0.1816,8.17,38.56,88.85,0.4074,0.1646,28.11,,,Kauffman Stadium,
51,701538,Jackson Merrill,SD,AZ,2026-09-27T00:40:00Z,Scheduled,5,,,,49.6,Longshot,Watch List,"Projected Lineup, Strong Barrel",54.6,41.2,22.6,81.9,60.0,29.2,No,No,5,Yes,Yes,RotoWire projected lineup; MLB probable pitchers,lineup projected / unconfirmed,H:2026/2025 P:,,,Direct BvP not yet weighted; 2026/2025 Statcast baseline active,7,5,26,1,"Last 7 games: 5/26, 1 HR","handedness incomplete; pitcher baseline 0.0% barrel, 0.0 HR allowed",neutral batted-ball profile; pitcher fly-ball pressure modest,12.65,47.1,91.03,101.2413,0.4914,0.2242,0.347,72.95,28.17,37.84,30.06,23.0,0.1895,,,,,,,,,Petco Park,
52,521692,Salvador Perez,KC,CLE,2026-09-26T23:10:00Z,Scheduled,4,Tanner Bibee,676440,R,49.5,Longshot,Watch List,"Projected Lineup, Strong Barrel, Premium Lineup Spot",47.4,42.9,23.2,90.4,50.0,57.8,No,No,4,Yes,Yes,RotoWire projected lineup; MLB probable pitchers,lineup projected / unconfirmed,H:2026/2025 P:2026/2025,,,Direct BvP not yet weighted; 2026/2025 Statcast baseline active,7,6,23,2,Hot streak: 2 HR in last 7 games,"same-side matchup; pitcher baseline 8.2% barrel, 28.4 HR allowed",neutral batted-ball profile; pitcher fly-ball pressure modest,11.65,44.04,89.37,100.8909,0.4633,0.2086,0.3262,71.99,22.35,41.63,30.78,23.0,0.168,8.17,38.56,88.85,0.4074,0.1646,28.11,,,Kauffman Stadium,
53,682928,CJ Abrams,WSH,NYM,2026-09-26T16:35:00Z,Scheduled,4,Jonah Tong,804636,R,49.3,Longshot,Watch List,"Projected Lineup, Premium Lineup Spot, Platoon Edge, Hot Hitter/Streak",39.2,36.0,28.2,90.4,80.0,73.0,No,No,4,Yes,Yes,RotoWire projected lineup; MLB probable pitchers,lineup projected / unconfirmed,H:2026/2025 P:2026/2025,,,Direct BvP not yet weighted; 2026/2025 Statcast baseline active,7,6,25,3,Hot streak: 3 HR in last 7 games,"platoon edge; pitcher baseline 8.0% barrel, 2.3 HR allowed",neutral batted-ball profile; pitcher allows elevated contact,9.49,40.18,89.33,99.8526,0.4255,0.1784,0.3251,72.82,26.98,44.57,28.45,28.8,0.2194,8.0,38.07,89.44,0.3604,0.1379,33.24,,,Nationals Park,
54,802139,JJ Wetherholt,STL,MIL,2026-09-26T23:10:00Z,Scheduled,1,Dustin May,669160,R,49.1,Longshot,Watch List,"Projected Lineup, Premium Lineup Spot, Platoon Edge",39.2,45.3,27.6,88.7,80.0,30.0,No,No,1,Yes,Yes,RotoWire projected lineup; MLB probable pitchers,lineup projected / unconfirmed,H:2026 P:2026/2025,,,Direct BvP not yet weighted; 2026/2025 Statcast baseline active,7,8,25,0,Contact streak: 8/25 over last 7 games,"platoon edge; pitcher baseline 8.1% barrel, 15.4 HR allowed",neutral batted-ball profile; pitcher fly-ball pressure modest,7.5,45.1,89.8,99.4147,0.438,0.182,0.349,71.9,19.3,36.4,29.4,17.0,0.125,8.08,44.43,90.11,0.4125,0.1574,25.22,,,American Family Field,
55,669127,Shea Langeliers,ATH,HOU,2026-09-27T01:40:00Z,Scheduled,3,Hayden Wesneski,669713,R,49.0,Longshot,Watch List,"Projected Lineup, Strong Barrel, Premium Lineup Spot",54.5,33.8,30.9,92.1,50.0,17.0,No,No,3,Yes,Yes,RotoWire projected lineup; MLB probable pitchers,lineup projected / unconfirmed,H:2026/2025 P:2026/2025,,,Direct BvP not yet weighted; 2026/2025 Statcast baseline active,7,7,30,0,"Last 7 games: 7/30, 0 HR","same-side matchup; pitcher baseline 7.1% barrel, 4.9 HR allowed",neutral batted-ball profile; pitcher fly-ball pressure modest,12.84,43.85,91.18,102.255,0.4885,0.2242,0.3486,74.71,48.05,40.23,29.63,25.4,0.2299,7.14,40.7,88.3,0.3947,0.1494,23.41,,,Sutter Health Park,
56,596019,Francisco Lindor,NYM,WSH,2026-09-26T16:35:00Z,Scheduled,1,Connelly Early,813349,L,48.8,Longshot,Watch List,"Projected Lineup, Premium Lineup Spot, Platoon Edge",45.7,41.0,28.2,88.7,75.0,10.1,No,No,1,Yes,Yes,RotoWire projected lineup; MLB probable pitchers,lineup projected / unconfirmed,H:2026/2025 P:2026/2025,,,Direct BvP not yet weighted; 2026/2025 Statcast baseline active,7,6,32,0,"Last 7 games: 6/32, 0 HR","switch hitter; pitcher baseline 8.7% barrel, 10.5 HR allowed",neutral batted-ball profile; pitcher allows elevated contact,8.9,47.62,91.13,100.5377,0.4386,0.1933,0.3345,72.23,24.7,44.27,32.33,23.3,0.1976,8.74,40.63,89.79,0.3708,0.147,30.54,,,Nationals Park,
57,682626,Francisco Alvarez,NYM,WSH,2026-09-26T16:35:00Z,Scheduled,8,Connelly Early,813349,L,48.6,Longshot,Watch List,"Projected Lineup, Strong Barrel, Platoon Edge",55.7,42.1,28.2,47.9,78.0,43.2,No,No,8,Yes,Yes,RotoWire projected lineup; MLB probable pitchers,lineup projected / unconfirmed,H:2026/2025 P:2026/2025,,,Direct BvP not yet weighted; 2026/2025 Statcast baseline active,7,8,28,1,"Last 7 games: 8/28, 1 HR","platoon edge; pitcher baseline 8.7% barrel, 10.5 HR allowed",neutral batted-ball profile; pitcher allows elevated contact,14.62,49.54,91.42,103.1,0.4363,0.2059,0.3246,74.11,42.39,37.33,25.03,14.5,0.1756,8.74,40.63,89.79,0.3708,0.147,30.54,,,Nationals Park,
58,671056,Ivan Herrera,STL,MIL,2026-09-26T23:10:00Z,Scheduled,2,Dustin May,669160,R,48.5,Longshot,Watch List,"Projected Lineup, Premium Lineup Spot, Hot Hitter/Streak",35.1,45.3,27.6,95.5,50.0,79.9,No,No,2,Yes,Yes,RotoWire projected lineup; MLB probable pitchers,lineup projected / unconfirmed,H:2026/2025 P:2026/2025,,,Direct BvP not yet weighted; 2026/2025 Statcast baseline active,7,8,28,3,Hot streak: 3 HR in last 7 games,"same-side matchup; pitcher baseline 8.1% barrel, 15.4 HR allowed",neutral batted-ball profile; pitcher fly-ball pressure modest,7.39,42.59,89.94,101.3167,0.4168,0.16,0.3458,73.81,42.37,37.17,19.59,18.3,0.1506,8.08,44.43,90.11,0.4125,0.1574,25.22,,,American Family Field,
59,683146,Brett Baty,NYM,WSH,2026-09-26T16:35:00Z,Scheduled,5,Connelly Early,813349,L,48.4,Longshot,Watch List,"Projected Lineup, Strong Barrel",45.3,42.1,28.2,81.9,50.0,63.3,No,No,5,Yes,Yes,RotoWire projected lineup; MLB probable pitchers,lineup projected / unconfirmed,H:2026/2025 P:2026/2025,,,Direct BvP not yet weighted; 2026/2025 Statcast baseline active,7,8,14,1,Contact streak: 8/14 over last 7 games,"same-side matchup; pitcher baseline 8.7% barrel, 10.5 HR allowed",neutral batted-ball profile; pitcher allows elevated contact,11.01,43.33,90.49,101.769,0.4255,0.1805,0.3249,75.15,53.79,35.12,26.59,13.1,0.1516,8.74,40.63,89.79,0.3708,0.147,30.54,,,Nationals Park,
60,592518,Manny Machado,SD,AZ,2026-09-27T00:40:00Z,Scheduled,3,,,,48.3,Longshot,Watch List,"Projected Lineup, Strong Barrel, Premium Lineup Spot",47.7,41.2,22.6,92.1,60.0,18.3,No,No,3,Yes,Yes,RotoWire projected lineup; MLB probable pitchers,lineup projected / unconfirmed,H:2026/2025 P:,,,Direct BvP not yet weighted; 2026/2025 Statcast baseline active,7,3,28,1,"Last 7 games: 3/28, 1 HR","handedness incomplete; pitcher baseline 0.0% barrel, 0.0 HR allowed",neutral batted-ball profile; pitcher fly-ball pressure modest,10.59,45.76,90.94,101.7913,0.4425,0.1918,0.3365,74.64,44.93,38.68,28.57,28.4,0.1878,,,,,,,,,Petco Park,
61,694671,Wyatt Langford,TEX,MIN,2026-09-26T20:10:00Z,Scheduled,4,Bailey Ober,641927,R,48.1,Longshot,Watch List,"Projected Lineup, Premium Lineup Spot",39.8,53.3,27.1,90.4,50.0,19.5,No,No,4,Yes,Yes,RotoWire projected lineup; MLB probable pitchers,lineup projected / unconfirmed,H:2026/2025 P:2026/2025,,,Direct BvP not yet weighted; 2026/2025 Statcast baseline active,7,5,20,0,"Last 7 games: 5/20, 0 HR","same-side matchup; pitcher baseline 10.0% barrel, 22.3 HR allowed",neutral batted-ball profile; pitcher allows elevated contact,9.87,40.28,89.51,100.4097,0.4081,0.175,0.3285,72.82,27.43,43.66,30.95,18.5,0.1886,9.99,37.63,88.97,0.4522,0.2028,32.67,,,Target Field,
62,680869,Zack Gelof,ATH,HOU,2026-09-27T01:40:00Z,Scheduled,5,Hayden Wesneski,669713,R,48.1,Longshot,Watch List,"Projected Lineup, Strong Barrel, Hot Hitter/Streak",44.3,33.8,30.9,81.9,50.0,94.7,No,No,5,Yes,Yes,RotoWire projected lineup; MLB probable pitchers,lineup projected / unconfirmed,H:2026/2025 P:2026/2025,,,Direct BvP not yet weighted; 2026/2025 Statcast baseline active,7,10,26,4,Hot streak: 4 HR in last 7 games,"same-side matchup; pitcher baseline 7.1% barrel, 4.9 HR allowed",neutral batted-ball profile; pitcher fly-ball pressure modest,11.45,44.33,89.22,99.9416,0.4005,0.1907,0.2939,73.29,27.01,40.23,29.27,16.0,0.1869,7.14,40.7,88.3,0.3947,0.1494,23.41,,,Sutter Health Park,
63,677594,Julio Rodriguez,SEA,LAA,2026-09-27T01:40:00Z,Scheduled,5,Ryan Johnson,696270,R,48.0,Longshot,Watch List,Projected Lineup,45.7,43.2,25.4,81.9,50.0,55.9,No,No,5,Yes,Yes,RotoWire projected lineup; MLB probable pitchers,lineup projected / unconfirmed,H:2026/2025 P:2026/2025,,,Direct BvP not yet weighted; 2026/2025 Statcast baseline active,7,10,27,1,Contact streak: 10/27 over last 7 games,"same-side matchup; pitcher baseline 9.1% barrel, 13.8 HR allowed",neutral batted-ball profile; pitcher allows elevated contact,9.17,45.41,90.75,102.8196,0.4545,0.1873,0.3391,76.54,66.29,38.21,25.49,25.0,0.172,9.13,35.79,87.19,0.4262,0.177,33.25,,,T-Mobile Park,
64,543807,George Springer,TOR,CIN,2026-09-26T19:07:00Z,Scheduled,4,Rhett Lowder,695076,R,47.9,Longshot,Watch List,"Projected Lineup, Premium Lineup Spot",39.2,54.0,30.4,90.4,50.0,5.1,No,No,4,Yes,Yes,RotoWire projected lineup; MLB probable pitchers,lineup projected / unconfirmed,H:2026/2025 P:2026,,,Direct BvP not yet weighted; 2026/2025 Statcast baseline active,7,4,26,0,"Last 7 games: 4/26, 0 HR","same-side matchup; pitcher baseline 10.0% barrel, 18.0 HR allowed",neutral batted-ball profile; pitcher fly-ball pressure modest,9.27,41.02,88.95,100.359,0.4352,0.1827,0.334,73.31,36.7,41.58,26.58,20.1,0.1845,10.0,39.0,90.3,0.467,0.192,27.3,,,Rogers Centre,
65,668227,Randy Arozarena,SEA,LAA,2026-09-27T01:40:00Z,Scheduled,2,Ryan Johnson,696270,R,47.9,Longshot,Watch List,"Projected Lineup, Premium Lineup Spot",40.6,43.2,25.4,95.5,50.0,50.3,No,No,2,Yes,Yes,RotoWire projected lineup; MLB probable pitchers,lineup projected / unconfirmed,H:2026/2025 P:2026/2025,,,Direct BvP not yet weighted; 2026/2025 Statcast baseline active,7,8,24,1,Contact streak: 8/24 over last 7 games,"same-side matchup; pitcher baseline 9.1% barrel, 13.8 HR allowed",neutral batted-ball profile; pitcher allows elevated contact,9.05,45.49,90.95,101.1368,0.4198,0.1711,0.3431,71.32,24.59,34.82,24.94,26.3,0.1964,9.13,35.79,87.19,0.4262,0.177,33.25,,,T-Mobile Park,
66,605137,Josh Bell,MIN,TEX,2026-09-26T20:10:00Z,Scheduled,5,Nathan Eovaldi,543135,R,47.8,Longshot,Watch List,"Projected Lineup, Strong Barrel, Platoon Edge",44.4,40.2,27.1,81.9,75.0,24.9,No,No,5,Yes,Yes,RotoWire projected lineup; MLB probable pitchers,lineup projected / unconfirmed,H:2026/2025 P:2026/2025,,,Direct BvP not yet weighted; 2026/2025 Statcast baseline active,7,8,28,0,"Last 7 games: 8/28, 0 HR","switch hitter; pitcher baseline 8.2% barrel, 19.8 HR allowed",neutral batted-ball profile; pitcher fly-ball pressure modest,10.28,43.57,89.98,101.0051,0.4556,0.1996,0.3408,72.26,28.36,40.8,26.92,20.6,0.1667,8.17,40.6,88.6,0.4045,0.1614,25.04,,,Target Field,
67,683748,Victor Mesa,TB,PHI,2026-09-26T23:15:00Z,Scheduled,5,,,,47.8,Longshot,Watch List,Projected Lineup,43.6,41.2,34.3,81.9,60.0,30.3,No,No,5,Yes,Yes,RotoWire projected lineup; MLB probable pitchers,lineup projected / unconfirmed,H:2026/2025 P:,,,Direct BvP not yet weighted; 2026/2025 Statcast baseline active,7,4,20,1,"Last 7 games: 4/20, 1 HR","handedness incomplete; pitcher baseline 0.0% barrel, 0.0 HR allowed",neutral batted-ball profile; pitcher fly-ball pressure modest,9.97,41.15,89.7,100.1867,0.4339,0.1921,0.3305,73.65,33.02,40.66,33.84,10.1,0.2141,,,,,,,,,Citizens Bank Park,
68,666176,Jo Adell,CLE,KC,2026-09-26T23:10:00Z,Scheduled,4,Michael Wacha,608379,R,47.7,Longshot,Watch List,"Projected Lineup, Strong Barrel, Premium Lineup Spot",52.2,38.0,23.2,90.4,50.0,15.3,No,No,4,Yes,Yes,RotoWire projected lineup; MLB probable pitchers,lineup projected / unconfirmed,H:2026/2025 P:2026/2025,,,Direct BvP not yet weighted; 2026/2025 Statcast baseline active,7,6,27,0,"Last 7 games: 6/27, 0 HR","same-side matchup; pitcher baseline 7.1% barrel, 24.1 HR allowed",neutral batted-ball profile; pitcher fly-ball pressure modest,11.28,45.94,90.65,102.9198,0.4692,0.2134,0.3356,77.46,72.39,39.89,27.21,26.5,0.1846,7.12,35.86,87.92,0.4102,0.1647,29.09,,,Kauffman Stadium,
69,694192,Jackson Chourio,MIL,STL,2026-09-26T23:10:00Z,Scheduled,1,Quinn Mathews,687273,L,47.7,Longshot,Watch List,"Projected Lineup, Strong Barrel, Premium Lineup Spot, Platoon Edge",50.3,18.5,27.6,88.7,78.0,61.5,No,No,1,Yes,Yes,RotoWire projected lineup; MLB probable pitchers,lineup projected / unconfirmed,H:2026/2025 P:2026,,,Direct BvP not yet weighted; 2026/2025 Statcast baseline active,7,6,21,2,Hot streak: 2 HR in last 7 games,"platoon edge; pitcher baseline 3.8% barrel, 4.0 HR allowed",neutral batted-ball profile; pitcher fly-ball pressure modest,11.59,45.66,90.98,101.9365,0.4582,0.2014,0.3308,74.25,44.52,31.57,29.41,23.8,0.1965,3.8,34.8,88.8,0.347,0.1,25.8,,,American Family Field,
70,666182,Bo Bichette,NYM,WSH,2026-09-26T16:35:00Z,Scheduled,3,Connelly Early,813349,L,47.6,Longshot,Watch List,"Projected Lineup, Premium Lineup Spot, Platoon Edge",33.0,42.1,28.2,92.1,78.0,49.7,No,No,3,Yes,Yes,RotoWire projected lineup; MLB probable pitchers,lineup projected / unconfirmed,H:2026/2025 P:2026/2025,,,Direct BvP not yet weighted; 2026/2025 Statcast baseline active,7,6,29,2,Hot streak: 2 HR in last 7 games,"platoon edge; pitcher baseline 8.7% barrel, 10.5 HR allowed",neutral batted-ball profile; pitcher allows elevated contact,6.78,43.97,90.02,101.0808,0.4352,0.1517,0.3355,69.59,12.81,26.63,22.74,17.3,0.1405,8.74,40.63,89.79,0.3708,0.147,30.54,,,Nationals Park,
71,606192,Teoscar Hernandez,LAD,SF,2026-09-26T20:05:00Z,Scheduled,5,Matt Wilkinson,683363,L,47.6,Longshot,Watch List,"Projected Lineup, Strong Barrel, Platoon Edge",44.8,36.6,19.3,81.9,78.0,52.1,No,No,5,Yes,Yes,RotoWire projected lineup; MLB probable pitchers,lineup projected / unconfirmed,H:2026/2025 P:2026,,,Direct BvP not yet weighted; 2026/2025 Statcast baseline active,7,10,29,1,Contact streak: 10/29 over last 7 games,"platoon edge; pitcher baseline 6.5% barrel, 4.0 HR allowed",neutral batted-ball profile; pitcher allows elevated contact,10.66,45.47,90.2,101.5945,0.4378,0.1836,0.3282,72.62,27.02,35.06,28.19,18.0,0.1685,6.5,42.9,89.1,0.382,0.155,32.5,,,Oracle Park,
72,666160,Mickey Moniak,COL,CWS,2026-09-26T23:10:00Z,Scheduled,7,Davis Martin,663436,R,47.4,Longshot,Watch List,"Projected Lineup, Strong Barrel, Platoon Edge",46.6,45.1,27.6,59.8,80.0,30.3,No,No,7,Yes,Yes,RotoWire projected lineup; MLB probable pitchers,lineup projected / unconfirmed,H:2026/2025 P:2026/2025,,,Direct BvP not yet weighted; 2026/2025 Statcast baseline active,7,4,20,1,"Last 7 games: 4/20, 1 HR","platoon edge; pitcher baseline 7.5% barrel, 15.8 HR allowed",fly-ball profile; pitcher fly-ball pressure modest,11.0,42.64,89.7,100.3161,0.4226,0.1962,0.2958,74.12,43.04,46.87,36.84,23.3,0.2459,7.49,44.67,90.42,0.4279,0.158,24.32,,,Rate Field,
73,695734,Daylen Lile,WSH,NYM,2026-09-26T16:35:00Z,Scheduled,2,Jonah Tong,804636,R,47.0,Longshot,Watch List,"Projected Lineup, Premium Lineup Spot, Platoon Edge",36.4,36.0,28.2,95.5,80.0,30.3,No,No,2,Yes,Yes,RotoWire projected lineup; MLB probable pitchers,lineup projected / unconfirmed,H:2026/2025 P:2026/2025,,,Direct BvP not yet weighted; 2026/2025 Statcast baseline active,7,5,25,1,"Last 7 games: 5/25, 1 HR","platoon edge; pitcher baseline 8.0% barrel, 2.3 HR allowed",neutral batted-ball profile; pitcher allows elevated contact,8.42,38.42,88.69,99.037,0.4469,0.1761,0.3326,70.71,9.78,40.24,33.81,18.1,0.1899,8.0,38.07,89.44,0.3604,0.1379,33.24,,,Nationals Park,
74,671732,Lawrence Butler,ATH,HOU,2026-09-27T01:40:00Z,Scheduled,4,Hayden Wesneski,669713,R,46.9,Longshot,Watch List,"Projected Lineup, Premium Lineup Spot, Platoon Edge",38.4,33.8,30.9,90.4,80.0,32.0,No,No,4,Yes,Yes,RotoWire projected lineup; MLB probable pitchers,lineup projected / unconfirmed,H:2026/2025 P:2026/2025,,,Direct BvP not yet weighted; 2026/2025 Statcast baseline active,7,9,27,0,Contact streak: 9/27 over last 7 games,"platoon edge; pitcher baseline 7.1% barrel, 4.9 HR allowed",neutral batted-ball profile; pitcher fly-ball pressure modest,8.99,45.1,90.08,101.9898,0.3996,0.1584,0.3211,73.63,37.88,35.8,22.0,18.2,0.163,7.14,40.7,88.3,0.3947,0.1494,23.41,,,Sutter Health Park,
75,664034,Ty France,SD,AZ,2026-09-27T00:40:00Z,Scheduled,4,,,,46.8,Longshot,Watch List,"Projected Lineup, Premium Lineup Spot",41.6,41.2,22.6,90.4,60.0,33.7,No,No,4,Yes,Yes,RotoWire projected lineup; MLB probable pitchers,lineup projected / unconfirmed,H:2026/2025 P:,,,Direct BvP not yet weighted; 2026/2025 Statcast baseline active,7,6,27,1,"Last 7 games: 6/27, 1 HR","handedness incomplete; pitcher baseline 0.0% barrel, 0.0 HR allowed",neutral batted-ball profile; pitcher fly-ball pressure modest,8.82,46.86,91.04,100.9511,0.4285,0.1737,0.3294,71.77,19.95,36.57,24.9,16.8,0.1793,,,,,,,,,Petco Park,
76,650490,Yandy Diaz,TB,PHI,2026-09-26T23:15:00Z,Scheduled,1,,,,46.6,Longshot,Watch List,"Projected Lineup, Premium Lineup Spot",41.1,41.2,34.3,88.7,60.0,3.4,No,No,1,Yes,Yes,RotoWire projected lineup; MLB probable pitchers,lineup projected / unconfirmed,H:2026/2025 P:,,,Direct BvP not yet weighted; 2026/2025 Statcast baseline active,7,4,28,0,"Last 7 games: 4/28, 0 HR","handedness incomplete; pitcher baseline 0.0% barrel, 0.0 HR allowed",neutral batted-ball profile; pitcher fly-ball pressure modest,7.53,49.28,91.53,103.1723,0.446,0.1635,0.3491,73.5,37.3,23.74,19.72,22.9,0.1624,,,,,,,,,Citizens Bank Park,
77,681715,Heriberto Hernandez,MIA,ATL,2026-09-26T20:10:00Z,Scheduled,1,Brent Suter,608718,L,46.5,Longshot,Watch List,"Projected Lineup, Strong Barrel, Premium Lineup Spot, Platoon Edge",52.2,26.8,21.5,88.7,78.0,4.2,No,No,1,Yes,Yes,RotoWire projected lineup; MLB probable pitchers,lineup projected / unconfirmed,H:2026/2025 P:2026/2025,,,Direct BvP not yet weighted; 2026/2025 Statcast baseline active,7,4,27,0,"Last 7 games: 4/27, 0 HR","platoon edge; pitcher baseline 6.7% barrel, 9.6 HR allowed",neutral batted-ball profile; pitcher fly-ball pressure modest,12.05,46.66,90.9,101.6342,0.4541,0.2138,0.3401,74.0,43.85,46.26,30.62,19.8,0.1958,6.67,31.36,86.29,0.4033,0.1519,23.51,,,loanDepot park,
78,800050,Chase DeLauter,CLE,KC,2026-09-26T23:10:00Z,Scheduled,2,Michael Wacha,608379,R,46.5,Longshot,Watch List,"Projected Lineup, Premium Lineup Spot, Platoon Edge",34.6,38.0,23.2,95.5,80.0,39.2,No,No,2,Yes,Yes,RotoWire projected lineup; MLB probable pitchers,lineup projected / unconfirmed,H:2026 P:2026/2025,,,Direct BvP not yet weighted; 2026/2025 Statcast baseline active,7,7,27,1,"Last 7 games: 7/27, 1 HR","platoon edge; pitcher baseline 7.1% barrel, 24.1 HR allowed",neutral batted-ball profile; pitcher fly-ball pressure modest,6.1,46.3,91.3,101.2935,0.425,0.148,0.344,71.5,18.7,37.7,19.6,15.0,0.165,7.12,35.86,87.92,0.4102,0.1647,29.09,,,Kauffman Stadium,
79,701807,Carson Benge,NYM,WSH,2026-09-26T16:35:00Z,Scheduled,4,Connelly Early,813349,L,46.3,Longshot,Watch List,"Projected Lineup, Premium Lineup Spot, Hot Hitter/Streak",32.4,42.1,28.2,90.4,50.0,81.7,No,No,4,Yes,Yes,RotoWire projected lineup; MLB probable pitchers,lineup projected / unconfirmed,H:2026 P:2026/2025,,,Direct BvP not yet weighted; 2026/2025 Statcast baseline active,7,11,26,2,Hot streak: 2 HR in last 7 games,"same-side matchup; pitcher baseline 8.7% barrel, 10.5 HR allowed",neutral batted-ball profile; pitcher allows elevated contact,7.3,39.0,88.8,99.5722,0.435,0.158,0.339,71.0,17.1,33.1,27.9,19.0,0.145,8.74,40.63,89.79,0.3708,0.147,30.54,,,Nationals Park,
80,805808,Kevin McGonigle,DET,PIT,2026-09-26T17:10:00Z,Scheduled,1,Kirby Yates,489446,R,46.2,Longshot,Watch List,"Projected Lineup, Premium Lineup Spot, Platoon Edge",34.1,40.1,27.6,88.7,80.0,30.4,No,No,1,Yes,Yes,RotoWire projected lineup; MLB probable pitchers,lineup projected / unconfirmed,H:2026 P:2026/2025,,,Direct BvP not yet weighted; 2026/2025 Statcast baseline active,7,10,31,0,Contact streak: 10/31 over last 7 games,"platoon edge; pitcher baseline 8.0% barrel, 4.8 HR allowed",fly-ball profile; pitcher fly-ball pressure modest,7.2,37.4,87.9,98.4401,0.447,0.181,0.357,71.2,15.8,37.3,35.3,17.0,0.15,7.96,45.4,90.53,0.3506,0.1351,29.6,,,Comerica Park,
81,572233,Christian Walker,HOU,ATH,2026-09-27T01:40:00Z,Scheduled,6,Jack Perkins,678022,R,46.1,Longshot,Watch List,"Projected Lineup, Strong Barrel, Hot Hitter/Streak",41.6,38.9,30.9,71.7,50.0,75.9,No,No,6,Yes,Yes,RotoWire projected lineup; MLB probable pitchers,lineup projected / unconfirmed,H:2026/2025 P:2026/2025,,,Direct BvP not yet weighted; 2026/2025 Statcast baseline active,7,7,27,3,Hot streak: 3 HR in last 7 games,"same-side matchup; pitcher baseline 8.8% barrel, 15.2 HR allowed",neutral batted-ball profile; pitcher allows elevated contact,10.45,42.39,89.57,101.4823,0.4014,0.1743,0.3042,74.31,43.13,41.71,28.14,27.0,0.1893,8.83,36.51,87.66,0.3748,0.1468,32.28,,,Sutter Health Park,
82,668709,JJ Bleday,CIN,TOR,2026-09-26T19:07:00Z,Scheduled,4,Trey Yesavage,702056,R,46.0,Longshot,Watch List,"Projected Lineup, Premium Lineup Spot, Platoon Edge",36.2,33.4,30.4,90.4,80.0,32.9,No,No,4,Yes,Yes,RotoWire projected lineup; MLB probable pitchers,lineup projected / unconfirmed,H:2026/2025 P:2026/2025,,,Direct BvP not yet weighted; 2026/2025 Statcast baseline active,7,5,23,1,"Last 7 games: 5/23, 1 HR","platoon edge; pitcher baseline 6.8% barrel, 7.7 HR allowed",neutral batted-ball profile; pitcher fly-ball pressure modest,8.92,39.33,88.42,99.7023,0.3954,0.169,0.3201,73.0,27.02,47.07,32.64,20.3,0.1948,6.79,42.18,90.01,0.3414,0.1268,25.74,,,Rogers Centre,
83,605141,Mookie Betts,LAD,SF,2026-09-26T20:05:00Z,Scheduled,1,Matt Wilkinson,683363,L,46.0,Longshot,Watch List,"Projected Lineup, Premium Lineup Spot, Platoon Edge, Hot Hitter/Streak",32.9,36.6,19.3,88.7,78.0,79.8,No,No,1,Yes,Yes,RotoWire projected lineup; MLB probable pitchers,lineup projected / unconfirmed,H:2026/2025 P:2026,,,Direct BvP not yet weighted; 2026/2025 Statcast baseline active,7,11,27,2,Hot streak: 2 HR in last 7 games,"platoon edge; pitcher baseline 6.5% barrel, 4.0 HR allowed",neutral batted-ball profile; pitcher allows elevated contact,7.04,37.62,90.01,98.5724,0.4325,0.156,0.3377,69.46,8.74,40.94,33.03,21.4,0.1802,6.5,42.9,89.1,0.382,0.155,32.5,,,Oracle Park,
84,679529,Spencer Torkelson,DET,PIT,2026-09-26T17:10:00Z,Scheduled,7,Kirby Yates,489446,R,45.9,Longshot,Watch List,"Projected Lineup, Strong Barrel, Hot Hitter/Streak",47.7,40.1,27.6,59.8,50.0,71.2,No,No,7,Yes,Yes,RotoWire projected lineup; MLB probable pitchers,lineup projected / unconfirmed,H:2026/2025 P:2026/2025,,,Direct BvP not yet weighted; 2026/2025 Statcast baseline active,7,7,20,2,Hot streak: 2 HR in last 7 games,"same-side matchup; pitcher baseline 8.0% barrel, 4.8 HR allowed",fly-ball profile; pitcher fly-ball pressure modest,12.52,42.86,89.71,100.2128,0.4105,0.195,0.3193,73.07,25.95,48.26,36.04,26.8,0.2027,7.96,45.4,90.53,0.3506,0.1351,29.6,,,Comerica Park,
85,669016,Brandon Marsh,PHI,TB,2026-09-26T23:15:00Z,Scheduled,6,Griffin Jax,643377,R,45.9,Longshot,Watch List,"Projected Lineup, Platoon Edge",36.5,41.5,34.3,71.7,80.0,30.3,No,No,6,Yes,Yes,RotoWire projected lineup; MLB probable pitchers,lineup projected / unconfirmed,H:2026/2025 P:2026/2025,,,Direct BvP not yet weighted; 2026/2025 Statcast baseline active,7,3,15,1,"Last 7 games: 3/15, 1 HR","platoon edge; pitcher baseline 9.0% barrel, 12.6 HR allowed",neutral batted-ball profile; pitcher fly-ball pressure modest,8.19,44.09,89.84,100.0784,0.4124,0.1571,0.3104,71.54,15.51,38.33,26.45,15.9,0.1546,8.98,41.02,88.99,0.3951,0.1499,23.09,,,Citizens Bank Park,
86,701678,Hao-Yu Lee,DET,PIT,2026-09-26T17:10:00Z,Scheduled,3,Kirby Yates,489446,R,45.7,Longshot,Watch List,"Projected Lineup, Premium Lineup Spot",36.0,40.1,27.6,92.1,50.0,51.9,No,No,3,Yes,Yes,RotoWire projected lineup; MLB probable pitchers,lineup projected / unconfirmed,H:2026 P:2026/2025,,,Direct BvP not yet weighted; 2026/2025 Statcast baseline active,7,11,32,1,Contact streak: 11/32 over last 7 games,"same-side matchup; pitcher baseline 8.0% barrel, 4.8 HR allowed",neutral batted-ball profile; pitcher fly-ball pressure modest,8.9,41.4,89.6,100.3159,0.397,0.163,0.303,71.4,21.4,27.4,26.6,10.0,0.164,7.96,45.4,90.53,0.3506,0.1351,29.6,,,Comerica Park,
87,672386,Alejandro Kirk,TOR,CIN,2026-09-26T19:07:00Z,Scheduled,3,Rhett Lowder,695076,R,45.7,Longshot,Watch List,"Projected Lineup, Premium Lineup Spot",28.5,54.0,30.4,92.1,50.0,27.7,No,No,3,Yes,Yes,RotoWire projected lineup; MLB probable pitchers,lineup projected / unconfirmed,H:2026/2025 P:2026,,,Direct BvP not yet weighted; 2026/2025 Statcast baseline active,7,7,23,0,"Last 7 games: 7/23, 0 HR","same-side matchup; pitcher baseline 10.0% barrel, 18.0 HR allowed",neutral batted-ball profile; pitcher fly-ball pressure modest,5.69,42.96,89.0,100.3913,0.403,0.1351,0.3226,71.94,19.72,25.72,20.99,11.5,0.1383,10.0,39.0,90.3,0.467,0.192,27.3,,,Rogers Centre,
88,694673,Abimelec Ortiz,WSH,NYM,2026-09-26T16:35:00Z,Scheduled,3,Jonah Tong,804636,R,45.5,Longshot,Watch List,"Projected Lineup, Premium Lineup Spot, Platoon Edge",37.9,36.0,28.2,92.1,80.0,0.0,No,No,3,Yes,Yes,RotoWire projected lineup; MLB probable pitchers,lineup projected / unconfirmed,H:2026 P:2026/2025,,,Direct BvP not yet weighted; 2026/2025 Statcast baseline active,7,0,15,0,"Last 7 games: 0/15, 0 HR","platoon edge; pitcher baseline 8.0% barrel, 2.3 HR allowed",neutral batted-ball profile; pitcher allows elevated contact,7.8,38.9,89.7,100.0989,0.393,0.177,0.279,75.6,60.5,44.4,32.2,5.0,0.161,8.0,38.07,89.44,0.3604,0.1379,33.24,,,Nationals Park,
89,828599,Lucas Spence,HOU,ATH,2026-09-27T01:40:00Z,Scheduled,9,Jack Perkins,678022,R,45.5,Longshot,Watch List,"Projected Lineup, Strong Barrel, Platoon Edge, Hot Hitter/Streak",45.0,38.9,30.9,40.2,80.0,77.0,No,No,9,Yes,Yes,RotoWire projected lineup; MLB probable pitchers,lineup projected / unconfirmed,H:2026 P:2026/2025,,,Direct BvP not yet weighted; 2026/2025 Statcast baseline active,7,4,15,3,Hot streak: 3 HR in last 7 games,"platoon edge; pitcher baseline 8.8% barrel, 15.2 HR allowed",EV profile; pitcher allows elevated contact,11.1,48.1,92.3,101.5869,0.365,0.17,0.285,72.8,29.6,51.9,22.2,3.0,0.227,8.83,36.51,87.66,0.3748,0.1468,32.28,,,Sutter Health Park,
90,641343,Jake Bauers,MIL,STL,2026-09-26T23:10:00Z,Scheduled,5,Quinn Mathews,687273,L,45.3,Longshot,Watch List,"Projected Lineup, Strong Barrel",60.1,18.5,27.6,81.9,50.0,19.5,No,No,5,Yes,Yes,RotoWire projected lineup; MLB probable pitchers,lineup projected / unconfirmed,H:2026/2025 P:2026,,,Direct BvP not yet weighted; 2026/2025 Statcast baseline active,7,6,24,0,"Last 7 games: 6/24, 0 HR","same-side matchup; pitcher baseline 3.8% barrel, 4.0 HR allowed",lift-pull EV profile; pitcher fly-ball pressure modest,13.91,50.36,92.05,102.9833,0.4668,0.2188,0.368,76.5,69.44,40.2,30.33,20.3,0.2053,3.8,34.8,88.8,0.347,0.1,25.8,,,American Family Field,
91,663886,Tyler Stephenson,CIN,TOR,2026-09-26T19:07:00Z,Scheduled,5,Trey Yesavage,702056,R,45.1,Longshot,Watch List,"Projected Lineup, Strong Barrel",48.7,33.4,30.4,81.9,50.0,9.3,No,No,5,Yes,Yes,RotoWire projected lineup; MLB probable pitchers,lineup projected / unconfirmed,H:2026/2025 P:2026/2025,,,Direct BvP not yet weighted; 2026/2025 Statcast baseline active,7,4,22,0,"Last 7 games: 4/22, 0 HR","same-side matchup; pitcher baseline 6.8% barrel, 7.7 HR allowed",neutral batted-ball profile; pitcher fly-ball pressure modest,12.82,45.63,90.85,100.3641,0.4207,0.1914,0.3208,70.45,6.93,37.36,33.01,14.4,0.1725,6.79,42.18,90.01,0.3414,0.1268,25.74,,,Rogers Centre,
92,694249,Cole Carrigg,COL,CWS,2026-09-26T23:10:00Z,Scheduled,5,Davis Martin,663436,R,44.9,Longshot,Watch List,"Projected Lineup, Platoon Edge",28.3,43.4,27.6,81.9,75.0,55.9,No,No,5,Yes,Yes,RotoWire projected lineup; MLB probable pitchers,lineup projected / unconfirmed,H:2026 P:2026/2025,,,Direct BvP not yet weighted; 2026/2025 Statcast baseline active,7,10,27,1,Contact streak: 10/27 over last 7 games,"switch hitter; pitcher baseline 7.5% barrel, 15.8 HR allowed",neutral batted-ball profile; pitcher fly-ball pressure modest,5.8,37.0,87.9,99.0201,0.402,0.153,0.315,73.1,34.5,47.7,28.8,11.0,0.193,7.49,44.67,90.42,0.4279,0.158,24.32,,,Rate Field,
93,686611,Dylan Crews,WSH,NYM,2026-09-26T16:35:00Z,Scheduled,5,Jonah Tong,804636,R,44.8,Longshot,Watch List,Projected Lineup,39.8,36.0,28.2,81.9,50.0,56.2,No,No,5,Yes,Yes,RotoWire projected lineup; MLB probable pitchers,lineup projected / unconfirmed,H:2026/2025 P:2026/2025,,,Direct BvP not yet weighted; 2026/2025 Statcast baseline active,7,7,28,2,Hot streak: 2 HR in last 7 games,"same-side matchup; pitcher baseline 8.0% barrel, 2.3 HR allowed",neutral batted-ball profile; pitcher allows elevated contact,9.45,41.57,90.05,101.0162,0.4105,0.1706,0.3133,73.83,37.23,34.01,26.65,11.4,0.1447,8.0,38.07,89.44,0.3604,0.1379,33.24,,,Nationals Park,
94,573262,Mike Yastrzemski,ATL,MIA,2026-09-26T20:10:00Z,Scheduled,7,Jack Ralston,667652,R,44.8,Longshot,Watch List,"Projected Lineup, Platoon Edge",34.6,49.1,21.5,59.8,80.0,56.2,No,No,7,Yes,Yes,RotoWire projected lineup; MLB probable pitchers,lineup projected / unconfirmed,H:2026/2025 P:2026,,,Direct BvP not yet weighted; 2026/2025 Statcast baseline active,7,5,20,2,Hot streak: 2 HR in last 7 games,"platoon edge; pitcher baseline 11.6% barrel, 4.0 HR allowed",neutral batted-ball profile; pitcher allows elevated contact,7.17,42.88,90.52,99.7425,0.3854,0.1477,0.3164,71.31,8.79,43.59,30.7,13.5,0.1623,11.6,39.5,87.3,0.411,0.204,30.2,,,loanDepot park,
95,691019,Kyle Teel,CWS,COL,2026-09-26T23:10:00Z,Scheduled,6,Jose Quintana,500779,L,44.8,Longshot,Watch List,"Projected Lineup, Strong Barrel",38.4,49.2,27.6,71.7,50.0,32.9,No,No,6,Yes,Yes,RotoWire projected lineup; MLB probable pitchers,lineup projected / unconfirmed,H:2026/2025 P:2026/2025,,,Direct BvP not yet weighted; 2026/2025 Statcast baseline active,7,5,23,1,"Last 7 games: 5/23, 1 HR","same-side matchup; pitcher baseline 9.6% barrel, 11.0 HR allowed",neutral batted-ball profile; pitcher allows elevated contact,11.63,45.16,86.13,100.3444,0.3901,0.1727,0.33,71.22,23.08,41.66,29.73,5.9,0.1541,9.56,36.45,88.56,0.476,0.1972,31.19,,,Rate Field,
96,681393,Connor Norby,COL,CWS,2026-09-26T23:10:00Z,Scheduled,2,Davis Martin,663436,R,44.7,Longshot,Watch List,"Projected Lineup, Premium Lineup Spot",30.5,45.1,27.6,95.5,50.0,36.5,No,No,2,Yes,Yes,RotoWire projected lineup; MLB probable pitchers,lineup projected / unconfirmed,H:2026/2025 P:2026/2025,,,Direct BvP not yet weighted; 2026/2025 Statcast baseline active,7,8,22,0,Contact streak: 8/22 over last 7 games,"same-side matchup; pitcher baseline 7.5% barrel, 15.8 HR allowed",fly-ball profile; pitcher fly-ball pressure modest,8.28,36.4,87.6,98.1765,0.3799,0.1557,0.307,70.28,8.76,41.68,35.14,7.3,0.1366,7.49,44.67,90.42,0.4279,0.158,24.32,,,Rate Field,
97,693304,Nick Gonzales,PIT,DET,2026-09-26T17:10:00Z,Scheduled,5,Justin Verlander,434378,R,44.6,Longshot,Watch List,"Projected Lineup, Pitcher Vulnerable",16.4,77.0,27.6,81.9,50.0,12.0,No,No,5,Yes,Yes,RotoWire projected lineup; MLB probable pitchers,lineup projected / unconfirmed,H:2026/2025 P:2026/2025,,,Direct BvP not yet weighted; 2026/2025 Statcast baseline active,7,5,25,0,"Last 7 games: 5/25, 0 HR","same-side matchup; pitcher baseline 11.2% barrel, 5.5 HR allowed",neutral batted-ball profile; pitcher allows elevated contact,3.52,35.3,87.12,98.1708,0.3792,0.107,0.3148,70.71,12.45,36.8,21.75,5.7,0.0915,11.18,50.51,92.03,0.6087,0.2779,35.25,,,Comerica Park,
98,693307,Dillon Dingler,DET,PIT,2026-09-26T17:10:00Z,Scheduled,5,Kirby Yates,489446,R,44.6,Longshot,Watch List,Projected Lineup,42.5,40.1,27.6,81.9,50.0,16.6,No,No,5,Yes,Yes,RotoWire projected lineup; MLB probable pitchers,lineup projected / unconfirmed,H:2026/2025 P:2026/2025,,,Direct BvP not yet weighted; 2026/2025 Statcast baseline active,7,6,26,0,"Last 7 games: 6/26, 0 HR","same-side matchup; pitcher baseline 8.0% barrel, 4.8 HR allowed",neutral batted-ball profile; pitcher fly-ball pressure modest,9.76,43.74,89.09,100.5369,0.465,0.1948,0.3434,71.77,16.04,41.29,28.22,22.8,0.1883,7.96,45.4,90.53,0.3506,0.1351,29.6,,,Comerica Park,
99,687462,Spencer Horwitz,PIT,DET,2026-09-26T17:10:00Z,Scheduled,8,Justin Verlander,434378,R,44.5,Longshot,Watch List,"Projected Lineup, Pitcher Vulnerable, Platoon Edge",20.7,77.0,27.6,47.9,80.0,23.7,No,No,8,Yes,Yes,RotoWire projected lineup; MLB probable pitchers,lineup projected / unconfirmed,H:2026/2025 P:2026/2025,,,Direct BvP not yet weighted; 2026/2025 Statcast baseline active,7,5,18,0,"Last 7 games: 5/18, 0 HR","platoon edge; pitcher baseline 11.2% barrel, 5.5 HR allowed",neutral batted-ball profile; pitcher allows elevated contact,6.55,32.08,86.91,97.3542,0.3671,0.1311,0.3169,68.61,5.25,39.38,27.84,10.3,0.1326,11.18,50.51,92.03,0.6087,0.2779,35.25,,,Comerica Park,
100,687093,Vaughn Grissom,LAA,SEA,2026-09-27T01:40:00Z,Scheduled,4,Kade Anderson,807739,L,44.4,Longshot,Watch List,"Projected Lineup, Premium Lineup Spot, Platoon Edge",25.1,38.7,25.4,90.4,78.0,66.9,No,No,4,Yes,Yes,RotoWire projected lineup; MLB probable pitchers,lineup projected / unconfirmed,H:2026 P:2026,,,Direct BvP not yet weighted; 2026/2025 Statcast baseline active,7,9,28,2,Hot streak: 2 HR in last 7 games,"platoon edge; pitcher baseline 8.4% barrel, 4.0 HR allowed",neutral batted-ball profile; pitcher fly-ball pressure modest,6.9,35.7,87.5,98.6194,0.38,0.138,0.309,70.9,16.1,39.9,24.9,13.0,0.149,8.4,42.1,88.1,0.405,0.148,27.4,,,T-Mobile Park,
101,553993,Eugenio Suarez,CIN,TOR,2026-09-26T19:07:00Z,Scheduled,6,Trey Yesavage,702056,R,44.3,Longshot,Watch List,"Projected Lineup, Strong Barrel",44.3,33.4,30.4,71.7,50.0,51.3,No,No,6,Yes,Yes,RotoWire projected lineup; MLB probable pitchers,lineup projected / unconfirmed,H:2026/2025 P:2026/2025,,,Direct BvP not yet weighted; 2026/2025 Statcast baseline active,7,5,23,2,Hot streak: 2 HR in last 7 games,"same-side matchup; pitcher baseline 6.8% barrel, 7.7 HR allowed",neutral batted-ball profile; pitcher fly-ball pressure modest,12.69,39.2,88.94,99.907,0.3965,0.1939,0.3053,72.3,24.05,46.84,34.81,32.2,0.2406,6.79,42.18,90.01,0.3414,0.1268,25.74,,,Rogers Centre,
102,673237,Yainer Diaz,HOU,ATH,2026-09-27T01:40:00Z,Scheduled,5,Jack Perkins,678022,R,44.3,Longshot,Watch List,Projected Lineup,33.1,38.9,30.9,81.9,50.0,68.7,No,No,5,Yes,Yes,RotoWire projected lineup; MLB probable pitchers,lineup projected / unconfirmed,H:2026/2025 P:2026/2025,,,Direct BvP not yet weighted; 2026/2025 Statcast baseline active,7,9,27,2,Hot streak: 2 HR in last 7 games,"same-side matchup; pitcher baseline 8.8% barrel, 15.2 HR allowed",neutral batted-ball profile; pitcher allows elevated contact,7.71,39.68,89.34,100.0535,0.4279,0.1585,0.3148,72.48,22.58,36.56,19.1,15.8,0.1715,8.83,36.51,87.66,0.3748,0.1468,32.28,,,Sutter Health Park,
103,664761,Alec Bohm,PHI,TB,2026-09-26T23:15:00Z,Scheduled,4,Griffin Jax,643377,R,44.2,Longshot,Watch List,"Projected Lineup, Premium Lineup Spot",33.0,41.5,34.3,90.4,50.0,20.9,No,No,4,Yes,Yes,RotoWire projected lineup; MLB probable pitchers,lineup projected / unconfirmed,H:2026/2025 P:2026/2025,,,Direct BvP not yet weighted; 2026/2025 Statcast baseline active,7,7,27,0,"Last 7 games: 7/27, 0 HR","same-side matchup; pitcher baseline 9.0% barrel, 12.6 HR allowed",neutral batted-ball profile; pitcher fly-ball pressure modest,6.13,44.65,90.66,100.4845,0.4151,0.146,0.3275,71.28,15.4,28.28,22.51,13.8,0.1325,8.98,41.02,88.99,0.3951,0.1499,23.09,,,Citizens Bank Park,
104,814430,Brett Callahan,DET,PIT,2026-09-26T17:10:00Z,Scheduled,8,Kirby Yates,489446,R,44.1,Longshot,Watch List,"Projected Lineup, Strong Barrel, Platoon Edge",47.2,40.1,27.6,47.9,80.0,16.6,No,No,8,Yes,Yes,RotoWire projected lineup; MLB probable pitchers,lineup projected / unconfirmed,H:2026 P:2026/2025,,,Direct BvP not yet weighted; 2026/2025 Statcast baseline active,7,3,13,0,"Last 7 games: 3/13, 0 HR","platoon edge; pitcher baseline 8.0% barrel, 4.8 HR allowed",neutral batted-ball profile; pitcher fly-ball pressure modest,11.9,45.2,90.3,101.0042,0.398,0.175,0.301,74.9,50.7,33.3,33.3,1.0,0.121,7.96,45.4,90.53,0.3506,0.1351,29.6,,,Comerica Park,
105,680777,Ryan Jeffers,MIN,TEX,2026-09-26T20:10:00Z,Scheduled,4,Nathan Eovaldi,543135,R,44.1,Longshot,Watch List,"Projected Lineup, Premium Lineup Spot",38.5,42.3,27.1,90.4,50.0,0.8,No,No,4,Yes,Yes,RotoWire projected lineup; MLB probable pitchers,lineup projected / unconfirmed,H:2026/2025 P:2026/2025,,,Direct BvP not yet weighted; 2026/2025 Statcast baseline active,7,3,24,0,"Last 7 games: 3/24, 0 HR","same-side matchup; pitcher baseline 8.2% barrel, 19.8 HR allowed",neutral batted-ball profile; pitcher fly-ball pressure modest,9.24,41.4,88.88,100.8028,0.4196,0.1766,0.3356,73.14,37.03,37.53,27.61,12.5,0.1835,8.17,40.6,88.6,0.4045,0.1614,25.04,,,Target Field,
106,695657,Colson Montgomery,CWS,COL,2026-09-26T23:10:00Z,Scheduled,8,Jose Quintana,500779,L,43.8,Longshot,Watch List,"Projected Lineup, Strong Barrel",50.4,49.2,27.6,47.9,50.0,0.0,No,No,8,Yes,Yes,RotoWire projected lineup; MLB probable pitchers,lineup projected / unconfirmed,H:2026/2025 P:2026/2025,,,Direct BvP not yet weighted; 2026/2025 Statcast baseline active,7,3,26,0,"Last 7 games: 3/26, 0 HR","same-side matchup; pitcher baseline 9.6% barrel, 11.0 HR allowed",neutral batted-ball profile; pitcher allows elevated contact,12.89,42.19,88.84,101.8005,0.4254,0.2157,0.3102,76.72,70.79,48.95,33.37,28.0,0.234,9.56,36.45,88.56,0.476,0.1972,31.19,,,Rate Field,
107,686797,Brooks Lee,MIN,TEX,2026-09-26T20:10:00Z,Scheduled,2,Nathan Eovaldi,543135,R,43.5,Longshot,Watch List,"Projected Lineup, Premium Lineup Spot, Platoon Edge",21.6,40.2,27.1,95.5,75.0,50.3,No,No,2,Yes,Yes,RotoWire projected lineup; MLB probable pitchers,lineup projected / unconfirmed,H:2026/2025 P:2026/2025,,,Direct BvP not yet weighted; 2026/2025 Statcast baseline active,7,10,30,1,Contact streak: 10/30 over last 7 games,"switch hitter; pitcher baseline 8.2% barrel, 19.8 HR allowed",neutral batted-ball profile; pitcher fly-ball pressure modest,4.68,35.21,88.25,97.6719,0.36,0.1274,0.282,69.92,8.35,41.85,29.84,21.6,0.1648,8.17,40.6,88.6,0.4045,0.1614,25.04,,,Target Field,
108,703607,Henry Bolte,ATH,HOU,2026-09-27T01:40:00Z,Scheduled,1,Hayden Wesneski,669713,R,43.4,Longshot,Watch List,"Projected Lineup, Premium Lineup Spot",37.6,33.8,30.9,88.7,50.0,27.0,No,No,1,Yes,Yes,RotoWire projected lineup; MLB probable pitchers,lineup projected / unconfirmed,H:2026 P:2026/2025,,,Direct BvP not yet weighted; 2026/2025 Statcast baseline active,7,9,30,0,"Last 7 games: 9/30, 0 HR","same-side matchup; pitcher baseline 7.1% barrel, 4.9 HR allowed",neutral batted-ball profile; pitcher fly-ball pressure modest,8.0,48.2,90.8,104.3706,0.372,0.128,0.315,76.8,70.4,32.7,14.9,11.0,0.127,7.14,40.7,88.3,0.3947,0.1494,23.41,,,Sutter Health Park,
109,682674,Victor Bericoto,SF,LAD,2026-09-26T20:05:00Z,Scheduled,3,Blake Snell,605483,L,43.3,Longshot,Watch List,"Projected Lineup, Strong Barrel, Premium Lineup Spot, Platoon Edge",56.6,0.6,19.3,92.1,78.0,34.4,No,No,3,Yes,Yes,RotoWire projected lineup; MLB probable pitchers,lineup projected / unconfirmed,H:2026 P:2026/2025,,,Direct BvP not yet weighted; 2026/2025 Statcast baseline active,7,5,22,1,"Last 7 games: 5/22, 1 HR","platoon edge; pitcher baseline 2.5% barrel, 0.9 HR allowed",neutral batted-ball profile; pitcher fly-ball pressure modest,13.5,51.4,90.9,100.9708,0.455,0.225,0.3,74.6,49.8,32.4,25.7,5.0,0.184,2.51,21.33,83.54,0.2482,0.0588,21.26,,,Oracle Park,
110,666211,Taylor Trammell,HOU,ATH,2026-09-27T01:40:00Z,Scheduled,7,Jack Perkins,678022,R,43.3,Longshot,Watch List,"Projected Lineup, Strong Barrel, Platoon Edge",38.9,38.9,30.9,59.8,80.0,18.3,No,No,7,Yes,Yes,RotoWire projected lineup; MLB probable pitchers,lineup projected / unconfirmed,H:2026/2025 P:2026/2025,,,Direct BvP not yet weighted; 2026/2025 Statcast baseline active,7,1,18,1,"Last 7 games: 1/18, 1 HR","platoon edge; pitcher baseline 8.8% barrel, 15.2 HR allowed",neutral batted-ball profile; pitcher allows elevated contact,10.95,38.69,89.25,101.0614,0.349,0.1606,0.2822,75.93,60.39,47.66,28.48,6.5,0.1472,8.83,36.51,87.66,0.3748,0.1468,32.28,,,Sutter Health Park,
111,661388,William Contreras,MIL,STL,2026-09-26T23:10:00Z,Scheduled,3,Quinn Mathews,687273,L,43.2,Longshot,Watch List,"Projected Lineup, Premium Lineup Spot, Platoon Edge",39.2,18.5,27.6,92.1,78.0,36.3,No,No,3,Yes,Yes,RotoWire projected lineup; MLB probable pitchers,lineup projected / unconfirmed,H:2026/2025 P:2026,,,Direct BvP not yet weighted; 2026/2025 Statcast baseline active,7,6,25,1,"Last 7 games: 6/25, 1 HR","platoon edge; pitcher baseline 3.8% barrel, 4.0 HR allowed",neutral batted-ball profile; pitcher fly-ball pressure modest,7.8,45.28,90.47,101.6474,0.4259,0.1702,0.3322,73.41,36.37,35.97,24.22,17.7,0.1453,3.8,34.8,88.8,0.347,0.1,25.8,,,American Family Field,
112,608070,Jose Ramirez,CLE,KC,2026-09-26T23:10:00Z,Scheduled,3,Michael Wacha,608379,R,43.0,Longshot,Watch List,"Projected Lineup, Premium Lineup Spot, Platoon Edge",25.9,36.4,23.2,92.1,75.0,52.1,No,No,3,Yes,Yes,RotoWire projected lineup; MLB probable pitchers,lineup projected / unconfirmed,H:2026/2025 P:2026/2025,,,Direct BvP not yet weighted; 2026/2025 Statcast baseline active,7,10,29,1,Contact streak: 10/29 over last 7 games,"switch hitter; pitcher baseline 7.1% barrel, 24.1 HR allowed",neutral batted-ball profile; pitcher fly-ball pressure modest,5.04,38.05,88.62,99.2337,0.4082,0.1375,0.3301,70.41,12.77,50.76,28.15,17.4,0.1612,7.12,35.86,87.92,0.4102,0.1647,29.09,,,Kauffman Stadium,
113,681082,Bryson Stott,PHI,TB,2026-09-26T23:15:00Z,Scheduled,5,Griffin Jax,643377,R,43.0,Longshot,Watch List,"Projected Lineup, Platoon Edge",25.0,41.5,34.3,81.9,80.0,19.5,No,No,5,Yes,Yes,RotoWire projected lineup; MLB probable pitchers,lineup projected / unconfirmed,H:2026/2025 P:2026/2025,,,Direct BvP not yet weighted; 2026/2025 Statcast baseline active,7,6,24,0,"Last 7 games: 6/24, 0 HR","platoon edge; pitcher baseline 9.0% barrel, 12.6 HR allowed",neutral batted-ball profile; pitcher fly-ball pressure modest,5.73,34.89,88.79,98.3527,0.3979,0.1383,0.3242,69.72,6.68,34.31,27.66,10.9,0.1389,8.98,41.02,88.99,0.3951,0.1499,23.09,,,Citizens Bank Park,
114,686668,Brenton Doyle,CWS,COL,2026-09-26T23:10:00Z,Scheduled,7,Jose Quintana,500779,L,42.9,Longshot,Watch List,"Projected Lineup, Platoon Edge",27.6,49.2,27.6,59.8,78.0,48.1,No,No,7,Yes,Yes,RotoWire projected lineup; MLB probable pitchers,lineup projected / unconfirmed,H:2026/2025 P:2026/2025,,,Direct BvP not yet weighted; 2026/2025 Statcast baseline active,7,7,22,1,"Last 7 games: 7/22, 1 HR","platoon edge; pitcher baseline 9.6% barrel, 11.0 HR allowed",neutral batted-ball profile; pitcher allows elevated contact,8.1,37.6,89.2,99.8547,0.3345,0.1203,0.2608,71.96,15.09,37.27,24.08,7.3,0.115,9.56,36.45,88.56,0.476,0.1972,31.19,,,Rate Field,
115,663993,Nathaniel Lowe,CLE,KC,2026-09-26T23:10:00Z,Scheduled,6,Michael Wacha,608379,R,42.7,Longshot,Watch List,"Projected Lineup, Platoon Edge",36.6,38.0,23.2,71.7,80.0,16.6,No,No,6,Yes,Yes,RotoWire projected lineup; MLB probable pitchers,lineup projected / unconfirmed,H:2026/2025 P:2026/2025,,,Direct BvP not yet weighted; 2026/2025 Statcast baseline active,7,3,13,0,"Last 7 games: 3/13, 0 HR","platoon edge; pitcher baseline 7.1% barrel, 24.1 HR allowed",neutral batted-ball profile; pitcher fly-ball pressure modest,8.19,41.36,89.28,100.8653,0.4178,0.1632,0.3247,73.93,38.45,34.61,26.27,17.3,0.1831,7.12,35.86,87.92,0.4102,0.1647,29.09,,,Kauffman Stadium,
116,607208,Trea Turner,PHI,TB,2026-09-26T23:15:00Z,Scheduled,2,Griffin Jax,643377,R,42.7,Longshot,Watch List,"Projected Lineup, Premium Lineup Spot",26.3,41.5,34.3,95.5,50.0,20.9,No,No,2,Yes,Yes,RotoWire projected lineup; MLB probable pitchers,lineup projected / unconfirmed,H:2026/2025 P:2026/2025,,,Direct BvP not yet weighted; 2026/2025 Statcast baseline active,7,7,27,0,"Last 7 games: 7/27, 0 HR","same-side matchup; pitcher baseline 9.0% barrel, 12.6 HR allowed",neutral batted-ball profile; pitcher fly-ball pressure modest,6.01,39.79,88.67,99.2431,0.3771,0.1274,0.3014,71.38,18.44,35.59,24.78,17.8,0.1425,8.98,41.02,88.99,0.3951,0.1499,23.09,,,Citizens Bank Park,
117,695681,Christian Moore,LAA,SEA,2026-09-27T01:40:00Z,Scheduled,5,Kade Anderson,807739,L,42.7,Longshot,Watch List,"Projected Lineup, Platoon Edge",26.8,38.7,25.4,81.9,78.0,46.0,No,No,5,Yes,Yes,RotoWire projected lineup; MLB probable pitchers,lineup projected / unconfirmed,H:2026/2025 P:2026,,,Direct BvP not yet weighted; 2026/2025 Statcast baseline active,7,7,23,1,"Last 7 games: 7/23, 1 HR","platoon edge; pitcher baseline 8.4% barrel, 4.0 HR allowed",neutral batted-ball profile; pitcher fly-ball pressure modest,8.3,38.05,88.27,99.6624,0.3093,0.1168,0.2505,72.07,25.57,25.45,28.13,2.8,0.102,8.4,42.1,88.1,0.405,0.148,27.4,,,T-Mobile Park,
118,682663,Agustin Ramirez,MIA,ATL,2026-09-26T20:10:00Z,Scheduled,4,Brent Suter,608718,L,42.5,Longshot,Watch List,"Projected Lineup, Premium Lineup Spot, Platoon Edge",31.0,26.8,21.5,90.4,78.0,59.0,No,No,4,Yes,Yes,RotoWire projected lineup; MLB probable pitchers,lineup projected / unconfirmed,H:2026/2025 P:2026/2025,,,Direct BvP not yet weighted; 2026/2025 Statcast baseline active,7,9,23,1,Contact streak: 9/23 over last 7 games,"platoon edge; pitcher baseline 6.7% barrel, 9.6 HR allowed",neutral batted-ball profile; pitcher fly-ball pressure modest,6.45,42.66,90.17,102.5772,0.3597,0.1259,0.2977,75.62,57.09,42.22,18.28,9.8,0.1428,6.67,31.36,86.29,0.4033,0.1519,23.51,,,loanDepot park,
119,805367,Chase Meidroth,CWS,COL,2026-09-26T23:10:00Z,Scheduled,5,Jose Quintana,500779,L,42.5,Longshot,Watch List,"Projected Lineup, Platoon Edge, Hot Hitter/Streak",13.4,49.2,27.6,81.9,78.0,72.7,No,No,5,Yes,Yes,RotoWire projected lineup; MLB probable pitchers,lineup projected / unconfirmed,H:2026/2025 P:2026/2025,,,Direct BvP not yet weighted; 2026/2025 Statcast baseline active,7,9,25,2,Hot streak: 2 HR in last 7 games,"platoon edge; pitcher baseline 9.6% barrel, 11.0 HR allowed",neutral batted-ball profile; pitcher allows elevated contact,3.77,35.05,87.57,97.4679,0.3435,0.1003,0.3,67.05,1.18,38.75,20.75,12.7,0.1167,9.56,36.45,88.56,0.476,0.1972,31.19,,,Rate Field,
120,518692,Freddie Freeman,LAD,SF,2026-09-26T20:05:00Z,Scheduled,4,Matt Wilkinson,683363,L,42.4,Longshot,Watch List,"Projected Lineup, Premium Lineup Spot",39.4,36.6,19.3,90.4,50.0,12.0,No,No,4,Yes,Yes,RotoWire projected lineup; MLB probable pitchers,lineup projected / unconfirmed,H:2026/2025 P:2026,,,Direct BvP not yet weighted; 2026/2025 Statcast baseline active,7,6,30,0,"Last 7 games: 6/30, 0 HR","same-side matchup; pitcher baseline 6.5% barrel, 4.0 HR allowed",neutral batted-ball profile; pitcher allows elevated contact,8.86,42.62,89.85,100.1503,0.4663,0.1818,0.3605,70.01,7.77,36.33,26.79,18.4,0.1622,6.5,42.9,89.1,0.382,0.155,32.5,,,Oracle Park,
121,672640,Otto Lopez,MIA,ATL,2026-09-26T20:10:00Z,Scheduled,2,Brent Suter,608718,L,41.9,Longshot,Watch List,"Projected Lineup, Premium Lineup Spot, Platoon Edge",29.9,26.8,21.5,95.5,78.0,39.2,No,No,2,Yes,Yes,RotoWire projected lineup; MLB probable pitchers,lineup projected / unconfirmed,H:2026/2025 P:2026/2025,,,Direct BvP not yet weighted; 2026/2025 Statcast baseline active,7,7,27,1,"Last 7 games: 7/27, 1 HR","platoon edge; pitcher baseline 6.7% barrel, 9.6 HR allowed",neutral batted-ball profile; pitcher fly-ball pressure modest,6.4,40.19,88.92,100.1658,0.4235,0.1454,0.3286,71.84,22.95,34.12,22.78,12.2,0.1304,6.67,31.36,86.29,0.4033,0.1519,23.51,,,loanDepot park,
122,664770,Nathan Lukes,TOR,CIN,2026-09-26T19:07:00Z,Scheduled,5,Rhett Lowder,695076,R,41.8,Longshot,Watch List,"Projected Lineup, Platoon Edge",11.6,54.0,30.4,81.9,80.0,36.5,No,No,5,Yes,Yes,RotoWire projected lineup; MLB probable pitchers,lineup projected / unconfirmed,H:2026/2025 P:2026,,,Direct BvP not yet weighted; 2026/2025 Statcast baseline active,7,8,22,0,Contact streak: 8/22 over last 7 games,"platoon edge; pitcher baseline 10.0% barrel, 18.0 HR allowed",neutral batted-ball profile; pitcher fly-ball pressure modest,3.26,31.61,87.2,96.9908,0.3605,0.1036,0.2975,67.3,3.76,31.84,20.88,10.6,0.1226,10.0,39.0,90.3,0.467,0.192,27.3,,,Rogers Centre,
123,596142,Gary Sanchez,MIL,STL,2026-09-26T23:10:00Z,Scheduled,4,Quinn Mathews,687273,L,41.8,Longshot,Watch List,"Projected Lineup, Premium Lineup Spot, Platoon Edge",37.9,18.5,27.6,90.4,78.0,21.5,No,No,4,Yes,Yes,RotoWire projected lineup; MLB probable pitchers,lineup projected / unconfirmed,H:2026/2025 P:2026,,,Direct BvP not yet weighted; 2026/2025 Statcast baseline active,7,5,19,0,"Last 7 games: 5/19, 0 HR","platoon edge; pitcher baseline 3.8% barrel, 4.0 HR allowed",neutral batted-ball profile; pitcher fly-ball pressure modest,8.87,42.26,89.45,100.6956,0.4035,0.1768,0.3304,71.85,25.68,47.1,27.72,9.2,0.2003,3.8,34.8,88.8,0.347,0.1,25.8,,,American Family Field,
124,665161,Jeremy Pena,HOU,ATH,2026-09-27T01:40:00Z,Scheduled,1,Jack Perkins,678022,R,41.8,Longshot,Watch List,"Projected Lineup, Premium Lineup Spot",32.5,38.9,30.9,88.7,50.0,4.2,No,No,1,Yes,Yes,RotoWire projected lineup; MLB probable pitchers,lineup projected / unconfirmed,H:2026/2025 P:2026/2025,,,Direct BvP not yet weighted; 2026/2025 Statcast baseline active,7,4,27,0,"Last 7 games: 4/27, 0 HR","same-side matchup; pitcher baseline 8.8% barrel, 15.2 HR allowed",neutral batted-ball profile; pitcher allows elevated contact,7.29,40.1,88.62,99.9048,0.4257,0.1578,0.327,72.3,15.39,46.41,24.99,19.1,0.1863,8.83,36.51,87.66,0.3748,0.1468,32.28,,,Sutter Health Park,
125,641487,J.P. Crawford,SEA,LAA,2026-09-27T01:40:00Z,Scheduled,1,Ryan Johnson,696270,R,41.7,Longshot,Watch List,"Projected Lineup, Premium Lineup Spot, Platoon Edge",20.9,43.2,25.4,88.7,80.0,21.0,No,No,1,Yes,Yes,RotoWire projected lineup; MLB probable pitchers,lineup projected / unconfirmed,H:2026/2025 P:2026/2025,,,Direct BvP not yet weighted; 2026/2025 Statcast baseline active,7,4,29,1,"Last 7 games: 4/29, 1 HR","platoon edge; pitcher baseline 9.1% barrel, 13.8 HR allowed",neutral batted-ball profile; pitcher allows elevated contact,5.74,34.49,87.55,97.9982,0.365,0.1214,0.3217,71.21,18.46,35.7,22.54,12.7,0.1197,9.13,35.79,87.19,0.4262,0.177,33.25,,,T-Mobile Park,
126,670623,Isaac Paredes,HOU,ATH,2026-09-27T01:40:00Z,Scheduled,3,Jack Perkins,678022,R,41.6,Longshot,Watch List,"Projected Lineup, Premium Lineup Spot, Hot Hitter/Streak",18.2,38.9,30.9,92.1,50.0,85.0,No,No,3,Yes,Yes,RotoWire projected lineup; MLB probable pitchers,lineup projected / unconfirmed,H:2026/2025 P:2026/2025,,,Direct BvP not yet weighted; 2026/2025 Statcast baseline active,7,8,25,3,Hot streak: 3 HR in last 7 games,"same-side matchup; pitcher baseline 8.8% barrel, 15.2 HR allowed",neutral batted-ball profile; pitcher allows elevated contact,5.32,30.66,86.49,97.0103,0.3744,0.1327,0.3221,67.74,7.57,51.65,31.29,22.8,0.19,8.83,36.51,87.66,0.3748,0.1468,32.28,,,Sutter Health Park,
127,677649,Ezequiel Duran,TEX,MIN,2026-09-26T20:10:00Z,Scheduled,2,Bailey Ober,641927,R,41.4,Longshot,Watch List,"Projected Lineup, Premium Lineup Spot",20.3,53.3,27.1,95.5,50.0,0.0,No,No,2,Yes,Yes,RotoWire projected lineup; MLB probable pitchers,lineup projected / unconfirmed,H:2026/2025 P:2026/2025,,,Direct BvP not yet weighted; 2026/2025 Statcast baseline active,7,2,25,0,"Last 7 games: 2/25, 0 HR","same-side matchup; pitcher baseline 10.0% barrel, 22.3 HR allowed",neutral batted-ball profile; pitcher allows elevated contact,5.05,36.08,87.82,98.9682,0.3482,0.1139,0.2848,72.27,24.38,35.59,21.58,11.9,0.1348,9.99,37.63,88.97,0.4522,0.2028,32.67,,,Target Field,
128,805805,Walker Jenkins,MIN,TEX,2026-09-26T20:10:00Z,Scheduled,8,Nathan Eovaldi,543135,R,41.4,Longshot,Watch List,"Projected Lineup, Platoon Edge, Hot Hitter/Streak",29.1,42.3,27.1,47.9,80.0,74.2,No,No,8,Yes,Yes,RotoWire projected lineup; MLB probable pitchers,lineup projected / unconfirmed,H:2026 P:2026/2025,,,Direct BvP not yet weighted; 2026/2025 Statcast baseline active,7,10,27,2,Hot streak: 2 HR in last 7 games,"platoon edge; pitcher baseline 8.2% barrel, 19.8 HR allowed",neutral batted-ball profile; pitcher fly-ball pressure modest,8.9,30.4,86.6,97.3114,0.405,0.172,0.315,71.8,18.6,37.5,28.6,4.0,0.195,8.17,40.6,88.6,0.4045,0.1614,25.04,,,Target Field,
129,681624,Andy Pages,LAD,SF,2026-09-26T20:05:00Z,Scheduled,7,Matt Wilkinson,683363,L,41.1,Longshot,Watch List,"Projected Lineup, Platoon Edge",35.5,36.6,19.3,59.8,78.0,46.0,No,No,7,Yes,Yes,RotoWire projected lineup; MLB probable pitchers,lineup projected / unconfirmed,H:2026/2025 P:2026,,,Direct BvP not yet weighted; 2026/2025 Statcast baseline active,7,7,23,1,"Last 7 games: 7/23, 1 HR","platoon edge; pitcher baseline 6.5% barrel, 4.0 HR allowed",neutral batted-ball profile; pitcher allows elevated contact,7.84,40.42,88.74,99.6529,0.4343,0.1658,0.3335,72.85,26.19,38.32,28.65,22.8,0.1862,6.5,42.9,89.1,0.382,0.155,32.5,,,Oracle Park,
130,593428,Xander Bogaerts,SD,AZ,2026-09-27T00:40:00Z,Scheduled,6,,,,41.1,Longshot,Watch List,Projected Lineup,28.5,41.2,22.6,71.7,60.0,59.0,No,No,6,Yes,Yes,RotoWire projected lineup; MLB probable pitchers,lineup projected / unconfirmed,H:2026/2025 P:,,,Direct BvP not yet weighted; 2026/2025 Statcast baseline active,7,9,23,1,Contact streak: 9/23 over last 7 games,"handedness incomplete; pitcher baseline 0.0% barrel, 0.0 HR allowed",neutral batted-ball profile; pitcher fly-ball pressure modest,5.99,41.23,89.35,100.2502,0.3843,0.132,0.3235,72.24,27.59,43.38,23.2,11.7,0.114,,,,,,,,,Petco Park,
131,664983,Jake McCarthy,COL,CWS,2026-09-26T23:10:00Z,Scheduled,1,Davis Martin,663436,R,41.0,Longshot,Watch List,"Projected Lineup, Premium Lineup Spot, Platoon Edge",16.6,45.1,27.6,88.7,80.0,18.2,No,No,1,Yes,Yes,RotoWire projected lineup; MLB probable pitchers,lineup projected / unconfirmed,H:2026/2025 P:2026/2025,,,Direct BvP not yet weighted; 2026/2025 Statcast baseline active,7,7,29,0,"Last 7 games: 7/29, 0 HR","platoon edge; pitcher baseline 7.5% barrel, 15.8 HR allowed",neutral batted-ball profile; pitcher fly-ball pressure modest,5.44,28.09,85.05,96.8217,0.402,0.1378,0.3119,70.96,13.47,37.87,21.52,11.7,0.1739,7.49,44.67,90.42,0.4279,0.158,24.32,,,Rate Field,
132,681198,TJ Rumfield,COL,CWS,2026-09-26T23:10:00Z,Scheduled,4,Davis Martin,663436,R,41.0,Longshot,Watch List,"Projected Lineup, Premium Lineup Spot, Platoon Edge",13.1,45.1,27.6,90.4,80.0,37.8,No,No,4,Yes,Yes,RotoWire projected lineup; MLB probable pitchers,lineup projected / unconfirmed,H:2026 P:2026/2025,,,Direct BvP not yet weighted; 2026/2025 Statcast baseline active,7,7,28,1,"Last 7 games: 7/28, 1 HR","platoon edge; pitcher baseline 7.5% barrel, 15.8 HR allowed",neutral batted-ball profile; pitcher fly-ball pressure modest,4.8,27.7,84.3,96.1554,0.385,0.125,0.333,68.4,7.5,40.8,28.8,15.0,0.149,7.49,44.67,90.42,0.4279,0.158,24.32,,,Rate Field,
133,668930,Brice Turang,MIL,STL,2026-09-26T23:10:00Z,Scheduled,2,Quinn Mathews,687273,L,40.9,Longshot,Watch List,"Projected Lineup, Premium Lineup Spot",36.0,18.5,27.6,95.5,50.0,50.3,No,No,2,Yes,Yes,RotoWire projected lineup; MLB probable pitchers,lineup projected / unconfirmed,H:2026/2025 P:2026,,,Direct BvP not yet weighted; 2026/2025 Statcast baseline active,7,9,27,1,Contact streak: 9/27 over last 7 games,"same-side matchup; pitcher baseline 3.8% barrel, 4.0 HR allowed",neutral batted-ball profile; pitcher fly-ball pressure modest,7.72,43.2,90.4,100.3775,0.4255,0.1691,0.3406,70.25,13.41,28.0,23.43,19.4,0.168,3.8,34.8,88.8,0.347,0.1,25.8,,,American Family Field,
134,691781,Brady House,WSH,NYM,2026-09-26T16:35:00Z,Scheduled,7,Jonah Tong,804636,R,40.2,Longshot,Watch List,Projected Lineup,38.8,36.0,28.2,59.8,50.0,32.0,No,No,7,Yes,Yes,RotoWire projected lineup; MLB probable pitchers,lineup projected / unconfirmed,H:2026/2025 P:2026/2025,,,Direct BvP not yet weighted; 2026/2025 Statcast baseline active,7,6,18,0,Contact streak: 6/18 over last 7 games,"same-side matchup; pitcher baseline 8.0% barrel, 2.3 HR allowed",neutral batted-ball profile; pitcher allows elevated contact,8.15,47.49,90.01,101.9435,0.4176,0.1539,0.319,73.17,30.25,31.84,25.86,8.2,0.1321,8.0,38.07,89.44,0.3604,0.1379,33.24,,,Nationals Park,
135,543760,Marcus Semien,NYM,WSH,2026-09-26T16:35:00Z,Scheduled,6,Connelly Early,813349,L,40.1,Longshot,Watch List,"Projected Lineup, Platoon Edge",23.5,42.1,28.2,71.7,78.0,18.3,No,No,6,Yes,Yes,RotoWire projected lineup; MLB probable pitchers,lineup projected / unconfirmed,H:2026/2025 P:2026/2025,,,Direct BvP not yet weighted; 2026/2025 Statcast baseline active,7,3,26,1,"Last 7 games: 3/26, 1 HR","platoon edge; pitcher baseline 8.7% barrel, 10.5 HR allowed",neutral batted-ball profile; pitcher allows elevated contact,6.17,34.16,87.18,97.3933,0.3831,0.1411,0.3068,68.57,3.48,46.35,32.91,15.0,0.1284,8.74,40.63,89.79,0.3708,0.147,30.54,,,Nationals Park,
136,682657,Angel Martinez,CLE,KC,2026-09-26T23:10:00Z,Scheduled,7,Michael Wacha,608379,R,40.1,Longshot,Watch List,"Projected Lineup, Platoon Edge, Hot Hitter/Streak",23.9,36.4,23.2,59.8,75.0,97.0,No,No,7,Yes,Yes,RotoWire projected lineup; MLB probable pitchers,lineup projected / unconfirmed,H:2026/2025 P:2026/2025,,,Direct BvP not yet weighted; 2026/2025 Statcast baseline active,7,10,25,3,Hot streak: 3 HR in last 7 games,"switch hitter; pitcher baseline 7.1% barrel, 24.1 HR allowed",neutral batted-ball profile; pitcher fly-ball pressure modest,6.3,34.13,87.45,98.4931,0.3802,0.1375,0.2893,71.08,15.67,44.74,27.01,15.9,0.191,7.12,35.86,87.92,0.4102,0.1647,29.09,,,Kauffman Stadium,
137,695336,Thomas Saggese,STL,MIL,2026-09-26T23:10:00Z,Scheduled,7,Dustin May,669160,R,39.9,Longshot,Watch List,Projected Lineup,36.5,45.3,27.6,59.8,50.0,0.0,No,No,7,Yes,Yes,RotoWire projected lineup; MLB probable pitchers,lineup projected / unconfirmed,H:2026/2025 P:2026/2025,,,Direct BvP not yet weighted; 2026/2025 Statcast baseline active,7,1,24,0,"Last 7 games: 1/24, 0 HR","same-side matchup; pitcher baseline 8.1% barrel, 15.4 HR allowed",neutral batted-ball profile; pitcher fly-ball pressure modest,8.75,42.77,90.41,100.5055,0.3902,0.1495,0.3048,71.48,17.76,29.34,27.74,3.4,0.1134,8.08,44.43,90.11,0.4125,0.1574,25.22,,,American Family Field,
138,686681,Michael Massey,KC,CLE,2026-09-26T23:10:00Z,Scheduled,7,Tanner Bibee,676440,R,39.8,Longshot,Watch List,"Projected Lineup, Platoon Edge",27.8,42.9,23.2,59.8,80.0,26.2,No,No,7,Yes,Yes,RotoWire projected lineup; MLB probable pitchers,lineup projected / unconfirmed,H:2026/2025 P:2026/2025,,,Direct BvP not yet weighted; 2026/2025 Statcast baseline active,7,5,29,1,"Last 7 games: 5/29, 1 HR","platoon edge; pitcher baseline 8.2% barrel, 28.4 HR allowed",neutral batted-ball profile; pitcher fly-ball pressure modest,5.61,37.55,88.83,98.6296,0.3943,0.1437,0.2951,71.36,11.42,48.87,30.31,10.0,0.132,8.17,38.56,88.85,0.4074,0.1646,28.11,,,Kauffman Stadium,
139,670231,John Rave,KC,CLE,2026-09-26T23:10:00Z,Scheduled,8,Tanner Bibee,676440,R,39.8,Longshot,Watch List,"Projected Lineup, Platoon Edge",32.9,42.9,23.2,47.9,80.0,25.8,No,No,8,Yes,Yes,RotoWire projected lineup; MLB probable pitchers,lineup projected / unconfirmed,H:2026/2025 P:2026/2025,,,Direct BvP not yet weighted; 2026/2025 Statcast baseline active,7,7,24,0,"Last 7 games: 7/24, 0 HR","platoon edge; pitcher baseline 8.2% barrel, 28.4 HR allowed",neutral batted-ball profile; pitcher fly-ball pressure modest,9.42,37.9,88.02,100.1187,0.3833,0.1486,0.3125,73.83,37.62,44.31,24.85,5.4,0.1782,8.17,38.56,88.85,0.4074,0.1646,28.11,,,Kauffman Stadium,
140,650402,Gleyber Torres,DET,PIT,2026-09-26T17:10:00Z,Scheduled,2,Kirby Yates,489446,R,39.7,Longshot,Watch List,"Projected Lineup, Premium Lineup Spot",23.6,40.1,27.6,95.5,50.0,6.0,No,No,2,Yes,Yes,RotoWire projected lineup; MLB probable pitchers,lineup projected / unconfirmed,H:2026/2025 P:2026/2025,,,Direct BvP not yet weighted; 2026/2025 Statcast baseline active,7,4,25,0,"Last 7 games: 4/25, 0 HR","same-side matchup; pitcher baseline 8.0% barrel, 4.8 HR allowed",neutral batted-ball profile; pitcher fly-ball pressure modest,6.73,34.31,87.34,97.6798,0.3962,0.1384,0.3364,68.7,5.89,28.37,26.47,10.4,0.1114,7.96,45.4,90.53,0.3506,0.1351,29.6,,,Comerica Park,
141,666126,Carlos Cortes,ATH,HOU,2026-09-27T01:40:00Z,Scheduled,7,Hayden Wesneski,669713,R,39.7,Longshot,Watch List,"Projected Lineup, Platoon Edge",28.4,33.8,30.9,59.8,80.0,40.3,No,No,7,Yes,Yes,RotoWire projected lineup; MLB probable pitchers,lineup projected / unconfirmed,H:2026/2025 P:2026/2025,,,Direct BvP not yet weighted; 2026/2025 Statcast baseline active,7,4,15,1,"Last 7 games: 4/15, 1 HR","platoon edge; pitcher baseline 7.1% barrel, 4.9 HR allowed",neutral batted-ball profile; pitcher fly-ball pressure modest,7.1,38.54,88.82,99.3327,0.3926,0.1427,0.3056,70.69,14.13,30.69,23.08,8.2,0.1745,7.14,40.7,88.3,0.3947,0.1494,23.41,,,Sutter Health Park,
142,663656,Kyle Tucker,LAD,SF,2026-09-26T20:05:00Z,Scheduled,6,Matt Wilkinson,683363,L,39.5,Longshot,Watch List,Projected Lineup,34.2,36.6,19.3,71.7,50.0,39.5,No,No,6,Yes,Yes,RotoWire projected lineup; MLB probable pitchers,lineup projected / unconfirmed,H:2026/2025 P:2026,,,Direct BvP not yet weighted; 2026/2025 Statcast baseline active,7,6,23,1,"Last 7 games: 6/23, 1 HR","same-side matchup; pitcher baseline 6.5% barrel, 4.0 HR allowed",neutral batted-ball profile; pitcher allows elevated contact,7.79,37.6,89.05,98.7701,0.42,0.1612,0.3433,71.58,20.66,42.96,34.17,18.5,0.1679,6.5,42.9,89.1,0.382,0.155,32.5,,,Oracle Park,
143,701358,Cam Smith,HOU,ATH,2026-09-27T01:40:00Z,Scheduled,8,Jack Perkins,678022,R,39.5,Longshot,Watch List,"Projected Lineup, Strong Barrel",40.6,38.9,30.9,47.9,50.0,18.3,No,No,8,Yes,Yes,RotoWire projected lineup; MLB probable pitchers,lineup projected / unconfirmed,H:2026/2025 P:2026/2025,,,Direct BvP not yet weighted; 2026/2025 Statcast baseline active,7,3,25,1,"Last 7 games: 3/25, 1 HR","same-side matchup; pitcher baseline 8.8% barrel, 15.2 HR allowed",neutral batted-ball profile; pitcher allows elevated contact,10.05,42.55,88.39,101.2942,0.4089,0.1732,0.3124,76.95,68.81,37.7,25.0,16.7,0.1612,8.83,36.51,87.66,0.3748,0.1468,32.28,,,Sutter Health Park,
144,703520,Brett Bateman,TOR,CIN,2026-09-26T19:07:00Z,Scheduled,1,Rhett Lowder,695076,R,39.3,Longshot,Watch List,"Projected Lineup, Premium Lineup Spot, Platoon Edge",2.7,54.0,30.4,88.7,80.0,24.9,No,No,1,Yes,Yes,RotoWire projected lineup; MLB probable pitchers,lineup projected / unconfirmed,H:2026 P:2026,,,Direct BvP not yet weighted; 2026/2025 Statcast baseline active,7,6,21,0,"Last 7 games: 6/21, 0 HR","platoon edge; pitcher baseline 10.0% barrel, 18.0 HR allowed",neutral batted-ball profile; pitcher fly-ball pressure modest,1.7,20.2,84.6,94.7293,0.33,0.07,0.306,67.9,2.8,33.6,11.8,2.0,0.093,10.0,39.0,90.3,0.467,0.192,27.3,,,Rogers Centre,
145,672580,Maikel Garcia,KC,CLE,2026-09-26T23:10:00Z,Scheduled,5,Tanner Bibee,676440,R,39.3,Longshot,Watch List,Projected Lineup,25.6,42.9,23.2,81.9,50.0,22.9,No,No,5,Yes,Yes,RotoWire projected lineup; MLB probable pitchers,lineup projected / unconfirmed,H:2026/2025 P:2026/2025,,,Direct BvP not yet weighted; 2026/2025 Statcast baseline active,7,6,22,0,"Last 7 games: 6/22, 0 HR","same-side matchup; pitcher baseline 8.2% barrel, 28.4 HR allowed",neutral batted-ball profile; pitcher fly-ball pressure modest,4.69,41.39,90.25,100.2686,0.3842,0.1117,0.321,71.69,17.8,34.39,21.25,6.9,0.1294,8.17,38.56,88.85,0.4074,0.1646,28.11,,,Kauffman Stadium,
146,691720,Kyle Karros,COL,CWS,2026-09-26T23:10:00Z,Scheduled,6,Davis Martin,663436,R,39.3,Longshot,Watch List,Projected Lineup,25.4,45.1,27.6,71.7,50.0,29.2,No,No,6,Yes,Yes,RotoWire projected lineup; MLB probable pitchers,lineup projected / unconfirmed,H:2026/2025 P:2026/2025,,,Direct BvP not yet weighted; 2026/2025 Statcast baseline active,7,5,26,1,"Last 7 games: 5/26, 1 HR","same-side matchup; pitcher baseline 7.5% barrel, 15.8 HR allowed",neutral batted-ball profile; pitcher fly-ball pressure modest,6.25,38.74,89.16,99.696,0.3656,0.1257,0.3147,69.8,5.51,39.22,24.34,9.4,0.1301,7.49,44.67,90.42,0.4279,0.158,24.32,,,Rate Field,
147,643446,Jeff McNeil,ATH,HOU,2026-09-27T01:40:00Z,Scheduled,2,Hayden Wesneski,669713,R,39.2,Longshot,Watch List,"Projected Lineup, Premium Lineup Spot, Platoon Edge",11.9,33.8,30.9,95.5,80.0,37.8,No,No,2,Yes,Yes,RotoWire projected lineup; MLB probable pitchers,lineup projected / unconfirmed,H:2026/2025 P:2026/2025,,,Direct BvP not yet weighted; 2026/2025 Statcast baseline active,7,6,24,1,"Last 7 games: 6/24, 1 HR","platoon edge; pitcher baseline 7.1% barrel, 4.9 HR allowed",neutral batted-ball profile; pitcher fly-ball pressure modest,2.72,30.94,86.57,96.594,0.3705,0.1006,0.309,69.3,5.72,43.56,23.82,9.9,0.1253,7.14,40.7,88.3,0.3947,0.1494,23.41,,,Sutter Health Park,
148,699302,Hector Rodriguez,CIN,TOR,2026-09-26T19:07:00Z,Scheduled,7,Trey Yesavage,702056,R,39.1,Longshot,Watch List,"Projected Lineup, Platoon Edge",28.1,33.4,30.4,59.8,80.0,32.9,No,No,7,Yes,Yes,RotoWire projected lineup; MLB probable pitchers,lineup projected / unconfirmed,H:2026 P:2026/2025,,,Direct BvP not yet weighted; 2026/2025 Statcast baseline active,7,5,23,1,"Last 7 games: 5/23, 1 HR","platoon edge; pitcher baseline 6.8% barrel, 7.7 HR allowed",neutral batted-ball profile; pitcher fly-ball pressure modest,7.4,34.0,88.2,98.969,0.338,0.138,0.258,74.7,49.8,41.5,30.9,6.0,0.182,6.79,42.18,90.01,0.3414,0.1268,25.74,,,Rogers Centre,
149,683953,Travis Bazzana,CLE,KC,2026-09-26T23:10:00Z,Scheduled,5,Michael Wacha,608379,R,39.0,Longshot,Watch List,"Projected Lineup, Platoon Edge",20.7,38.0,23.2,81.9,80.0,19.1,No,No,5,Yes,Yes,RotoWire projected lineup; MLB probable pitchers,lineup projected / unconfirmed,H:2026 P:2026/2025,,,Direct BvP not yet weighted; 2026/2025 Statcast baseline active,7,3,24,1,"Last 7 games: 3/24, 1 HR","platoon edge; pitcher baseline 7.1% barrel, 24.1 HR allowed",neutral batted-ball profile; pitcher fly-ball pressure modest,5.1,36.5,87.7,98.312,0.346,0.121,0.3,69.6,12.0,38.7,28.3,15.0,0.158,7.12,35.86,87.92,0.4102,0.1647,29.09,,,Kauffman Stadium,
150,622268,Donovan Walton,ATH,HOU,2026-09-27T01:40:00Z,Scheduled,6,Hayden Wesneski,669713,R,38.9,Longshot,Watch List,"Projected Lineup, Platoon Edge, Hot Hitter/Streak",15.6,33.8,30.9,71.7,80.0,74.9,No,No,6,Yes,Yes,RotoWire projected lineup; MLB probable pitchers,lineup projected / unconfirmed,H:2026/2025 P:2026/2025,,,Direct BvP not yet weighted; 2026/2025 Statcast baseline active,7,6,16,2,Hot streak: 2 HR in last 7 games,"platoon edge; pitcher baseline 7.1% barrel, 4.9 HR allowed",neutral batted-ball profile; pitcher fly-ball pressure modest,3.5,33.65,88.61,97.2607,0.366,0.1047,0.3104,67.92,0.49,38.19,22.72,6.3,0.1358,7.14,40.7,88.3,0.3947,0.1494,23.41,,,Sutter Health Park,
151,647304,Josh Naylor,SEA,LAA,2026-09-27T01:40:00Z,Scheduled,6,Ryan Johnson,696270,R,38.9,Longshot,Watch List,"Projected Lineup, Platoon Edge",22.6,43.2,25.4,71.7,80.0,0.0,No,No,6,Yes,Yes,RotoWire projected lineup; MLB probable pitchers,lineup projected / unconfirmed,H:2026/2025 P:2026/2025,,,Direct BvP not yet weighted; 2026/2025 Statcast baseline active,7,2,27,0,"Last 7 games: 2/27, 0 HR","platoon edge; pitcher baseline 9.1% barrel, 13.8 HR allowed",neutral batted-ball profile; pitcher allows elevated contact,5.16,37.77,87.73,98.9545,0.3984,0.1282,0.3187,70.34,11.61,41.43,22.36,13.0,0.1124,9.13,35.79,87.19,0.4262,0.177,33.25,,,T-Mobile Park,
152,669701,Josh Smith,TOR,CIN,2026-09-26T19:07:00Z,Scheduled,7,Rhett Lowder,695076,R,38.5,Longshot,Watch List,"Projected Lineup, Platoon Edge",16.5,54.0,30.4,59.8,80.0,0.0,No,No,7,Yes,Yes,RotoWire projected lineup; MLB probable pitchers,lineup projected / unconfirmed,H:2026/2025 P:2026,,,Direct BvP not yet weighted; 2026/2025 Statcast baseline active,7,0,18,0,"Last 7 games: 0/18, 0 HR","platoon edge; pitcher baseline 10.0% barrel, 18.0 HR allowed",neutral batted-ball profile; pitcher fly-ball pressure modest,6.05,30.26,86.15,97.0706,0.3331,0.1155,0.2876,68.79,2.83,35.88,29.49,7.2,0.1164,10.0,39.0,90.3,0.467,0.192,27.3,,,Rogers Centre,
153,699115,Carlos Jorge,CIN,TOR,2026-09-26T19:07:00Z,Scheduled,1,Trey Yesavage,702056,R,38.3,Longshot,Watch List,"Projected Lineup, Premium Lineup Spot, Platoon Edge",12.4,33.4,30.4,88.7,80.0,39.8,No,No,1,Yes,Yes,RotoWire projected lineup; MLB probable pitchers,lineup projected / unconfirmed,H:2026 P:2026/2025,,,Direct BvP not yet weighted; 2026/2025 Statcast baseline active,7,5,19,1,"Last 7 games: 5/19, 1 HR","platoon edge; pitcher baseline 6.8% barrel, 7.7 HR allowed",neutral batted-ball profile; pitcher fly-ball pressure modest,8.7,17.4,81.4,92.6517,0.315,0.108,0.251,68.7,2.9,34.8,17.4,1.0,0.147,6.79,42.18,90.01,0.3414,0.1268,25.74,,,Rogers Centre,
154,691777,Max Muncy,LAD,SF,2026-09-26T20:05:00Z,Scheduled,8,Matt Wilkinson,683363,L,38.3,Longshot,Watch List,"Projected Lineup, Strong Barrel, Platoon Edge",35.1,36.6,19.3,47.9,78.0,26.1,No,No,8,Yes,Yes,RotoWire projected lineup; MLB probable pitchers,lineup projected / unconfirmed,H:2026/2025 P:2026,,,Direct BvP not yet weighted; 2026/2025 Statcast baseline active,7,5,17,0,"Last 7 games: 5/17, 0 HR","platoon edge; pitcher baseline 6.5% barrel, 4.0 HR allowed",neutral batted-ball profile; pitcher allows elevated contact,10.52,40.17,88.5,100.9708,0.3621,0.1493,0.2817,73.8,42.11,43.52,22.51,9.0,0.1594,6.5,42.9,89.1,0.382,0.155,32.5,,,Oracle Park,
155,693306,Aaron Sabato,MIN,TEX,2026-09-26T20:10:00Z,Scheduled,7,Nathan Eovaldi,543135,R,38.3,Longshot,Watch List,Projected Lineup,34.1,42.3,27.1,59.8,50.0,0.0,No,No,7,Yes,Yes,RotoWire projected lineup; MLB probable pitchers,lineup projected / unconfirmed,H:2026 P:2026/2025,,,Direct BvP not yet weighted; 2026/2025 Statcast baseline active,3,0,6,0,"Last 3 games: 0/6, 0 HR","same-side matchup; pitcher baseline 8.2% barrel, 19.8 HR allowed",EV profile; pitcher fly-ball pressure modest,0.0,66.7,92.2,96.3167,0.197,0.092,0.128,75.3,63.6,33.3,33.3,0.0,0.0,8.17,40.6,88.6,0.4045,0.1614,25.04,,,Target Field,
156,695731,Braden Montgomery,CWS,COL,2026-09-26T23:10:00Z,Scheduled,9,Jose Quintana,500779,L,38.3,Longshot,Watch List,"Projected Lineup, Platoon Edge",24.1,48.0,27.6,40.2,75.0,45.0,No,No,9,Yes,Yes,RotoWire projected lineup; MLB probable pitchers,lineup projected / unconfirmed,H:2026 P:2026/2025,,,Direct BvP not yet weighted; 2026/2025 Statcast baseline active,7,11,25,0,Contact streak: 11/25 over last 7 games,"switch hitter; pitcher baseline 9.6% barrel, 11.0 HR allowed",neutral batted-ball profile; pitcher allows elevated contact,4.5,40.8,89.0,100.0732,0.39,0.137,0.325,69.7,8.6,36.3,18.0,6.0,0.127,9.56,36.45,88.56,0.476,0.1972,31.19,,,Rate Field,
157,514888,Jose Altuve,HOU,ATH,2026-09-27T01:40:00Z,Scheduled,4,Jack Perkins,678022,R,38.2,Longshot,Watch List,"Projected Lineup, Premium Lineup Spot",13.5,38.9,30.9,90.4,50.0,52.1,No,No,4,Yes,Yes,RotoWire projected lineup; MLB probable pitchers,lineup projected / unconfirmed,H:2026/2025 P:2026/2025,,,Direct BvP not yet weighted; 2026/2025 Statcast baseline active,7,10,29,1,Contact streak: 10/29 over last 7 games,"same-side matchup; pitcher baseline 8.8% barrel, 15.2 HR allowed",neutral batted-ball profile; pitcher allows elevated contact,4.8,31.67,85.52,97.1125,0.3434,0.1155,0.2797,68.93,9.64,45.78,23.0,19.0,0.1567,8.83,36.51,87.66,0.3748,0.1468,32.28,,,Sutter Health Park,
158,805999,A.J. Ewing,NYM,WSH,2026-09-26T16:35:00Z,Scheduled,7,Connelly Early,813349,L,38.1,Longshot,Watch List,Projected Lineup,30.2,42.1,28.2,59.8,50.0,19.5,No,No,7,Yes,Yes,RotoWire projected lineup; MLB probable pitchers,lineup projected / unconfirmed,H:2026 P:2026/2025,,,Direct BvP not yet weighted; 2026/2025 Statcast baseline active,7,6,24,0,"Last 7 games: 6/24, 0 HR","same-side matchup; pitcher baseline 8.7% barrel, 10.5 HR allowed",neutral batted-ball profile; pitcher allows elevated contact,7.0,41.4,89.4,99.8996,0.395,0.139,0.318,70.4,12.5,30.9,24.5,10.0,0.12,8.74,40.63,89.79,0.3708,0.147,30.54,,,Nationals Park,
159,663968,Jake Mangum,PIT,DET,2026-09-26T17:10:00Z,Scheduled,9,Justin Verlander,434378,R,38.1,Longshot,Watch List,"Projected Lineup, Pitcher Vulnerable, Platoon Edge",7.0,76.4,27.6,40.2,75.0,19.1,No,No,9,Yes,Yes,RotoWire projected lineup; MLB probable pitchers,lineup projected / unconfirmed,H:2026/2025 P:2026/2025,,,Direct BvP not yet weighted; 2026/2025 Statcast baseline active,7,3,24,1,"Last 7 games: 3/24, 1 HR","switch hitter; pitcher baseline 11.2% barrel, 5.5 HR allowed",neutral batted-ball profile; pitcher allows elevated contact,2.49,29.34,86.25,96.7772,0.3325,0.085,0.2823,67.72,4.5,28.07,16.19,4.4,0.0846,11.18,50.51,92.03,0.6087,0.2779,35.25,,,Comerica Park,
160,703601,Max Clark,DET,PIT,2026-09-26T17:10:00Z,Scheduled,6,Kirby Yates,489446,R,38.0,Longshot,Watch List,"Projected Lineup, Platoon Edge",17.1,40.1,27.6,71.7,80.0,27.7,No,No,6,Yes,Yes,RotoWire projected lineup; MLB probable pitchers,lineup projected / unconfirmed,H:2026 P:2026/2025,,,Direct BvP not yet weighted; 2026/2025 Statcast baseline active,7,7,23,0,"Last 7 games: 7/23, 0 HR","platoon edge; pitcher baseline 8.0% barrel, 4.8 HR allowed",neutral batted-ball profile; pitcher fly-ball pressure modest,2.3,37.6,87.4,98.2825,0.359,0.084,0.327,73.6,31.0,34.6,25.6,3.0,0.157,7.96,45.4,90.53,0.3506,0.1351,29.6,,,Comerica Park,
161,672724,Oswald Peraza,LAA,SEA,2026-09-27T01:40:00Z,Scheduled,6,Kade Anderson,807739,L,37.9,Longshot,Watch List,"Projected Lineup, Platoon Edge",21.0,38.7,25.4,71.7,78.0,16.6,No,No,6,Yes,Yes,RotoWire projected lineup; MLB probable pitchers,lineup projected / unconfirmed,H:2026/2025 P:2026,,,Direct BvP not yet weighted; 2026/2025 Statcast baseline active,7,3,13,0,"Last 7 games: 3/13, 0 HR","platoon edge; pitcher baseline 8.4% barrel, 4.0 HR allowed",neutral batted-ball profile; pitcher fly-ball pressure modest,6.28,36.91,87.45,99.6432,0.3242,0.1085,0.2662,72.9,29.58,36.9,20.1,6.4,0.1021,8.4,42.1,88.1,0.405,0.148,27.4,,,T-Mobile Park,
162,807712,Luke Keaschall,MIN,TEX,2026-09-26T20:10:00Z,Scheduled,1,Nathan Eovaldi,543135,R,37.8,Longshot,Watch List,"Projected Lineup, Premium Lineup Spot",13.1,42.3,27.1,88.7,50.0,46.9,No,No,1,Yes,Yes,RotoWire projected lineup; MLB probable pitchers,lineup projected / unconfirmed,H:2026/2025 P:2026/2025,,,Direct BvP not yet weighted; 2026/2025 Statcast baseline active,7,9,29,1,"Last 7 games: 9/29, 1 HR","same-side matchup; pitcher baseline 8.2% barrel, 19.8 HR allowed",neutral batted-ball profile; pitcher fly-ball pressure modest,4.08,29.59,85.64,96.6951,0.3661,0.1153,0.3184,68.57,7.24,38.75,27.46,8.2,0.1241,8.17,40.6,88.6,0.4045,0.1614,25.04,,,Target Field,
163,694203,Denzer Guzman,LAA,SEA,2026-09-27T01:40:00Z,Scheduled,7,Kade Anderson,807739,L,37.6,Longshot,Watch List,"Projected Lineup, Platoon Edge",24.7,38.7,25.4,59.8,78.0,18.3,No,No,7,Yes,Yes,RotoWire projected lineup; MLB probable pitchers,lineup projected / unconfirmed,H:2026/2025 P:2026,,,Direct BvP not yet weighted; 2026/2025 Statcast baseline active,7,2,22,1,"Last 7 games: 2/22, 1 HR","platoon edge; pitcher baseline 8.4% barrel, 4.0 HR allowed",neutral batted-ball profile; pitcher fly-ball pressure modest,8.0,38.0,86.71,98.8772,0.3223,0.1141,0.2504,73.64,38.0,40.6,24.4,6.2,0.1341,8.4,42.1,88.1,0.405,0.148,27.4,,,T-Mobile Park,
164,624641,Edmundo Sosa,PHI,TB,2026-09-26T23:15:00Z,Scheduled,9,Griffin Jax,643377,R,37.5,Longshot,Watch List,Projected Lineup,30.6,41.5,34.3,40.2,50.0,43.2,No,No,9,Yes,Yes,RotoWire projected lineup; MLB probable pitchers,lineup projected / unconfirmed,H:2026/2025 P:2026/2025,,,Direct BvP not yet weighted; 2026/2025 Statcast baseline active,7,4,14,1,"Last 7 games: 4/14, 1 HR","same-side matchup; pitcher baseline 9.0% barrel, 12.6 HR allowed",neutral batted-ball profile; pitcher fly-ball pressure modest,7.0,39.05,87.84,99.9664,0.4309,0.1628,0.318,72.51,27.57,41.59,21.36,8.9,0.1762,8.98,41.02,88.99,0.3951,0.1499,23.09,,,Citizens Bank Park,
165,702284,Cole Young,SEA,LAA,2026-09-27T01:40:00Z,Scheduled,7,Ryan Johnson,696270,R,37.4,Longshot,Watch List,"Projected Lineup, Platoon Edge",23.2,43.2,25.4,59.8,80.0,0.8,No,No,7,Yes,Yes,RotoWire projected lineup; MLB probable pitchers,lineup projected / unconfirmed,H:2026/2025 P:2026/2025,,,Direct BvP not yet weighted; 2026/2025 Statcast baseline active,7,3,24,0,"Last 7 games: 3/24, 0 HR","platoon edge; pitcher baseline 9.1% barrel, 13.8 HR allowed",neutral batted-ball profile; pitcher allows elevated contact,5.11,35.65,88.09,98.7334,0.3767,0.1296,0.3075,71.51,21.58,42.05,27.01,13.1,0.1241,9.13,35.79,87.19,0.4262,0.177,33.25,,,T-Mobile Park,
166,696030,Alejandro Osuna,TEX,MIN,2026-09-26T20:10:00Z,Scheduled,7,Bailey Ober,641927,R,37.2,Longshot,Watch List,"Projected Lineup, Platoon Edge",10.7,53.3,27.1,59.8,80.0,24.9,No,No,7,Yes,Yes,RotoWire projected lineup; MLB probable pitchers,lineup projected / unconfirmed,H:2026/2025 P:2026/2025,,,Direct BvP not yet weighted; 2026/2025 Statcast baseline active,7,2,7,0,"Last 7 games: 2/7, 0 HR","platoon edge; pitcher baseline 10.0% barrel, 22.3 HR allowed",neutral batted-ball profile; pitcher allows elevated contact,2.22,31.05,87.22,98.486,0.3326,0.0749,0.3108,71.55,21.02,26.45,16.21,1.3,0.0478,9.99,37.63,88.97,0.4522,0.2028,32.67,,,Target Field,
167,670032,Nicky Lopez,TEX,MIN,2026-09-26T20:10:00Z,Scheduled,5,Bailey Ober,641927,R,37.0,Longshot,Watch List,"Projected Lineup, Platoon Edge",2.2,53.3,27.1,81.9,80.0,14.1,No,No,5,Yes,Yes,RotoWire projected lineup; MLB probable pitchers,lineup projected / unconfirmed,H:2026/2025 P:2026/2025,,,Direct BvP not yet weighted; 2026/2025 Statcast baseline active,7,3,14,0,"Last 7 games: 3/14, 0 HR","platoon edge; pitcher baseline 10.0% barrel, 22.3 HR allowed",neutral batted-ball profile; pitcher allows elevated contact,0.0,27.33,84.66,95.182,0.2655,0.0412,0.2589,66.72,1.24,33.73,11.93,0.7,0.0273,9.99,37.63,88.97,0.4522,0.2028,32.67,,,Target Field,
168,592663,J.T. Realmuto,PHI,TB,2026-09-26T23:15:00Z,Scheduled,8,Griffin Jax,643377,R,36.9,Longshot,Watch List,Projected Lineup,32.0,41.5,34.3,47.9,50.0,0.0,No,No,8,Yes,Yes,RotoWire projected lineup; MLB probable pitchers,lineup projected / unconfirmed,H:2026/2025 P:2026/2025,,,Direct BvP not yet weighted; 2026/2025 Statcast baseline active,7,0,23,0,"Last 7 games: 0/23, 0 HR","same-side matchup; pitcher baseline 9.0% barrel, 12.6 HR allowed",neutral batted-ball profile; pitcher fly-ball pressure modest,6.49,41.72,89.72,100.0589,0.3942,0.144,0.3167,72.77,30.61,41.25,26.15,11.3,0.1263,8.98,41.02,88.99,0.3951,0.1499,23.09,,,Citizens Bank Park,
169,678662,Ezequiel Tovar,COL,CWS,2026-09-26T23:10:00Z,Scheduled,9,Davis Martin,663436,R,36.6,Longshot,Watch List,Projected Lineup,29.0,45.1,27.6,40.2,50.0,37.8,No,No,9,Yes,Yes,RotoWire projected lineup; MLB probable pitchers,lineup projected / unconfirmed,H:2026/2025 P:2026/2025,,,Direct BvP not yet weighted; 2026/2025 Statcast baseline active,7,6,24,1,"Last 7 games: 6/24, 1 HR","same-side matchup; pitcher baseline 7.5% barrel, 15.8 HR allowed",neutral batted-ball profile; pitcher fly-ball pressure modest,7.55,34.63,87.86,98.9897,0.3885,0.1527,0.2903,71.95,21.03,36.7,30.2,11.1,0.1337,7.49,44.67,90.42,0.4279,0.158,24.32,,,Rate Field,
170,694497,Evan Carter,TEX,MIN,2026-09-26T20:10:00Z,Scheduled,9,Bailey Ober,641927,R,36.5,Longshot,Watch List,"Projected Lineup, Platoon Edge",19.6,53.3,27.1,40.2,80.0,5.7,No,No,9,Yes,Yes,RotoWire projected lineup; MLB probable pitchers,lineup projected / unconfirmed,H:2026/2025 P:2026/2025,,,Direct BvP not yet weighted; 2026/2025 Statcast baseline active,7,3,19,0,"Last 7 games: 3/19, 0 HR","platoon edge; pitcher baseline 10.0% barrel, 22.3 HR allowed",neutral batted-ball profile; pitcher allows elevated contact,5.27,34.74,87.33,98.5468,0.3292,0.1162,0.287,71.02,18.07,38.77,27.91,7.8,0.1275,9.99,37.63,88.97,0.4522,0.2028,32.67,,,Target Field,
171,689414,Liam Hicks,TB,PHI,2026-09-26T23:15:00Z,Scheduled,4,,,,36.3,Longshot,Watch List,"Projected Lineup, Premium Lineup Spot",7.6,41.2,34.3,90.4,60.0,13.6,No,No,4,Yes,Yes,RotoWire projected lineup; MLB probable pitchers,lineup projected / unconfirmed,H:2026/2025 P:,,,Direct BvP not yet weighted; 2026/2025 Statcast baseline active,7,4,19,0,"Last 7 games: 4/19, 0 HR","handedness incomplete; pitcher baseline 0.0% barrel, 0.0 HR allowed",neutral batted-ball profile; pitcher fly-ball pressure modest,3.74,27.07,84.53,96.0556,0.3542,0.099,0.3178,68.03,3.72,41.19,24.22,14.4,0.1347,,,,,,,,,Citizens Bank Park,
172,656775,Cedric Mullins,TB,PHI,2026-09-26T23:15:00Z,Scheduled,8,,,,36.1,Longshot,Watch List,Projected Lineup,20.9,41.2,34.3,47.9,60.0,40.3,No,No,8,Yes,Yes,RotoWire projected lineup; MLB probable pitchers,lineup projected / unconfirmed,H:2026/2025 P:,,,Direct BvP not yet weighted; 2026/2025 Statcast baseline active,7,4,15,1,"Last 7 games: 4/15, 1 HR","handedness incomplete; pitcher baseline 0.0% barrel, 0.0 HR allowed",neutral batted-ball profile; pitcher fly-ball pressure modest,4.94,33.45,88.24,97.9625,0.3185,0.1243,0.2694,71.03,9.85,46.16,32.08,15.6,0.1519,,,,,,,,,Citizens Bank Park,
173,672275,Patrick Bailey,CLE,KC,2026-09-26T23:10:00Z,Scheduled,8,Michael Wacha,608379,R,36.0,Longshot,Watch List,"Projected Lineup, Platoon Edge",30.6,36.4,23.2,47.9,75.0,4.5,No,No,8,Yes,Yes,RotoWire projected lineup; MLB probable pitchers,lineup projected / unconfirmed,H:2026/2025 P:2026/2025,,,Direct BvP not yet weighted; 2026/2025 Statcast baseline active,7,3,20,0,"Last 7 games: 3/20, 0 HR","switch hitter; pitcher baseline 7.1% barrel, 24.1 HR allowed",neutral batted-ball profile; pitcher fly-ball pressure modest,6.44,40.39,89.67,99.6849,0.3743,0.1426,0.2927,72.41,25.99,34.95,26.97,7.4,0.1093,7.12,35.86,87.92,0.4102,0.1647,29.09,,,Kauffman Stadium,
174,643376,Danny Jansen,TEX,MIN,2026-09-26T20:10:00Z,Scheduled,8,Bailey Ober,641927,R,35.9,Longshot,Watch List,Projected Lineup,22.0,53.3,27.1,47.9,50.0,12.0,No,No,8,Yes,Yes,RotoWire projected lineup; MLB probable pitchers,lineup projected / unconfirmed,H:2026/2025 P:2026/2025,,,Direct BvP not yet weighted; 2026/2025 Statcast baseline active,7,4,20,0,"Last 7 games: 4/20, 0 HR","same-side matchup; pitcher baseline 10.0% barrel, 22.3 HR allowed",neutral batted-ball profile; pitcher allows elevated contact,6.7,34.66,87.53,97.7927,0.3157,0.1283,0.2755,69.85,6.53,53.98,29.05,8.4,0.1637,9.99,37.63,88.97,0.4522,0.2028,32.67,,,Target Field,
175,805346,Ben Ross,MIN,TEX,2026-09-26T20:10:00Z,Scheduled,9,Nathan Eovaldi,543135,R,35.9,Longshot,Watch List,"Projected Lineup, Strong Barrel",32.4,42.3,27.1,40.2,50.0,17.3,No,No,9,Yes,Yes,RotoWire projected lineup; MLB probable pitchers,lineup projected / unconfirmed,H:2026 P:2026/2025,,,Direct BvP not yet weighted; 2026/2025 Statcast baseline active,7,4,17,0,"Last 7 games: 4/17, 0 HR","same-side matchup; pitcher baseline 8.2% barrel, 19.8 HR allowed",neutral batted-ball profile; pitcher fly-ball pressure modest,20.0,30.0,78.9,93.4311,0.275,0.114,0.186,70.8,5.1,40.0,20.0,0.0,0.191,8.17,40.6,88.6,0.4045,0.1614,25.04,,,Target Field,
176,518595,Travis d'Arnaud,LAA,SEA,2026-09-27T01:40:00Z,Scheduled,9,Kade Anderson,807739,L,35.8,Longshot,Watch List,"Projected Lineup, Strong Barrel, Platoon Edge",29.6,38.7,25.4,40.2,78.0,4.5,No,No,9,Yes,Yes,RotoWire projected lineup; MLB probable pitchers,lineup projected / unconfirmed,H:2026/2025 P:2026,,,Direct BvP not yet weighted; 2026/2025 Statcast baseline active,7,3,20,0,"Last 7 games: 3/20, 0 HR","platoon edge; pitcher baseline 8.4% barrel, 4.0 HR allowed",neutral batted-ball profile; pitcher fly-ball pressure modest,10.7,34.68,87.15,97.6322,0.3117,0.1449,0.2501,71.01,13.74,31.84,31.02,2.5,0.1019,8.4,42.1,88.1,0.405,0.148,27.4,,,T-Mobile Park,
177,643289,Mauricio Dubon,ATL,MIA,2026-09-26T20:10:00Z,Scheduled,5,Jack Ralston,667652,R,35.7,Longshot,Watch List,Projected Lineup,9.7,49.1,21.5,81.9,50.0,30.2,No,No,5,Yes,Yes,RotoWire projected lineup; MLB probable pitchers,lineup projected / unconfirmed,H:2026/2025 P:2026,,,Direct BvP not yet weighted; 2026/2025 Statcast baseline active,7,9,28,0,Contact streak: 9/28 over last 7 games,"same-side matchup; pitcher baseline 11.6% barrel, 4.0 HR allowed",neutral batted-ball profile; pitcher allows elevated contact,3.02,28.33,85.83,96.2056,0.3604,0.0994,0.2955,68.87,4.03,31.89,25.86,9.8,0.1175,11.6,39.5,87.3,0.411,0.204,30.2,,,loanDepot park,
178,669003,Garrett Mitchell,MIL,STL,2026-09-26T23:10:00Z,Scheduled,8,Quinn Mathews,687273,L,35.4,Longshot,Watch List,"Projected Lineup, Strong Barrel",46.8,18.5,27.6,47.9,50.0,4.2,No,No,8,Yes,Yes,RotoWire projected lineup; MLB probable pitchers,lineup projected / unconfirmed,H:2026/2025 P:2026,,,Direct BvP not yet weighted; 2026/2025 Statcast baseline active,7,4,27,0,"Last 7 games: 4/27, 0 HR","same-side matchup; pitcher baseline 3.8% barrel, 4.0 HR allowed",EV profile; pitcher fly-ball pressure modest,10.2,49.34,92.29,103.8265,0.4131,0.1589,0.3321,77.15,77.44,33.16,16.85,7.7,0.1356,3.8,34.8,88.8,0.347,0.1,25.8,,,American Family Field,
179,680700,Richie Palacios,TB,PHI,2026-09-26T23:15:00Z,Scheduled,7,,,,35.1,Longshot,Watch List,Projected Lineup,15.9,41.2,34.3,59.8,60.0,22.0,No,No,7,Yes,Yes,RotoWire projected lineup; MLB probable pitchers,lineup projected / unconfirmed,H:2026/2025 P:,,,Direct BvP not yet weighted; 2026/2025 Statcast baseline active,7,4,15,0,"Last 7 games: 4/15, 0 HR","handedness incomplete; pitcher baseline 0.0% barrel, 0.0 HR allowed",neutral batted-ball profile; pitcher fly-ball pressure modest,4.64,33.39,87.45,97.1046,0.3702,0.1018,0.325,68.91,3.87,36.53,21.33,7.3,0.1337,,,,,,,,,Citizens Bank Park,
180,702222,Justin Crawford,PHI,TB,2026-09-26T23:15:00Z,Scheduled,7,Griffin Jax,643377,R,35.0,Longshot,Watch List,"Projected Lineup, Platoon Edge",10.9,41.5,34.3,59.8,80.0,13.6,No,No,7,Yes,Yes,RotoWire projected lineup; MLB probable pitchers,lineup projected / unconfirmed,H:2026 P:2026/2025,,,Direct BvP not yet weighted; 2026/2025 Statcast baseline active,7,4,19,0,"Last 7 games: 4/19, 0 HR","platoon edge; pitcher baseline 9.0% barrel, 12.6 HR allowed",neutral batted-ball profile; pitcher fly-ball pressure modest,1.8,35.5,87.1,98.1083,0.326,0.069,0.284,69.2,6.1,29.1,16.3,3.0,0.092,8.98,41.02,88.99,0.3951,0.1499,23.09,,,Citizens Bank Park,
181,669134,Luis Campusano,SD,AZ,2026-09-27T00:40:00Z,Scheduled,7,,,,35.0,Longshot,Watch List,Projected Lineup,19.8,41.2,22.6,59.8,60.0,27.1,No,No,7,Yes,Yes,RotoWire projected lineup; MLB probable pitchers,lineup projected / unconfirmed,H:2026/2025 P:,,,Direct BvP not yet weighted; 2026/2025 Statcast baseline active,7,5,28,1,"Last 7 games: 5/28, 1 HR","handedness incomplete; pitcher baseline 0.0% barrel, 0.0 HR allowed",neutral batted-ball profile; pitcher fly-ball pressure modest,5.81,35.74,87.73,98.3598,0.3025,0.1113,0.292,73.03,30.69,46.98,19.94,5.6,0.1204,,,,,,,,,Petco Park,
182,680574,Matt McLain,CIN,TOR,2026-09-26T19:07:00Z,Scheduled,8,Trey Yesavage,702056,R,34.8,Longshot,Watch List,Projected Lineup,31.4,33.4,30.4,47.9,50.0,13.3,No,No,8,Yes,Yes,RotoWire projected lineup; MLB probable pitchers,lineup projected / unconfirmed,H:2026/2025 P:2026/2025,,,Direct BvP not yet weighted; 2026/2025 Statcast baseline active,7,5,24,0,"Last 7 games: 5/24, 0 HR","same-side matchup; pitcher baseline 6.8% barrel, 7.7 HR allowed",neutral batted-ball profile; pitcher fly-ball pressure modest,8.71,37.27,88.17,98.8256,0.3641,0.1497,0.2938,70.93,9.68,36.06,33.85,15.0,0.1426,6.79,42.18,90.01,0.3414,0.1268,25.74,,,Rogers Centre,
183,665926,Andres Gimenez,TOR,CIN,2026-09-26T19:07:00Z,Scheduled,8,Rhett Lowder,695076,R,34.8,Longshot,Watch List,"Projected Lineup, Platoon Edge",7.8,54.0,30.4,47.9,80.0,16.1,No,No,8,Yes,Yes,RotoWire projected lineup; MLB probable pitchers,lineup projected / unconfirmed,H:2026/2025 P:2026,,,Direct BvP not yet weighted; 2026/2025 Statcast baseline active,7,5,22,0,"Last 7 games: 5/22, 0 HR","platoon edge; pitcher baseline 10.0% barrel, 18.0 HR allowed",neutral batted-ball profile; pitcher fly-ball pressure modest,3.35,25.6,85.67,96.0296,0.3414,0.1006,0.2842,68.53,5.07,38.52,23.79,8.4,0.1121,10.0,39.0,90.3,0.467,0.192,27.3,,,Rogers Centre,
184,663494,Bryan Torres,STL,MIL,2026-09-26T23:10:00Z,Scheduled,6,Dustin May,669160,R,34.7,Longshot,Watch List,"Projected Lineup, Platoon Edge",7.3,45.3,27.6,71.7,80.0,0.0,No,No,6,Yes,Yes,RotoWire projected lineup; MLB probable pitchers,lineup projected / unconfirmed,H:2026 P:2026/2025,,,Direct BvP not yet weighted; 2026/2025 Statcast baseline active,7,0,18,0,"Last 7 games: 0/18, 0 HR","platoon edge; pitcher baseline 8.1% barrel, 15.4 HR allowed",neutral batted-ball profile; pitcher fly-ball pressure modest,3.1,26.4,86.7,95.7371,0.332,0.101,0.288,65.9,1.1,48.1,23.3,4.0,0.103,8.08,44.43,90.11,0.4125,0.1574,25.22,,,American Family Field,
185,703492,Nick Morabito,NYM,WSH,2026-09-26T16:35:00Z,Scheduled,9,Connelly Early,813349,L,34.6,Longshot,Watch List,"Projected Lineup, Platoon Edge",20.8,42.1,28.2,40.2,78.0,15.3,No,No,9,Yes,Yes,RotoWire projected lineup; MLB probable pitchers,lineup projected / unconfirmed,H:2026 P:2026/2025,,,Direct BvP not yet weighted; 2026/2025 Statcast baseline active,7,4,18,0,"Last 7 games: 4/18, 0 HR","platoon edge; pitcher baseline 8.7% barrel, 10.5 HR allowed",neutral batted-ball profile; pitcher allows elevated contact,0.0,48.0,90.5,99.824,0.308,0.053,0.296,70.6,23.3,36.0,12.0,0.0,0.049,8.74,40.63,89.79,0.3708,0.147,30.54,,,Nationals Park,
186,691594,Javier Sanoja,MIA,ATL,2026-09-26T20:10:00Z,Scheduled,5,Brent Suter,608718,L,34.5,Longshot,Watch List,"Projected Lineup, Platoon Edge",11.1,26.8,21.5,81.9,78.0,53.9,No,No,5,Yes,Yes,RotoWire projected lineup; MLB probable pitchers,lineup projected / unconfirmed,H:2026/2025 P:2026/2025,,,Direct BvP not yet weighted; 2026/2025 Statcast baseline active,7,10,28,1,Contact streak: 10/28 over last 7 games,"platoon edge; pitcher baseline 6.7% barrel, 9.6 HR allowed",neutral batted-ball profile; pitcher fly-ball pressure modest,2.43,32.62,87.38,97.4817,0.3511,0.0858,0.2897,69.0,6.88,38.36,19.46,8.8,0.1579,6.67,31.36,86.29,0.4033,0.1519,23.51,,,loanDepot park,
187,680757,Steven Kwan,CLE,KC,2026-09-26T23:10:00Z,Scheduled,1,Michael Wacha,608379,R,34.5,Longshot,Watch List,"Projected Lineup, Premium Lineup Spot, Platoon Edge",2.8,38.0,23.2,88.7,80.0,28.2,No,No,1,Yes,Yes,RotoWire projected lineup; MLB probable pitchers,lineup projected / unconfirmed,H:2026/2025 P:2026/2025,,,Direct BvP not yet weighted; 2026/2025 Statcast baseline active,7,8,26,0,"Last 7 games: 8/26, 0 HR","platoon edge; pitcher baseline 7.1% barrel, 24.1 HR allowed",neutral batted-ball profile; pitcher fly-ball pressure modest,0.85,13.14,84.52,92.7982,0.3499,0.0734,0.3226,62.73,0.31,28.02,23.51,5.4,0.0754,7.12,35.86,87.92,0.4102,0.1647,29.09,,,Kauffman Stadium,
188,701675,Nathan Church,STL,MIL,2026-09-26T23:10:00Z,Scheduled,8,Dustin May,669160,R,34.4,Longshot,Watch List,"Projected Lineup, Platoon Edge",14.3,45.3,27.6,47.9,80.0,16.1,No,No,8,Yes,Yes,RotoWire projected lineup; MLB probable pitchers,lineup projected / unconfirmed,H:2026/2025 P:2026/2025,,,Direct BvP not yet weighted; 2026/2025 Statcast baseline active,7,5,22,0,"Last 7 games: 5/22, 0 HR","platoon edge; pitcher baseline 8.1% barrel, 15.4 HR allowed",neutral batted-ball profile; pitcher fly-ball pressure modest,4.5,33.38,86.62,97.4599,0.3343,0.1046,0.2736,69.46,7.99,34.08,22.23,7.3,0.1053,8.08,44.43,90.11,0.4125,0.1574,25.22,,,American Family Field,
189,807726,John Peck,DET,PIT,2026-09-26T17:10:00Z,Scheduled,9,Kirby Yates,489446,R,34.3,Longshot,Watch List,Projected Lineup,31.4,40.1,27.6,40.2,50.0,0.0,No,No,9,Yes,Yes,RotoWire projected lineup; MLB probable pitchers,lineup projected / unconfirmed,H:2026 P:2026/2025,,,Direct BvP not yet weighted; 2026/2025 Statcast baseline active,7,1,20,0,"Last 7 games: 1/20, 0 HR","same-side matchup; pitcher baseline 8.0% barrel, 4.8 HR allowed",neutral batted-ball profile; pitcher fly-ball pressure modest,8.9,41.3,89.3,99.3965,0.359,0.133,0.323,72.1,16.4,26.1,17.4,0.0,0.016,7.96,45.4,90.53,0.3506,0.1351,29.6,,,Comerica Park,
190,640459,Brian Navarreto,MIA,ATL,2026-09-26T20:10:00Z,Scheduled,9,Brent Suter,608718,L,34.1,Longshot,Watch List,"Projected Lineup, Strong Barrel, Platoon Edge",30.9,26.8,21.5,40.2,78.0,32.0,No,No,9,Yes,Yes,RotoWire projected lineup; MLB probable pitchers,lineup projected / unconfirmed,H:2026/2025 P:2026/2025,,,Direct BvP not yet weighted; 2026/2025 Statcast baseline active,7,2,6,0,Contact streak: 2/6 over last 7 games,"platoon edge; pitcher baseline 6.7% barrel, 9.6 HR allowed",neutral batted-ball profile; pitcher fly-ball pressure modest,11.63,36.46,88.61,98.6055,0.2797,0.1169,0.2227,72.86,22.96,54.52,24.41,1.0,0.1911,6.67,31.36,86.29,0.4033,0.1519,23.51,,,loanDepot park,
191,687957,Dustin Harris,SD,AZ,2026-09-27T00:40:00Z,Scheduled,2,,,,33.9,Longshot,Watch List,"Projected Lineup, Premium Lineup Spot",3.8,41.2,22.6,95.5,60.0,10.8,No,No,2,Yes,Yes,RotoWire projected lineup; MLB probable pitchers,lineup projected / unconfirmed,H:2026/2025 P:,,,Direct BvP not yet weighted; 2026/2025 Statcast baseline active,7,5,26,0,"Last 7 games: 5/26, 0 HR","handedness incomplete; pitcher baseline 0.0% barrel, 0.0 HR allowed",neutral batted-ball profile; pitcher fly-ball pressure modest,2.44,21.07,85.5,95.1009,0.3261,0.0848,0.2828,66.89,2.38,44.42,21.77,0.3,0.1038,,,,,,,,,Petco Park,
192,691858,Jared Serna,MIA,ATL,2026-09-26T20:10:00Z,Scheduled,7,Brent Suter,608718,L,33.6,Longshot,Watch List,"Projected Lineup, Platoon Edge",25.8,26.8,21.5,59.8,78.0,0.0,No,No,7,Yes,Yes,RotoWire projected lineup; MLB probable pitchers,lineup projected / unconfirmed,H:2026 P:2026/2025,,,Direct BvP not yet weighted; 2026/2025 Statcast baseline active,7,1,11,0,"Last 7 games: 1/11, 0 HR","platoon edge; pitcher baseline 6.7% barrel, 9.6 HR allowed",neutral batted-ball profile; pitcher fly-ball pressure modest,7.1,50.0,88.9,99.7559,0.227,0.065,0.206,71.2,9.5,35.7,7.1,0.0,0.1,6.67,31.36,86.29,0.4033,0.1519,23.51,,,loanDepot park,
193,630105,Jake Cronenworth,SD,AZ,2026-09-27T00:40:00Z,Scheduled,8,,,,33.6,Longshot,Watch List,Projected Lineup,15.5,41.2,22.6,47.9,60.0,62.4,No,No,8,Yes,Yes,RotoWire projected lineup; MLB probable pitchers,lineup projected / unconfirmed,H:2026/2025 P:,,,Direct BvP not yet weighted; 2026/2025 Statcast baseline active,7,7,24,2,Hot streak: 2 HR in last 7 games,"handedness incomplete; pitcher baseline 0.0% barrel, 0.0 HR allowed",neutral batted-ball profile; pitcher fly-ball pressure modest,4.38,32.0,87.52,97.6648,0.318,0.1021,0.2854,71.32,17.39,32.24,24.47,8.2,0.1065,,,,,,,,,Petco Park,
194,641680,Jonah Heim,ATH,HOU,2026-09-27T01:40:00Z,Scheduled,8,Hayden Wesneski,669713,R,33.6,Longshot,Watch List,"Projected Lineup, Platoon Edge",21.3,33.3,30.9,47.9,75.0,9.3,No,No,8,Yes,Yes,RotoWire projected lineup; MLB probable pitchers,lineup projected / unconfirmed,H:2026/2025 P:2026/2025,,,Direct BvP not yet weighted; 2026/2025 Statcast baseline active,7,4,22,0,"Last 7 games: 4/22, 0 HR","switch hitter; pitcher baseline 7.1% barrel, 4.9 HR allowed",neutral batted-ball profile; pitcher fly-ball pressure modest,6.03,32.89,87.47,97.6165,0.3551,0.1326,0.2816,69.84,9.45,39.72,27.06,12.4,0.1519,7.14,40.7,88.3,0.3947,0.1494,23.41,,,Sutter Health Park,
195,645277,Ozzie Albies,ATL,MIA,2026-09-26T20:10:00Z,Scheduled,8,Jack Ralston,667652,R,33.5,Longshot,Watch List,"Projected Lineup, Platoon Edge",15.4,48.7,21.5,47.9,75.0,0.0,No,No,8,Yes,Yes,RotoWire projected lineup; MLB probable pitchers,lineup projected / unconfirmed,H:2026/2025 P:2026,,,Direct BvP not yet weighted; 2026/2025 Statcast baseline active,7,3,26,0,"Last 7 games: 3/26, 0 HR","switch hitter; pitcher baseline 11.6% barrel, 4.0 HR allowed",neutral batted-ball profile; pitcher allows elevated contact,4.2,28.53,87.15,96.6708,0.3481,0.1191,0.2829,68.86,5.67,46.63,31.55,20.2,0.1474,11.6,39.5,87.3,0.411,0.204,30.2,,,loanDepot park,
196,669242,Tommy Edman,LAD,SF,2026-09-26T20:05:00Z,Scheduled,9,Matt Wilkinson,683363,L,32.6,Longshot,Watch List,"Projected Lineup, Platoon Edge",20.4,36.2,19.3,40.2,75.0,37.4,No,No,9,Yes,Yes,RotoWire projected lineup; MLB probable pitchers,lineup projected / unconfirmed,H:2026/2025 P:2026,,,Direct BvP not yet weighted; 2026/2025 Statcast baseline active,7,3,24,2,Hot streak: 2 HR in last 7 games,"switch hitter; pitcher baseline 6.5% barrel, 4.0 HR allowed",neutral batted-ball profile; pitcher allows elevated contact,5.2,34.79,87.6,98.7097,0.3634,0.1153,0.307,70.59,13.58,42.88,27.27,9.5,0.1437,6.5,42.9,89.1,0.382,0.155,32.5,,,Oracle Park,
197,805300,Jakob Marsee,MIA,ATL,2026-09-26T20:10:00Z,Scheduled,6,Brent Suter,608718,L,32.5,Longshot,Watch List,Projected Lineup,20.3,26.8,21.5,71.7,50.0,32.0,No,No,6,Yes,Yes,RotoWire projected lineup; MLB probable pitchers,lineup projected / unconfirmed,H:2026/2025 P:2026/2025,,,Direct BvP not yet weighted; 2026/2025 Statcast baseline active,7,8,24,0,Contact streak: 8/24 over last 7 games,"same-side matchup; pitcher baseline 6.7% barrel, 9.6 HR allowed",neutral batted-ball profile; pitcher fly-ball pressure modest,4.95,36.5,87.78,98.5396,0.3629,0.119,0.3225,70.29,5.3,40.81,23.19,9.2,0.144,6.67,31.36,86.29,0.4033,0.1519,23.51,,,loanDepot park,
198,691182,Adael Amador,COL,CWS,2026-09-26T23:10:00Z,Scheduled,8,Davis Martin,663436,R,32.4,Longshot,Watch List,"Projected Lineup, Platoon Edge",10.7,43.4,27.6,47.9,75.0,17.3,No,No,8,Yes,Yes,RotoWire projected lineup; MLB probable pitchers,lineup projected / unconfirmed,H:2026/2025 P:2026/2025,,,Direct BvP not yet weighted; 2026/2025 Statcast baseline active,7,4,17,0,"Last 7 games: 4/17, 0 HR","switch hitter; pitcher baseline 7.5% barrel, 15.8 HR allowed",neutral batted-ball profile; pitcher fly-ball pressure modest,6.48,24.91,84.52,96.3034,0.3123,0.1048,0.2704,69.41,9.76,51.89,23.76,3.1,0.1895,7.49,44.67,90.42,0.4279,0.158,24.32,,,Rate Field,
199,660688,Keibert Ruiz,WSH,NYM,2026-09-26T16:35:00Z,Scheduled,8,Jonah Tong,804636,R,32.0,Longshot,Watch List,"Projected Lineup, Platoon Edge",16.2,35.8,28.2,47.9,75.0,7.0,No,No,8,Yes,Yes,RotoWire projected lineup; MLB probable pitchers,lineup projected / unconfirmed,H:2026/2025 P:2026/2025,,,Direct BvP not yet weighted; 2026/2025 Statcast baseline active,7,3,18,0,"Last 7 games: 3/18, 0 HR","switch hitter; pitcher baseline 8.0% barrel, 2.3 HR allowed",neutral batted-ball profile; pitcher allows elevated contact,4.02,34.68,87.46,97.4447,0.3678,0.1129,0.2884,67.22,0.86,54.61,26.0,7.6,0.1375,8.0,38.07,89.44,0.3604,0.1379,33.24,,,Nationals Park,
200,663647,Ke'Bryan Hayes,CIN,TOR,2026-09-26T19:07:00Z,Scheduled,9,Trey Yesavage,702056,R,32.0,Longshot,Watch List,Projected Lineup,28.0,33.4,30.4,40.2,50.0,0.0,No,No,9,Yes,Yes,RotoWire projected lineup; MLB probable pitchers,lineup projected / unconfirmed,H:2026/2025 P:2026/2025,,,Direct BvP not yet weighted; 2026/2025 Statcast baseline active,7,1,12,0,"Last 7 games: 1/12, 0 HR","same-side matchup; pitcher baseline 6.8% barrel, 7.7 HR allowed",neutral batted-ball profile; pitcher fly-ball pressure modest,6.21,39.7,90.07,99.5886,0.3623,0.1257,0.2855,70.82,7.36,30.25,27.43,5.0,0.0801,6.79,42.18,90.01,0.3414,0.1268,25.74,,,Rogers Centre,
201,678391,Jorbit Vivas,WSH,NYM,2026-09-26T16:35:00Z,Scheduled,6,Jonah Tong,804636,R,31.9,Longshot,Watch List,"Projected Lineup, Platoon Edge",4.2,36.0,28.2,71.7,80.0,8.1,No,No,6,Yes,Yes,RotoWire projected lineup; MLB probable pitchers,lineup projected / unconfirmed,H:2026/2025 P:2026/2025,,,Direct BvP not yet weighted; 2026/2025 Statcast baseline active,7,4,23,0,"Last 7 games: 4/23, 0 HR","platoon edge; pitcher baseline 8.0% barrel, 2.3 HR allowed",neutral batted-ball profile; pitcher allows elevated contact,3.58,26.21,83.87,95.1153,0.3156,0.0757,0.2975,69.6,4.52,40.9,21.6,2.4,0.0862,8.0,38.07,89.44,0.3604,0.1379,33.24,,,Nationals Park,
202,664728,Kyle Isbel,KC,CLE,2026-09-26T23:10:00Z,Scheduled,9,Tanner Bibee,676440,R,31.5,Longshot,Watch List,"Projected Lineup, Platoon Edge",11.8,42.9,23.2,40.2,80.0,19.5,No,No,9,Yes,Yes,RotoWire projected lineup; MLB probable pitchers,lineup projected / unconfirmed,H:2026/2025 P:2026/2025,,,Direct BvP not yet weighted; 2026/2025 Statcast baseline active,7,4,16,0,"Last 7 games: 4/16, 0 HR","platoon edge; pitcher baseline 8.2% barrel, 28.4 HR allowed",neutral batted-ball profile; pitcher fly-ball pressure modest,2.37,33.65,88.15,98.8125,0.2963,0.0756,0.2524,71.1,12.64,33.3,19.57,5.4,0.1001,8.17,38.56,88.85,0.4074,0.1646,28.11,,,Kauffman Stadium,
203,802415,Chandler Simpson,TB,PHI,2026-09-26T23:15:00Z,Scheduled,6,,,,31.3,Longshot,Watch List,Projected Lineup,0.3,41.2,34.3,71.7,60.0,15.3,No,No,6,Yes,Yes,RotoWire projected lineup; MLB probable pitchers,lineup projected / unconfirmed,H:2026/2025 P:,,,Direct BvP not yet weighted; 2026/2025 Statcast baseline active,7,6,27,0,"Last 7 games: 6/27, 0 HR","handedness incomplete; pitcher baseline 0.0% barrel, 0.0 HR allowed",neutral batted-ball profile; pitcher fly-ball pressure modest,0.0,14.64,83.88,92.9236,0.3094,0.0382,0.2739,64.8,0.44,28.2,12.58,0.0,0.0493,,,,,,,,,Citizens Bank Park,
204,642215,Weston Wilson,SEA,LAA,2026-09-27T01:40:00Z,Scheduled,9,Ryan Johnson,696270,R,31.0,Longshot,Watch List,Projected Lineup,20.3,43.2,25.4,40.2,50.0,0.0,No,No,9,Yes,Yes,RotoWire projected lineup; MLB probable pitchers,lineup projected / unconfirmed,H:2026/2025 P:2026/2025,,,Direct BvP not yet weighted; 2026/2025 Statcast baseline active,7,0,12,0,"Last 7 games: 0/12, 0 HR","same-side matchup; pitcher baseline 9.1% barrel, 13.8 HR allowed",neutral batted-ball profile; pitcher allows elevated contact,5.89,35.61,86.39,98.126,0.3262,0.1151,0.2789,72.64,26.54,46.57,26.62,4.3,0.1269,9.13,35.79,87.19,0.4262,0.177,33.25,,,T-Mobile Park,
205,800325,Luis Lara,MIL,STL,2026-09-26T23:10:00Z,Scheduled,6,Quinn Mathews,687273,L,30.9,Longshot,Watch List,"Projected Lineup, Platoon Edge",16.3,18.0,27.6,71.7,75.0,5.1,No,No,6,Yes,Yes,RotoWire projected lineup; MLB probable pitchers,lineup projected / unconfirmed,H:2026 P:2026,,,Direct BvP not yet weighted; 2026/2025 Statcast baseline active,7,4,26,0,"Last 7 games: 4/26, 0 HR","switch hitter; pitcher baseline 3.8% barrel, 4.0 HR allowed",neutral batted-ball profile; pitcher fly-ball pressure modest,3.5,40.8,87.8,98.8034,0.334,0.075,0.295,71.4,17.0,30.3,14.8,1.0,0.082,3.8,34.8,88.8,0.347,0.1,25.8,,,American Family Field,
206,691026,Masyn Winn,STL,MIL,2026-09-26T23:10:00Z,Scheduled,9,Dustin May,669160,R,30.3,Longshot,Watch List,Projected Lineup,15.7,45.3,27.6,40.2,50.0,0.0,No,No,9,Yes,Yes,RotoWire projected lineup; MLB probable pitchers,lineup projected / unconfirmed,H:2026/2025 P:2026/2025,,,Direct BvP not yet weighted; 2026/2025 Statcast baseline active,7,2,18,0,"Last 7 games: 2/18, 0 HR","same-side matchup; pitcher baseline 8.1% barrel, 15.4 HR allowed",neutral batted-ball profile; pitcher fly-ball pressure modest,3.75,34.67,88.23,98.5872,0.3344,0.0909,0.293,71.24,15.91,32.67,22.09,6.2,0.0932,8.08,44.43,90.11,0.4125,0.1574,25.22,,,American Family Field,
207,670764,Taylor Walls,TB,PHI,2026-09-26T23:15:00Z,Scheduled,9,,,,30.3,Longshot,Watch List,"Projected Lineup, Platoon Edge",5.6,40.2,34.3,40.2,75.0,26.1,No,No,9,Yes,Yes,RotoWire projected lineup; MLB probable pitchers,lineup projected / unconfirmed,H:2026/2025 P:,,,Direct BvP not yet weighted; 2026/2025 Statcast baseline active,7,5,17,0,"Last 7 games: 5/17, 0 HR","switch hitter; pitcher baseline 0.0% barrel, 0.0 HR allowed",neutral batted-ball profile; pitcher fly-ball pressure modest,2.5,23.32,86.02,95.5671,0.2775,0.0801,0.2561,68.35,2.06,38.75,28.63,2.6,0.0815,,,,,,,,,Citizens Bank Park,
208,696285,Jacob Young,WSH,NYM,2026-09-26T16:35:00Z,Scheduled,9,Jonah Tong,804636,R,30.2,Longshot,Watch List,Projected Lineup,17.4,36.0,28.2,40.2,50.0,29.4,No,No,9,Yes,Yes,RotoWire projected lineup; MLB probable pitchers,lineup projected / unconfirmed,H:2026/2025 P:2026/2025,,,Direct BvP not yet weighted; 2026/2025 Statcast baseline active,7,6,19,0,"Last 7 games: 6/19, 0 HR","same-side matchup; pitcher baseline 8.0% barrel, 2.3 HR allowed",neutral batted-ball profile; pitcher allows elevated contact,4.63,32.31,87.74,97.915,0.3724,0.1125,0.311,69.21,2.3,34.93,24.28,7.6,0.1155,8.0,38.07,89.44,0.3604,0.1379,33.24,,,Nationals Park,
209,677587,Brayan Rocchio,CLE,KC,2026-09-26T23:10:00Z,Scheduled,9,Michael Wacha,608379,R,30.0,Longshot,Watch List,"Projected Lineup, Platoon Edge",13.5,36.4,23.2,40.2,75.0,19.5,No,No,9,Yes,Yes,RotoWire projected lineup; MLB probable pitchers,lineup projected / unconfirmed,H:2026/2025 P:2026/2025,,,Direct BvP not yet weighted; 2026/2025 Statcast baseline active,7,6,24,0,"Last 7 games: 6/24, 0 HR","switch hitter; pitcher baseline 7.1% barrel, 24.1 HR allowed",neutral batted-ball profile; pitcher fly-ball pressure modest,3.02,31.51,87.3,97.2135,0.351,0.1053,0.2936,69.86,6.52,43.57,25.23,10.6,0.121,7.12,35.86,87.92,0.4102,0.1647,29.09,,,Kauffman Stadium,
210,815589,Bo Davidson,SF,LAD,2026-09-26T20:05:00Z,Scheduled,4,Blake Snell,605483,L,29.9,Longshot,Watch List,"Projected Lineup, Premium Lineup Spot",25.1,0.6,19.3,90.4,50.0,28.2,No,No,4,Yes,Yes,RotoWire projected lineup; MLB probable pitchers,lineup projected / unconfirmed,H:2026 P:2026/2025,,,Direct BvP not yet weighted; 2026/2025 Statcast baseline active,4,4,13,0,"Last 4 games: 4/13, 0 HR","same-side matchup; pitcher baseline 2.5% barrel, 0.9 HR allowed",neutral batted-ball profile; pitcher fly-ball pressure modest,0.0,50.0,88.3,103.2926,0.461,0.092,0.392,72.2,21.1,12.5,0.0,0.0,0.0,2.51,21.33,83.54,0.2482,0.0588,21.26,,,Oracle Park,
211,813841,Jonah Cox,SF,LAD,2026-09-26T20:05:00Z,Scheduled,1,Blake Snell,605483,L,29.5,Longshot,Watch List,"Projected Lineup, Premium Lineup Spot, Platoon Edge",21.3,0.6,19.3,88.7,78.0,0.0,No,No,1,Yes,Yes,RotoWire projected lineup; MLB probable pitchers,lineup projected / unconfirmed,H:2026 P:2026/2025,,,Direct BvP not yet weighted; 2026/2025 Statcast baseline active,7,2,24,0,"Last 7 games: 2/24, 0 HR","platoon edge; pitcher baseline 2.5% barrel, 0.9 HR allowed",neutral batted-ball profile; pitcher fly-ball pressure modest,5.8,37.2,88.7,99.299,0.332,0.118,0.265,68.9,6.0,20.9,23.3,4.0,0.137,2.51,21.33,83.54,0.2482,0.0588,21.26,,,Oracle Park,
212,676391,Ernie Clement,TOR,CIN,2026-09-26T19:07:00Z,Scheduled,9,Rhett Lowder,695076,R,29.3,Longshot,Watch List,Projected Lineup,4.9,54.0,30.4,40.2,50.0,0.8,No,No,9,Yes,Yes,RotoWire projected lineup; MLB probable pitchers,lineup projected / unconfirmed,H:2026/2025 P:2026,,,Direct BvP not yet weighted; 2026/2025 Statcast baseline active,7,3,24,0,"Last 7 games: 3/24, 0 HR","same-side matchup; pitcher baseline 10.0% barrel, 18.0 HR allowed",neutral batted-ball profile; pitcher fly-ball pressure modest,2.19,22.22,84.92,94.5629,0.3317,0.0846,0.268,67.39,2.61,40.17,28.39,9.0,0.1112,10.0,39.0,90.3,0.467,0.192,27.3,,,Rogers Centre,
213,806198,Cooper Pratt,MIL,STL,2026-09-26T23:10:00Z,Scheduled,7,Quinn Mathews,687273,L,29.1,Longshot,Watch List,"Projected Lineup, Platoon Edge",11.0,18.5,27.6,59.8,78.0,29.4,No,No,7,Yes,Yes,RotoWire projected lineup; MLB probable pitchers,lineup projected / unconfirmed,H:2026 P:2026,,,Direct BvP not yet weighted; 2026/2025 Statcast baseline active,7,6,19,0,"Last 7 games: 6/19, 0 HR","platoon edge; pitcher baseline 3.8% barrel, 4.0 HR allowed",neutral batted-ball profile; pitcher fly-ball pressure modest,3.3,27.7,87.2,96.7159,0.361,0.096,0.314,69.9,8.9,32.6,21.2,3.0,0.086,3.8,34.8,88.8,0.347,0.1,25.8,,,American Family Field,
214,669326,Bryce Teodosio,LAA,SEA,2026-09-27T01:40:00Z,Scheduled,8,Kade Anderson,807739,L,28.7,Longshot,Watch List,"Projected Lineup, Platoon Edge",5.3,38.7,25.4,47.9,78.0,2.0,No,No,8,Yes,Yes,RotoWire projected lineup; MLB probable pitchers,lineup projected / unconfirmed,H:2026/2025 P:2026,,,Direct BvP not yet weighted; 2026/2025 Statcast baseline active,7,2,15,0,"Last 7 games: 2/15, 0 HR","platoon edge; pitcher baseline 8.4% barrel, 4.0 HR allowed",neutral batted-ball profile; pitcher fly-ball pressure modest,5.07,21.21,82.06,95.4362,0.2422,0.0687,0.2122,69.39,3.39,31.32,21.81,0.3,0.0541,8.4,42.1,88.1,0.405,0.148,27.4,,,T-Mobile Park,
215,673490,Ha-Seong Kim,ATL,MIA,2026-09-26T20:10:00Z,Scheduled,9,Jack Ralston,667652,R,28.6,Longshot,Watch List,Projected Lineup,10.3,49.1,21.5,40.2,50.0,0.0,No,No,9,Yes,Yes,RotoWire projected lineup; MLB probable pitchers,lineup projected / unconfirmed,H:2026/2025 P:2026,,,Direct BvP not yet weighted; 2026/2025 Statcast baseline active,7,0,20,0,"Last 7 games: 0/20, 0 HR","same-side matchup; pitcher baseline 11.6% barrel, 4.0 HR allowed",neutral batted-ball profile; pitcher allows elevated contact,3.17,29.51,86.76,96.4462,0.2468,0.0685,0.2354,71.45,15.56,41.98,27.82,1.5,0.0389,11.6,39.5,87.3,0.411,0.204,30.2,,,loanDepot park,
216,665923,Esteury Ruiz,MIA,ATL,2026-09-26T20:10:00Z,Scheduled,8,Brent Suter,608718,L,28.5,Longshot,Watch List,"Projected Lineup, Platoon Edge",14.7,26.8,21.5,47.9,78.0,5.7,No,No,8,Yes,Yes,RotoWire projected lineup; MLB probable pitchers,lineup projected / unconfirmed,H:2026/2025 P:2026/2025,,,Direct BvP not yet weighted; 2026/2025 Statcast baseline active,7,3,19,0,"Last 7 games: 3/19, 0 HR","platoon edge; pitcher baseline 6.7% barrel, 9.6 HR allowed",neutral batted-ball profile; pitcher fly-ball pressure modest,7.63,23.87,82.41,95.251,0.3048,0.1316,0.2679,70.96,16.91,40.67,25.48,4.5,0.1514,6.67,31.36,86.29,0.4033,0.1519,23.51,,,loanDepot park,
217,687401,Joey Ortiz,MIL,STL,2026-09-26T23:10:00Z,Scheduled,9,Quinn Mathews,687273,L,27.9,Longshot,Watch List,"Projected Lineup, Platoon Edge",16.9,18.5,27.6,40.2,78.0,22.4,No,No,9,Yes,Yes,RotoWire projected lineup; MLB probable pitchers,lineup projected / unconfirmed,H:2026/2025 P:2026,,,Direct BvP not yet weighted; 2026/2025 Statcast baseline active,7,7,26,0,"Last 7 games: 7/26, 0 HR","platoon edge; pitcher baseline 3.8% barrel, 4.0 HR allowed",neutral batted-ball profile; pitcher fly-ball pressure modest,3.77,35.67,87.84,99.1656,0.3389,0.0967,0.289,73.0,30.85,32.12,19.82,8.4,0.1192,3.8,34.8,88.8,0.347,0.1,25.8,,,American Family Field,
218,668800,Andrew Knizner,SF,LAD,2026-09-26T20:05:00Z,Scheduled,5,Blake Snell,605483,L,27.2,Longshot,Watch List,"Projected Lineup, Platoon Edge",14.0,0.6,19.3,81.9,78.0,21.5,No,No,5,Yes,Yes,RotoWire projected lineup; MLB probable pitchers,lineup projected / unconfirmed,H:2026/2025 P:2026/2025,,,Direct BvP not yet weighted; 2026/2025 Statcast baseline active,7,5,19,0,"Last 7 games: 5/19, 0 HR","platoon edge; pitcher baseline 2.5% barrel, 0.9 HR allowed",neutral batted-ball profile; pitcher fly-ball pressure modest,4.27,31.11,86.02,97.6288,0.3398,0.1134,0.2871,69.76,7.05,32.85,26.07,1.7,0.1263,2.51,21.33,83.54,0.2482,0.0588,21.26,,,Oracle Park,
219,669392,Samad Taylor,SD,AZ,2026-09-27T00:40:00Z,Scheduled,9,,,,27.1,Longshot,Watch List,Projected Lineup,1.6,41.2,22.6,40.2,60.0,45.3,No,No,9,Yes,Yes,RotoWire projected lineup; MLB probable pitchers,lineup projected / unconfirmed,H:2026/2025 P:,,,Direct BvP not yet weighted; 2026/2025 Statcast baseline active,7,6,20,1,"Last 7 games: 6/20, 1 HR","handedness incomplete; pitcher baseline 0.0% barrel, 0.0 HR allowed",neutral batted-ball profile; pitcher fly-ball pressure modest,2.66,19.78,82.35,93.8594,0.2986,0.0654,0.2719,68.81,3.78,30.81,16.42,1.4,0.0679,,,,,,,,,Petco Park,
220,675961,Alika Williams,ATH,HOU,2026-09-27T01:40:00Z,Scheduled,9,Hayden Wesneski,669713,R,27.0,Longshot,Watch List,Projected Lineup,6.7,33.8,30.9,40.2,50.0,37.3,No,No,9,Yes,Yes,RotoWire projected lineup; MLB probable pitchers,lineup projected / unconfirmed,H:2026 P:2026/2025,,,Direct BvP not yet weighted; 2026/2025 Statcast baseline active,7,7,19,0,Contact streak: 7/19 over last 7 games,"same-side matchup; pitcher baseline 7.1% barrel, 4.9 HR allowed",neutral batted-ball profile; pitcher fly-ball pressure modest,1.2,32.7,84.7,97.0521,0.299,0.082,0.248,69.1,3.1,43.8,23.1,4.0,0.158,7.14,40.7,88.3,0.3947,0.1494,23.41,,,Sutter Health Park,
221,694376,Shay Whitcomb,SF,LAD,2026-09-26T20:05:00Z,Scheduled,7,Blake Snell,605483,L,26.7,Longshot,Watch List,"Projected Lineup, Platoon Edge",24.1,0.6,19.3,59.8,78.0,5.7,No,No,7,Yes,Yes,RotoWire projected lineup; MLB probable pitchers,lineup projected / unconfirmed,H:2026/2025 P:2026/2025,,,Direct BvP not yet weighted; 2026/2025 Statcast baseline active,7,3,19,0,"Last 7 games: 3/19, 0 HR","platoon edge; pitcher baseline 2.5% barrel, 0.9 HR allowed",neutral batted-ball profile; pitcher fly-ball pressure modest,9.33,28.49,85.83,97.5219,0.3475,0.1499,0.2428,71.52,17.36,44.4,26.74,3.1,0.1234,2.51,21.33,83.54,0.2482,0.0588,21.26,,,Oracle Park,
222,806367,Turner Hill,SF,LAD,2026-09-26T20:05:00Z,Scheduled,2,Blake Snell,605483,L,26.4,Longshot,Watch List,"Projected Lineup, Premium Lineup Spot",12.9,0.6,19.3,95.5,50.0,25.3,No,No,2,Yes,Yes,RotoWire projected lineup; MLB probable pitchers,lineup projected / unconfirmed,H:2026 P:2026/2025,,,Direct BvP not yet weighted; 2026/2025 Statcast baseline active,7,4,24,1,"Last 7 games: 4/24, 1 HR","same-side matchup; pitcher baseline 2.5% barrel, 0.9 HR allowed",neutral batted-ball profile; pitcher fly-ball pressure modest,3.6,31.0,87.5,96.2319,0.358,0.109,0.317,65.5,0.6,45.2,26.2,1.0,0.09,2.51,21.33,83.54,0.2482,0.0588,21.26,,,Oracle Park,
223,678545,Osleivis Basabe,SF,LAD,2026-09-26T20:05:00Z,Scheduled,8,Blake Snell,605483,L,25.8,Longshot,Watch List,"Projected Lineup, Platoon Edge",24.3,0.6,19.3,47.9,78.0,19.5,No,No,8,Yes,Yes,RotoWire projected lineup; MLB probable pitchers,lineup projected / unconfirmed,H:2026 P:2026/2025,,,Direct BvP not yet weighted; 2026/2025 Statcast baseline active,7,3,12,0,"Last 7 games: 3/12, 0 HR","platoon edge; pitcher baseline 2.5% barrel, 0.9 HR allowed",neutral batted-ball profile; pitcher fly-ball pressure modest,6.9,34.3,87.6,97.919,0.345,0.114,0.285,73.7,36.5,40.2,29.4,5.0,0.141,2.51,21.33,83.54,0.2482,0.0588,21.26,,,Oracle Park,
224,695391,Brett Harris,SF,LAD,2026-09-26T20:05:00Z,Scheduled,6,Blake Snell,605483,L,24.0,Longshot,Watch List,"Projected Lineup, Platoon Edge",10.5,0.6,19.3,71.7,78.0,9.3,No,No,6,Yes,Yes,RotoWire projected lineup; MLB probable pitchers,lineup projected / unconfirmed,H:2026/2025 P:2026/2025,,,Direct BvP not yet weighted; 2026/2025 Statcast baseline active,7,4,22,0,"Last 7 games: 4/22, 0 HR","platoon edge; pitcher baseline 2.5% barrel, 0.9 HR allowed",neutral batted-ball profile; pitcher fly-ball pressure modest,4.26,30.6,86.17,97.0195,0.2471,0.0682,0.2574,70.72,10.24,29.42,24.23,0.0,0.061,2.51,21.33,83.54,0.2482,0.0588,21.26,,,Oracle Park,
225,683766,Christian Koss,SF,LAD,2026-09-26T20:05:00Z,Scheduled,9,Blake Snell,605483,L,18.8,Longshot,Watch List,"Projected Lineup, Platoon Edge",9.3,0.6,19.3,40.2,78.0,0.0,No,No,9,Yes,Yes,RotoWire projected lineup; MLB probable pitchers,lineup projected / unconfirmed,H:2026/2025 P:2026/2025,,,Direct BvP not yet weighted; 2026/2025 Statcast baseline active,7,2,20,0,"Last 7 games: 2/20, 0 HR","platoon edge; pitcher baseline 2.5% barrel, 0.9 HR allowed",neutral batted-ball profile; pitcher fly-ball pressure modest,4.67,29.12,85.01,97.1908,0.3243,0.0949,0.2655,69.51,6.07,38.23,18.91,3.7,0.0963,2.51,21.33,83.54,0.2482,0.0588,21.26,,,Oracle Park,
