rank,hitter_id,player,team,opponent,game_start_time,game_status,batting_order,pitcher,pitcher_id,pitcher_hand,hr_score,tier,play_type,reason_tags,power_score,pitcher_score,environment_score,lineup_score,platoon_score,recent_form_score,confirmed_lineup,rotowire_confirmed_lineup,rotowire_batting_order,rotowire_player_found,lineup_disagreement,lineup_sources_used,source_warnings,stat_years_used,bvp_pa,bvp_hr,bvp_note,recent_games,recent_hits,recent_abs,recent_hr,recent_form_note,split_matchup_note,pitch_mix_note,barrel_pct,hard_hit_pct,avg_exit_velocity,ev50,xslg,xiso,xwoba,bat_speed,fast_swing_pct,pull_pct,fb_pct,hr_total,iso,pitcher_barrel_pct_allowed,pitcher_hard_hit_pct_allowed,pitcher_avg_exit_velocity_allowed,pitcher_xslg_allowed,pitcher_xiso_allowed,pitcher_fb_pct_allowed,wind_direction,weather_temp,ballpark,odds
1,592450,Aaron Judge,NYY,MIN,2026-09-15T23:40:00Z,Scheduled,3,Bailey Ober,641927,R,65.3,Tier 3,Watch List,"Projected Lineup, Elite Power, Strong Barrel, Premium Lineup Spot",89.3,53.6,27.1,92.1,50.0,30.3,No,No,3,Yes,Yes,RotoWire projected lineup; MLB probable pitchers,lineup projected / unconfirmed,H:2026/2025 P:2026/2025,,,Direct BvP not yet weighted; 2026/2025 Statcast baseline active,7,5,25,1,"Last 7 games: 5/25, 1 HR","same-side matchup; pitcher baseline 10.1% barrel, 21.6 HR allowed",lift-pull EV profile; pitcher allows elevated contact,21.79,57.78,94.49,105.6167,0.6163,0.3411,0.4198,76.34,66.37,40.99,34.27,27.8,0.2919,10.13,37.07,88.9,0.455,0.2056,32.53,,,Target Field,
2,800543,Josue De Paula,LAD,CIN,2026-09-15T22:40:00Z,Scheduled,8,Rhett Lowder,695076,R,64.0,Tier 3,Watch List,"Projected Lineup, Elite Power, Strong Barrel, Platoon Edge",90.2,53.3,39.3,47.9,80.0,33.7,No,No,8,Yes,Yes,RotoWire projected lineup; MLB probable pitchers,lineup projected / unconfirmed,H:2026 P:2026,,,Direct BvP not yet weighted; 2026/2025 Statcast baseline active,4,2,9,1,"Last 4 games: 2/9, 1 HR","platoon edge; pitcher baseline 9.9% barrel, 17.0 HR allowed",lift-pull EV profile; pitcher fly-ball pressure modest,28.6,57.1,93.5,101.4465,0.78,0.477,0.542,74.7,42.9,57.1,42.9,1.0,0.571,9.9,39.0,90.1,0.464,0.192,28.1,,,Great American Ball Park,
3,624413,Pete Alonso,BAL,NYM,2026-09-15T23:10:00Z,Scheduled,2,Sean Manaea,640455,L,63.9,Tier 3,Watch List,"Projected Lineup, Strong Barrel, Premium Lineup Spot, Platoon Edge",71.9,54.2,24.8,95.5,78.0,60.7,No,No,2,Yes,Yes,RotoWire projected lineup; MLB probable pitchers,lineup projected / unconfirmed,H:2026/2025 P:2026/2025,,,Direct BvP not yet weighted; 2026/2025 Statcast baseline active,7,7,25,2,Hot streak: 2 HR in last 7 games,"platoon edge; pitcher baseline 10.4% barrel, 18.6 HR allowed",EV profile; pitcher fly-ball pressure modest,15.4,55.59,93.78,104.1814,0.551,0.2703,0.3923,74.78,48.37,36.71,30.32,35.9,0.2366,10.37,41.76,89.38,0.4444,0.1897,28.61,,,Citi Field,
4,665487,Fernando Tatis,SD,COL,2026-09-16T00:40:00Z,Scheduled,1,Kyle Freeland,607536,L,62.2,Tier 3,Watch List,"Projected Lineup, Strong Barrel, Premium Lineup Spot, Platoon Edge, Hot Hitter/Streak",57.0,58.6,38.7,88.7,78.0,81.7,No,No,1,Yes,Yes,RotoWire projected lineup; MLB probable pitchers,lineup projected / unconfirmed,H:2026/2025 P:2026/2025,,,Direct BvP not yet weighted; 2026/2025 Statcast baseline active,7,13,28,2,Hot streak: 2 HR in last 7 games,"platoon edge; pitcher baseline 10.2% barrel, 23.4 HR allowed",EV profile; pitcher fly-ball pressure modest,12.05,53.48,93.09,104.5195,0.4887,0.1995,0.3742,75.65,58.26,34.94,21.73,22.2,0.1724,10.24,43.87,90.47,0.4751,0.1931,28.24,,,Coors Field,
5,700250,Ben Rice,NYY,MIN,2026-09-15T23:40:00Z,Scheduled,1,Bailey Ober,641927,R,60.7,Tier 3,Watch List,"Projected Lineup, Strong Barrel, Premium Lineup Spot, Platoon Edge",63.8,53.6,27.1,88.7,80.0,62.4,No,No,1,Yes,Yes,RotoWire projected lineup; MLB probable pitchers,lineup projected / unconfirmed,H:2026/2025 P:2026/2025,,,Direct BvP not yet weighted; 2026/2025 Statcast baseline active,7,7,24,2,Hot streak: 2 HR in last 7 games,"platoon edge; pitcher baseline 10.1% barrel, 21.6 HR allowed",lift-pull EV profile; pitcher allows elevated contact,14.7,50.57,92.39,102.4523,0.5215,0.252,0.3798,72.91,27.73,44.82,30.88,34.4,0.2608,10.13,37.07,88.9,0.455,0.2056,32.53,,,Target Field,
6,670541,Yordan Alvarez,HOU,KC,2026-09-16T00:10:00Z,Scheduled,2,Michael Wacha,608379,R,60.6,Tier 3,Watch List,"Projected Lineup, Elite Power, Strong Barrel, Premium Lineup Spot, Platoon Edge",77.6,36.6,27.6,95.5,80.0,29.2,No,No,2,Yes,Yes,RotoWire projected lineup; MLB probable pitchers,lineup projected / unconfirmed,H:2026/2025 P:2026/2025,,,Direct BvP not yet weighted; 2026/2025 Statcast baseline active,7,5,26,1,"Last 7 games: 5/26, 1 HR","platoon edge; pitcher baseline 6.9% barrel, 21.3 HR allowed",lift-pull EV profile; pitcher fly-ball pressure modest,15.34,52.9,94.35,104.8168,0.6127,0.3042,0.428,76.17,62.08,40.88,35.96,28.4,0.2431,6.91,35.51,87.85,0.406,0.1605,28.81,,,Daikin Park,
7,665742,Juan Soto,NYM,BAL,2026-09-15T23:10:00Z,Scheduled,2,Shane Baz,669358,R,60.2,Tier 3,Watch List,"Projected Lineup, Strong Barrel, Premium Lineup Spot, Platoon Edge",70.4,40.8,24.8,95.5,80.0,57.4,No,No,2,Yes,Yes,RotoWire projected lineup; MLB probable pitchers,lineup projected / unconfirmed,H:2026/2025 P:2026/2025,,,Direct BvP not yet weighted; 2026/2025 Statcast baseline active,7,8,31,2,Hot streak: 2 HR in last 7 games,"platoon edge; pitcher baseline 7.5% barrel, 17.6 HR allowed",lift-pull EV profile; pitcher fly-ball pressure modest,15.33,50.05,92.89,103.0188,0.5856,0.2951,0.4178,72.76,32.47,39.88,32.12,30.4,0.2571,7.54,40.94,89.77,0.3923,0.1483,25.85,,,Citi Field,
8,621566,Matt Olson,ATL,CHC,2026-09-15T23:40:00Z,Scheduled,3,Kevin Gausman,592332,R,59.2,Longshot,Watch List,"Projected Lineup, Strong Barrel, Premium Lineup Spot, Platoon Edge",66.4,41.9,29.8,92.1,80.0,53.3,No,No,3,Yes,Yes,RotoWire projected lineup; MLB probable pitchers,lineup projected / unconfirmed,H:2026/2025 P:2026/2025,,,Direct BvP not yet weighted; 2026/2025 Statcast baseline active,7,6,26,2,Hot streak: 2 HR in last 7 games,"platoon edge; pitcher baseline 7.7% barrel, 23.1 HR allowed",lift-pull EV profile; pitcher fly-ball pressure modest,14.61,52.25,92.95,103.7159,0.5039,0.2559,0.3565,74.6,47.75,38.14,33.34,36.0,0.2442,7.73,39.93,88.95,0.4077,0.1613,26.16,,,Wrigley Field,
9,682987,Spencer Jones,NYY,MIN,2026-09-15T23:40:00Z,Scheduled,5,Bailey Ober,641927,R,59.1,Longshot,Watch List,"Projected Lineup, Strong Barrel, Platoon Edge",65.6,53.6,27.1,81.9,80.0,38.3,No,No,5,Yes,Yes,RotoWire projected lineup; MLB probable pitchers,lineup projected / unconfirmed,H:2026 P:2026/2025,,,Direct BvP not yet weighted; 2026/2025 Statcast baseline active,7,9,24,0,Contact streak: 9/24 over last 7 games,"platoon edge; pitcher baseline 10.1% barrel, 21.6 HR allowed",EV profile; pitcher allows elevated contact,15.0,55.3,94.2,104.4587,0.442,0.197,0.331,77.2,72.5,34.6,35.3,9.0,0.187,10.13,37.07,88.9,0.455,0.2056,32.53,,,Target Field,
10,701538,Jackson Merrill,SD,COL,2026-09-16T00:40:00Z,Scheduled,5,Kyle Freeland,607536,L,58.9,Longshot,Watch List,"Projected Lineup, Strong Barrel, Hot Hitter/Streak",54.9,58.6,38.7,81.9,50.0,100.0,No,No,5,Yes,Yes,RotoWire projected lineup; MLB probable pitchers,lineup projected / unconfirmed,H:2026/2025 P:2026/2025,,,Direct BvP not yet weighted; 2026/2025 Statcast baseline active,7,15,30,3,Hot streak: 3 HR in last 7 games,"same-side matchup; pitcher baseline 10.2% barrel, 23.4 HR allowed",neutral batted-ball profile; pitcher fly-ball pressure modest,12.93,46.82,90.89,101.1037,0.4914,0.2256,0.347,72.95,27.89,37.0,30.55,22.3,0.1916,10.24,43.87,90.47,0.4751,0.1931,28.24,,,Coors Field,
11,592518,Manny Machado,SD,COL,2026-09-16T00:40:00Z,Scheduled,3,Kyle Freeland,607536,L,58.6,Longshot,Watch List,"Projected Lineup, Strong Barrel, Premium Lineup Spot, Platoon Edge",49.5,58.6,38.7,92.1,78.0,50.8,No,No,3,Yes,Yes,RotoWire projected lineup; MLB probable pitchers,lineup projected / unconfirmed,H:2026/2025 P:2026/2025,,,Direct BvP not yet weighted; 2026/2025 Statcast baseline active,7,6,28,2,Hot streak: 2 HR in last 7 games,"platoon edge; pitcher baseline 10.2% barrel, 23.4 HR allowed",neutral batted-ball profile; pitcher fly-ball pressure modest,10.94,46.81,91.22,101.9261,0.4509,0.1946,0.3421,74.64,44.79,39.17,28.36,27.0,0.1899,10.24,43.87,90.47,0.4751,0.1931,28.24,,,Coors Field,
12,641343,Jake Bauers,MIL,PIT,2026-09-15T22:40:00Z,Scheduled,3,Lake Bachar,669199,R,58.2,Longshot,Watch List,"Projected Lineup, Strong Barrel, Premium Lineup Spot, Platoon Edge, Hot Hitter/Streak",60.9,43.3,24.3,92.1,80.0,78.7,No,No,3,Yes,Yes,RotoWire projected lineup; MLB probable pitchers,lineup projected / unconfirmed,H:2026/2025 P:2026/2025,,,Direct BvP not yet weighted; 2026/2025 Statcast baseline active,7,5,18,3,Hot streak: 3 HR in last 7 games,"platoon edge; pitcher baseline 9.1% barrel, 12.1 HR allowed",lift-pull EV profile; pitcher allows elevated contact,13.84,50.71,92.19,103.0597,0.4752,0.223,0.3722,76.5,69.58,40.55,30.61,20.3,0.2095,9.09,36.6,89.32,0.3794,0.1731,32.06,,,PNC Park,
13,682985,Riley Greene,DET,TOR,2026-09-15T23:07:00Z,Scheduled,4,Braydon Fisher,680755,R,57.8,Longshot,Watch List,"Projected Lineup, Strong Barrel, Premium Lineup Spot, Platoon Edge, Hot Hitter/Streak",62.4,36.1,30.4,90.4,80.0,81.7,No,No,4,Yes,Yes,RotoWire projected lineup; MLB probable pitchers,lineup projected / unconfirmed,H:2026/2025 P:2026/2025,,,Direct BvP not yet weighted; 2026/2025 Statcast baseline active,7,12,28,2,Hot streak: 2 HR in last 7 games,"platoon edge; pitcher baseline 9.2% barrel, 6.8 HR allowed",neutral batted-ball profile; pitcher fly-ball pressure modest,15.84,47.04,90.25,102.61,0.5015,0.2452,0.36,75.6,57.73,38.77,33.94,24.8,0.2112,9.21,37.87,87.82,0.3566,0.1398,27.99,,,Rogers Centre,
14,808959,Munetaka Murakami,CWS,CLE,2026-09-15T22:40:00Z,Scheduled,2,Foster Griffin,656492,L,57.5,Longshot,Watch List,"Projected Lineup, Strong Barrel, Premium Lineup Spot",74.5,41.6,27.6,95.5,50.0,18.3,No,No,2,Yes,Yes,RotoWire projected lineup; MLB probable pitchers,lineup projected / unconfirmed,H:2026 P:2026,,,Direct BvP not yet weighted; 2026/2025 Statcast baseline active,7,2,22,1,"Last 7 games: 2/22, 1 HR","same-side matchup; pitcher baseline 8.7% barrel, 23.0 HR allowed",lift-pull EV profile; pitcher fly-ball pressure modest,18.7,56.6,93.8,104.2922,0.451,0.25,0.342,74.8,50.4,46.0,38.3,31.0,0.262,8.7,37.2,88.0,0.417,0.157,25.6,,,Progressive Field,
15,703155,Lazaro Montes,SEA,LAA,2026-09-16T01:38:00Z,Scheduled,8,Ryan Johnson,696270,R,57.4,Longshot,Watch List,"Projected Lineup, Elite Power, Strong Barrel, Platoon Edge",77.1,46.1,28.2,47.9,80.0,56.2,No,No,8,Yes,Yes,RotoWire projected lineup; MLB probable pitchers,lineup projected / unconfirmed,H:2026 P:2026/2025,,,Direct BvP not yet weighted; 2026/2025 Statcast baseline active,7,3,12,2,Hot streak: 2 HR in last 7 games,"platoon edge; pitcher baseline 9.4% barrel, 13.8 HR allowed",fly-ball profile; pitcher allows elevated contact,23.1,38.5,90.1,101.9815,0.573,0.356,0.353,75.8,63.0,30.8,46.2,3.0,0.384,9.41,36.49,87.75,0.4353,0.1833,33.88,,,Angel Stadium,
16,691723,Coby Mayo,BAL,NYM,2026-09-15T23:10:00Z,Scheduled,3,Sean Manaea,640455,L,57.3,Longshot,Watch List,"Projected Lineup, Strong Barrel, Premium Lineup Spot, Platoon Edge, Hot Hitter/Streak",51.3,54.2,24.8,92.1,78.0,74.5,No,No,3,Yes,Yes,RotoWire projected lineup; MLB probable pitchers,lineup projected / unconfirmed,H:2026/2025 P:2026/2025,,,Direct BvP not yet weighted; 2026/2025 Statcast baseline active,7,7,28,4,Hot streak: 4 HR in last 7 games,"platoon edge; pitcher baseline 10.4% barrel, 18.6 HR allowed",neutral batted-ball profile; pitcher fly-ball pressure modest,12.2,44.54,90.17,102.5634,0.4323,0.2111,0.315,75.47,55.93,48.5,33.83,19.4,0.2193,10.37,41.76,89.38,0.4444,0.1897,28.61,,,Citi Field,
17,656941,Kyle Schwarber,PHI,WSH,2026-09-15T22:45:00Z,Scheduled,1,Jackson Kent,800600,L,57.2,Longshot,Watch List,"Projected Lineup, Elite Power, Strong Barrel, Premium Lineup Spot",75.3,36.5,28.2,88.7,50.0,48.7,No,No,1,Yes,Yes,RotoWire projected lineup; MLB probable pitchers,lineup projected / unconfirmed,H:2026/2025 P:2026,,,Direct BvP not yet weighted; 2026/2025 Statcast baseline active,7,6,30,2,Hot streak: 2 HR in last 7 games,"same-side matchup; pitcher baseline 8.1% barrel, 1.0 HR allowed",lift-pull EV profile; pitcher fly-ball pressure modest,17.93,52.6,92.97,104.2064,0.5243,0.2819,0.3758,77.16,75.35,54.63,32.9,47.6,0.2929,8.1,41.9,88.2,0.419,0.154,20.9,,,Nationals Park,
18,671277,Luis Garcia,NYY,MIN,2026-09-15T23:40:00Z,Scheduled,4,Bailey Ober,641927,R,57.2,Longshot,Watch List,"Projected Lineup, Strong Barrel, Premium Lineup Spot, Platoon Edge",51.4,53.6,27.1,90.4,80.0,68.7,No,No,4,Yes,Yes,RotoWire projected lineup; MLB probable pitchers,lineup projected / unconfirmed,H:2026/2025 P:2026/2025,,,Direct BvP not yet weighted; 2026/2025 Statcast baseline active,7,9,27,2,Hot streak: 2 HR in last 7 games,"platoon edge; pitcher baseline 10.1% barrel, 21.6 HR allowed",neutral batted-ball profile; pitcher allows elevated contact,11.59,46.71,91.25,101.9759,0.4959,0.2114,0.3488,73.73,39.76,42.06,23.03,25.8,0.2314,10.13,37.07,88.9,0.455,0.2056,32.53,,,Target Field,
19,682829,Elly De La Cruz,CIN,LAD,2026-09-15T22:40:00Z,Scheduled,2,Yoshinobu Yamamoto,808967,R,56.8,Longshot,Watch List,"Projected Lineup, Strong Barrel, Premium Lineup Spot, Platoon Edge, Hot Hitter/Streak",60.4,26.3,39.3,95.5,75.0,90.6,No,No,2,Yes,Yes,RotoWire projected lineup; MLB probable pitchers,lineup projected / unconfirmed,H:2026/2025 P:2026/2025,,,Direct BvP not yet weighted; 2026/2025 Statcast baseline active,7,10,28,4,Hot streak: 4 HR in last 7 games,"switch hitter; pitcher baseline 6.5% barrel, 17.5 HR allowed",EV profile; pitcher fly-ball pressure modest,14.43,50.71,93.52,104.559,0.4772,0.2045,0.3577,75.52,55.1,34.89,24.68,24.8,0.211,6.47,37.6,88.09,0.3306,0.1207,22.94,,,Great American Ball Park,
20,695578,James Wood,WSH,PHI,2026-09-15T22:45:00Z,Scheduled,1,Cristopher Sánchez,650911,L,56.2,Longshot,Watch List,"Projected Lineup, Elite Power, Strong Barrel, Premium Lineup Spot",79.6,31.4,28.2,88.7,50.0,25.8,No,No,1,Yes,Yes,RotoWire projected lineup; MLB probable pitchers,lineup projected / unconfirmed,H:2026/2025 P:2026/2025,,,Direct BvP not yet weighted; 2026/2025 Statcast baseline active,7,7,24,0,"Last 7 games: 7/24, 0 HR","same-side matchup; pitcher baseline 6.7% barrel, 14.8 HR allowed",EV profile; pitcher fly-ball pressure modest,18.99,57.56,94.86,106.3082,0.5455,0.2764,0.3974,76.63,66.71,32.36,24.52,30.3,0.2442,6.68,40.64,89.07,0.3541,0.1214,16.13,,,Nationals Park,
21,686527,Dominic Canzone,SEA,LAA,2026-09-16T01:38:00Z,Scheduled,3,Ryan Johnson,696270,R,55.7,Longshot,Watch List,"Projected Lineup, Strong Barrel, Premium Lineup Spot, Platoon Edge",55.0,46.1,28.2,92.1,80.0,43.9,No,No,3,Yes,Yes,RotoWire projected lineup; MLB probable pitchers,lineup projected / unconfirmed,H:2026/2025 P:2026/2025,,,Direct BvP not yet weighted; 2026/2025 Statcast baseline active,7,9,31,1,"Last 7 games: 9/31, 1 HR","platoon edge; pitcher baseline 9.4% barrel, 13.8 HR allowed",neutral batted-ball profile; pitcher allows elevated contact,12.82,46.27,91.53,102.5427,0.498,0.2234,0.3592,73.94,41.29,39.97,26.16,18.7,0.2111,9.41,36.49,87.75,0.4353,0.1833,33.88,,,Angel Stadium,
22,545361,Mike Trout,LAA,SEA,2026-09-16T01:38:00Z,Scheduled,2,Logan Gilbert,669302,R,55.4,Longshot,Watch List,"Projected Lineup, Strong Barrel, Premium Lineup Spot",59.6,48.7,28.2,95.5,50.0,39.5,No,No,2,Yes,Yes,RotoWire projected lineup; MLB probable pitchers,lineup projected / unconfirmed,H:2026/2025 P:2026/2025,,,Direct BvP not yet weighted; 2026/2025 Statcast baseline active,7,6,23,1,"Last 7 games: 6/23, 1 HR","same-side matchup; pitcher baseline 9.7% barrel, 24.9 HR allowed",neutral batted-ball profile; pitcher fly-ball pressure modest,15.66,46.5,90.27,102.8751,0.4831,0.2355,0.3713,74.56,46.93,35.67,31.49,22.5,0.1923,9.72,41.49,90.03,0.3831,0.161,28.47,,,Angel Stadium,
23,805811,Bryce Eldridge,SF,STL,2026-09-15T23:45:00Z,Scheduled,2,Andre Pallante,669467,R,55.3,Longshot,Watch List,"Projected Lineup, Strong Barrel, Premium Lineup Spot, Platoon Edge",68.6,25.3,22.1,95.5,80.0,53.9,No,No,2,Yes,Yes,RotoWire projected lineup; MLB probable pitchers,lineup projected / unconfirmed,H:2026/2025 P:2026/2025,,,Direct BvP not yet weighted; 2026/2025 Statcast baseline active,7,10,28,1,Contact streak: 10/28 over last 7 games,"platoon edge; pitcher baseline 5.4% barrel, 13.3 HR allowed",EV profile; pitcher fly-ball pressure modest,15.55,57.39,93.57,103.3036,0.4757,0.2421,0.3573,72.86,28.01,37.36,36.56,11.2,0.1518,5.41,35.84,87.8,0.381,0.1279,17.4,,,Busch Stadium,
24,663728,Cal Raleigh,SEA,LAA,2026-09-16T01:38:00Z,Scheduled,4,Ryan Johnson,696270,R,55.1,Longshot,Watch List,"Projected Lineup, Strong Barrel, Premium Lineup Spot, Platoon Edge",59.7,44.6,28.2,90.4,75.0,21.8,No,No,4,Yes,Yes,RotoWire projected lineup; MLB probable pitchers,lineup projected / unconfirmed,H:2026/2025 P:2026/2025,,,Direct BvP not yet weighted; 2026/2025 Statcast baseline active,7,4,28,1,"Last 7 games: 4/28, 1 HR","switch hitter; pitcher baseline 9.4% barrel, 13.8 HR allowed",fly-ball profile; pitcher allows elevated contact,15.86,42.18,90.32,101.1558,0.4406,0.239,0.3297,75.06,52.32,53.31,42.64,32.7,0.2321,9.41,36.49,87.75,0.4353,0.1833,33.88,,,Angel Stadium,
25,545341,Randal Grichuk,CWS,CLE,2026-09-15T22:40:00Z,Scheduled,4,Foster Griffin,656492,L,55.0,Longshot,Watch List,"Projected Lineup, Strong Barrel, Premium Lineup Spot, Platoon Edge, Hot Hitter/Streak",52.0,41.6,27.6,90.4,78.0,81.7,No,No,4,Yes,Yes,RotoWire projected lineup; MLB probable pitchers,lineup projected / unconfirmed,H:2026/2025 P:2026,,,Direct BvP not yet weighted; 2026/2025 Statcast baseline active,7,10,19,2,Hot streak: 2 HR in last 7 games,"platoon edge; pitcher baseline 8.7% barrel, 23.0 HR allowed",neutral batted-ball profile; pitcher fly-ball pressure modest,11.35,49.22,91.84,103.1218,0.4633,0.1914,0.3302,74.25,44.92,45.24,29.41,11.8,0.2493,8.7,37.2,88.0,0.417,0.157,25.6,,,Progressive Field,
26,686948,Drake Baldwin,ATL,CHC,2026-09-15T23:40:00Z,Scheduled,1,Kevin Gausman,592332,R,54.8,Longshot,Watch List,"Projected Lineup, Strong Barrel, Premium Lineup Spot, Platoon Edge",55.2,41.9,29.8,88.7,80.0,48.5,No,No,1,Yes,Yes,RotoWire projected lineup; MLB probable pitchers,lineup projected / unconfirmed,H:2026/2025 P:2026/2025,,,Direct BvP not yet weighted; 2026/2025 Statcast baseline active,7,9,28,1,Contact streak: 9/28 over last 7 games,"platoon edge; pitcher baseline 7.7% barrel, 23.1 HR allowed",neutral batted-ball profile; pitcher fly-ball pressure modest,12.12,50.09,91.56,102.1578,0.4856,0.2122,0.3593,75.3,56.65,32.22,25.81,21.8,0.1796,7.73,39.93,88.95,0.4077,0.1613,26.16,,,Wrigley Field,
27,691406,Junior Caminero,TB,ATH,2026-09-15T22:40:00Z,Scheduled,3,Jack Perkins,678022,R,54.3,Longshot,Watch List,"Projected Lineup, Strong Barrel, Premium Lineup Spot",61.8,40.3,27.6,92.1,50.0,54.7,No,No,3,Yes,Yes,RotoWire projected lineup; MLB probable pitchers,lineup projected / unconfirmed,H:2026/2025 P:2026/2025,,,Direct BvP not yet weighted; 2026/2025 Statcast baseline active,7,6,25,2,Hot streak: 2 HR in last 7 games,"same-side matchup; pitcher baseline 9.0% barrel, 15.2 HR allowed",EV profile; pitcher allows elevated contact,13.3,50.28,92.68,105.0825,0.4961,0.2292,0.3572,79.27,83.92,45.31,23.42,41.5,0.2584,9.04,36.79,87.87,0.3741,0.1482,33.61,,,Tropicana Field,
28,608369,Corey Seager,TEX,BOS,2026-09-16T00:05:00Z,Scheduled,2,Patrick Sandoval,663776,L,54.3,Longshot,Watch List,"Projected Lineup, Strong Barrel, Premium Lineup Spot, Hot Hitter/Streak",62.6,32.3,27.6,95.5,50.0,77.0,No,No,2,Yes,Yes,RotoWire projected lineup; MLB probable pitchers,lineup projected / unconfirmed,H:2026/2025 P:2026,,,Direct BvP not yet weighted; 2026/2025 Statcast baseline active,7,8,30,4,Hot streak: 4 HR in last 7 games,"same-side matchup; pitcher baseline 6.5% barrel, 6.0 HR allowed",lift-pull EV profile; pitcher fly-ball pressure modest,15.02,50.1,92.13,102.5632,0.5095,0.249,0.3671,71.8,15.16,40.92,30.92,18.9,0.209,6.5,35.7,87.6,0.441,0.161,24.4,,,Globe Life Field,
29,669127,Shea Langeliers,ATH,TB,2026-09-15T22:40:00Z,Scheduled,4,Griffin Jax,643377,R,54.1,Longshot,Watch List,"Projected Lineup, Strong Barrel, Premium Lineup Spot",58.2,44.6,27.6,90.4,50.0,59.0,No,No,4,Yes,Yes,RotoWire projected lineup; MLB probable pitchers,lineup projected / unconfirmed,H:2026/2025 P:2026/2025,,,Direct BvP not yet weighted; 2026/2025 Statcast baseline active,7,9,23,1,Contact streak: 9/23 over last 7 games,"same-side matchup; pitcher baseline 9.5% barrel, 12.6 HR allowed",neutral batted-ball profile; pitcher fly-ball pressure modest,13.68,45.39,91.6,102.5756,0.499,0.2347,0.3535,74.78,49.24,40.3,30.33,25.4,0.2397,9.47,42.0,89.13,0.4056,0.1576,23.44,,,Tropicana Field,
30,691002,Yohandy Morales,WSH,PHI,2026-09-15T22:45:00Z,Scheduled,6,Cristopher Sánchez,650911,L,54.1,Longshot,Watch List,"Projected Lineup, Strong Barrel, Platoon Edge",71.8,31.4,28.2,71.7,78.0,31.9,No,No,6,Yes,Yes,RotoWire projected lineup; MLB probable pitchers,lineup projected / unconfirmed,H:2026 P:2026/2025,,,Direct BvP not yet weighted; 2026/2025 Statcast baseline active,7,4,19,1,"Last 7 games: 4/19, 1 HR","platoon edge; pitcher baseline 6.7% barrel, 14.8 HR allowed",lift-pull EV profile; pitcher fly-ball pressure modest,15.8,63.2,92.5,104.0787,0.515,0.247,0.332,73.7,35.4,47.4,42.1,2.0,0.297,6.68,40.64,89.07,0.3541,0.1214,16.13,,,Nationals Park,
31,699024,Leo Bernal,STL,SF,2026-09-15T23:45:00Z,Scheduled,5,Blade Tidwell,694918,R,54.0,Longshot,Watch List,"Projected Lineup, Platoon Edge",62.1,36.2,22.1,81.9,75.0,66.9,No,No,5,Yes,Yes,RotoWire projected lineup; MLB probable pitchers,lineup projected / unconfirmed,H:2026 P:2026/2025,,,Direct BvP not yet weighted; 2026/2025 Statcast baseline active,7,9,28,2,Hot streak: 2 HR in last 7 games,"switch hitter; pitcher baseline 8.9% barrel, 5.4 HR allowed",lift-pull EV profile; pitcher fly-ball pressure modest,7.9,68.4,94.8,102.7881,0.523,0.233,0.372,74.3,38.7,44.7,39.5,3.0,0.229,8.89,34.05,87.92,0.4087,0.1579,27.26,,,Busch Stadium,
32,696100,Hunter Goodman,COL,SD,2026-09-16T00:40:00Z,Scheduled,4,Walker Buehler,621111,R,53.8,Longshot,Watch List,"Projected Lineup, Strong Barrel, Premium Lineup Spot",55.5,43.2,38.7,90.4,50.0,42.7,No,No,4,Yes,Yes,RotoWire projected lineup; MLB probable pitchers,lineup projected / unconfirmed,H:2026/2025 P:2026/2025,,,Direct BvP not yet weighted; 2026/2025 Statcast baseline active,7,4,25,2,Hot streak: 2 HR in last 7 games,"same-side matchup; pitcher baseline 8.7% barrel, 19.9 HR allowed",neutral batted-ball profile; pitcher fly-ball pressure modest,14.23,45.15,90.31,102.406,0.4518,0.2231,0.3192,74.86,48.11,48.63,32.34,35.9,0.2686,8.73,38.29,88.95,0.4136,0.1631,23.3,,,Coors Field,
33,666018,Jonathan Aranda,TB,ATH,2026-09-15T22:40:00Z,Scheduled,2,Jack Perkins,678022,R,53.7,Longshot,Watch List,"Projected Lineup, Strong Barrel, Premium Lineup Spot, Platoon Edge",49.2,40.3,27.6,95.5,80.0,62.4,No,No,2,Yes,Yes,RotoWire projected lineup; MLB probable pitchers,lineup projected / unconfirmed,H:2026/2025 P:2026/2025,,,Direct BvP not yet weighted; 2026/2025 Statcast baseline active,7,7,24,2,Hot streak: 2 HR in last 7 games,"platoon edge; pitcher baseline 9.0% barrel, 15.2 HR allowed",neutral batted-ball profile; pitcher allows elevated contact,10.8,48.48,91.74,101.2353,0.466,0.1974,0.3582,70.36,13.04,33.41,30.27,18.9,0.1639,9.04,36.79,87.87,0.3741,0.1482,33.61,,,Tropicana Field,
34,665833,Oneil Cruz,PIT,MIL,2026-09-15T22:40:00Z,Scheduled,1,Jacob Misiorowski,694819,R,53.7,Longshot,Watch List,"Projected Lineup, Strong Barrel, Premium Lineup Spot, Platoon Edge",70.0,19.2,24.3,88.7,80.0,54.3,No,No,1,Yes,Yes,RotoWire projected lineup; MLB probable pitchers,lineup projected / unconfirmed,H:2026/2025 P:2026/2025,,,Direct BvP not yet weighted; 2026/2025 Statcast baseline active,7,9,25,1,Contact streak: 9/25 over last 7 games,"platoon edge; pitcher baseline 5.1% barrel, 12.2 HR allowed",EV profile; pitcher fly-ball pressure modest,16.74,55.41,95.1,106.5841,0.4649,0.2224,0.3478,78.31,76.1,40.02,23.17,18.6,0.1969,5.1,34.56,87.67,0.281,0.101,25.85,,,PNC Park,
35,660670,Ronald Acuna,ATL,CHC,2026-09-15T23:40:00Z,Scheduled,2,Kevin Gausman,592332,R,53.5,Longshot,Watch List,"Projected Lineup, Strong Barrel, Premium Lineup Spot",57.7,41.9,29.8,95.5,50.0,41.7,No,No,2,Yes,Yes,RotoWire projected lineup; MLB probable pitchers,lineup projected / unconfirmed,H:2026/2025 P:2026/2025,,,Direct BvP not yet weighted; 2026/2025 Statcast baseline active,7,8,29,1,"Last 7 games: 8/29, 1 HR","same-side matchup; pitcher baseline 7.7% barrel, 23.1 HR allowed",neutral batted-ball profile; pitcher fly-ball pressure modest,13.32,47.11,90.88,103.076,0.4972,0.2363,0.3725,75.98,62.67,35.67,27.6,18.2,0.2014,7.73,39.93,88.95,0.4077,0.1613,26.16,,,Wrigley Field,
36,687952,Christian Encarnacion-Strand,BAL,NYM,2026-09-15T23:10:00Z,Scheduled,5,Sean Manaea,640455,L,53.4,Longshot,Watch List,"Projected Lineup, Strong Barrel, Platoon Edge",52.6,54.2,24.8,81.9,78.0,16.1,No,No,5,Yes,Yes,RotoWire projected lineup; MLB probable pitchers,lineup projected / unconfirmed,H:2026/2025 P:2026/2025,,,Direct BvP not yet weighted; 2026/2025 Statcast baseline active,7,5,22,0,"Last 7 games: 5/22, 0 HR","platoon edge; pitcher baseline 10.4% barrel, 18.6 HR allowed",neutral batted-ball profile; pitcher fly-ball pressure modest,13.69,40.01,89.93,101.1901,0.4743,0.2339,0.3231,73.6,36.76,45.11,31.54,7.4,0.1949,10.37,41.76,89.38,0.4444,0.1897,28.61,,,Citi Field,
37,669065,Kyle Stowers,MIA,AZ,2026-09-16T01:40:00Z,Scheduled,1,Michael Soroka,647336,R,53.2,Longshot,Watch List,"Projected Lineup, Strong Barrel, Premium Lineup Spot, Platoon Edge",63.1,34.7,28.2,88.7,80.0,4.2,No,No,1,Yes,Yes,RotoWire projected lineup; MLB probable pitchers,lineup projected / unconfirmed,H:2026/2025 P:2026/2025,,,Direct BvP not yet weighted; 2026/2025 Statcast baseline active,7,4,27,0,"Last 7 games: 4/27, 0 HR","platoon edge; pitcher baseline 7.7% barrel, 8.5 HR allowed",lift-pull EV profile; pitcher fly-ball pressure modest,14.48,55.29,92.01,103.379,0.4642,0.2251,0.3421,75.28,54.39,45.43,32.2,20.8,0.2294,7.68,35.92,88.22,0.3937,0.1483,27.94,,,Chase Field,
38,691718,Pete Crow-Armstrong,CHC,ATL,2026-09-15T23:40:00Z,Scheduled,1,Martín Pérez,527048,L,52.9,Longshot,Watch List,"Projected Lineup, Strong Barrel, Premium Lineup Spot",57.8,38.2,29.8,88.7,50.0,65.2,No,No,1,Yes,Yes,RotoWire projected lineup; MLB probable pitchers,lineup projected / unconfirmed,H:2026/2025 P:2026/2025,,,Direct BvP not yet weighted; 2026/2025 Statcast baseline active,7,9,29,2,Hot streak: 2 HR in last 7 games,"same-side matchup; pitcher baseline 8.1% barrel, 10.9 HR allowed",fly-ball profile; pitcher fly-ball pressure modest,13.38,46.85,90.27,101.8727,0.4974,0.2414,0.3581,74.31,45.16,49.95,35.08,38.0,0.2697,8.07,37.51,87.99,0.4234,0.1639,24.13,,,Wrigley Field,
39,687263,Zach Neto,LAA,SEA,2026-09-16T01:38:00Z,Scheduled,1,Logan Gilbert,669302,R,52.9,Longshot,Watch List,"Projected Lineup, Strong Barrel, Premium Lineup Spot, Hot Hitter/Streak",48.2,48.7,28.2,88.7,50.0,83.6,No,No,1,Yes,Yes,RotoWire projected lineup; MLB probable pitchers,lineup projected / unconfirmed,H:2026/2025 P:2026/2025,,,Direct BvP not yet weighted; 2026/2025 Statcast baseline active,7,9,29,3,Hot streak: 3 HR in last 7 games,"same-side matchup; pitcher baseline 9.7% barrel, 24.9 HR allowed",neutral batted-ball profile; pitcher fly-ball pressure modest,12.32,42.47,90.02,100.3118,0.4355,0.2111,0.3202,71.4,14.74,47.34,34.26,26.0,0.2051,9.72,41.49,90.03,0.3831,0.161,28.47,,,Angel Stadium,
40,665052,Griffin Conine,MIA,AZ,2026-09-16T01:40:00Z,Scheduled,3,Michael Soroka,647336,R,52.7,Longshot,Watch List,"Projected Lineup, Strong Barrel, Premium Lineup Spot, Platoon Edge",56.8,34.7,28.2,92.1,80.0,26.4,No,No,3,Yes,Yes,RotoWire projected lineup; MLB probable pitchers,lineup projected / unconfirmed,H:2026/2025 P:2026/2025,,,Direct BvP not yet weighted; 2026/2025 Statcast baseline active,7,8,27,0,"Last 7 games: 8/27, 0 HR","platoon edge; pitcher baseline 7.7% barrel, 8.5 HR allowed",neutral batted-ball profile; pitcher fly-ball pressure modest,14.94,49.43,91.32,103.1925,0.4579,0.2103,0.3461,74.26,44.18,42.18,23.62,11.1,0.2028,7.68,35.92,88.22,0.3937,0.1483,27.94,,,Chase Field,
41,663656,Kyle Tucker,LAD,CIN,2026-09-15T22:40:00Z,Scheduled,5,Rhett Lowder,695076,R,52.6,Longshot,Watch List,"Projected Lineup, Platoon Edge, Hot Hitter/Streak",33.7,53.3,39.3,81.9,80.0,82.7,No,No,5,Yes,Yes,RotoWire projected lineup; MLB probable pitchers,lineup projected / unconfirmed,H:2026/2025 P:2026,,,Direct BvP not yet weighted; 2026/2025 Statcast baseline active,7,7,23,3,Hot streak: 3 HR in last 7 games,"platoon edge; pitcher baseline 9.9% barrel, 17.0 HR allowed",neutral batted-ball profile; pitcher fly-ball pressure modest,7.65,37.81,89.19,98.7939,0.4151,0.157,0.3405,71.58,20.59,42.89,33.75,16.4,0.1595,9.9,39.0,90.1,0.464,0.192,28.1,,,Great American Ball Park,
42,518692,Freddie Freeman,LAD,CIN,2026-09-15T22:40:00Z,Scheduled,2,Rhett Lowder,695076,R,52.3,Longshot,Watch List,"Projected Lineup, Premium Lineup Spot, Platoon Edge",39.5,53.3,39.3,95.5,80.0,0.0,No,No,2,Yes,Yes,RotoWire projected lineup; MLB probable pitchers,lineup projected / unconfirmed,H:2026/2025 P:2026,,,Direct BvP not yet weighted; 2026/2025 Statcast baseline active,7,1,26,0,"Last 7 games: 1/26, 0 HR","platoon edge; pitcher baseline 9.9% barrel, 17.0 HR allowed",neutral batted-ball profile; pitcher fly-ball pressure modest,8.72,42.48,89.85,100.2125,0.4698,0.1846,0.3626,70.08,8.05,36.47,27.0,18.4,0.1699,9.9,39.0,90.1,0.464,0.192,28.1,,,Great American Ball Park,
43,683748,Victor Mesa,TB,ATH,2026-09-15T22:40:00Z,Scheduled,5,Jack Perkins,678022,R,52.2,Longshot,Watch List,"Projected Lineup, Strong Barrel, Platoon Edge, Hot Hitter/Streak",44.4,40.3,27.6,81.9,80.0,100.0,No,No,5,Yes,Yes,RotoWire projected lineup; MLB probable pitchers,lineup projected / unconfirmed,H:2026/2025 P:2026/2025,,,Direct BvP not yet weighted; 2026/2025 Statcast baseline active,7,12,22,3,Hot streak: 3 HR in last 7 games,"platoon edge; pitcher baseline 9.0% barrel, 15.2 HR allowed",neutral batted-ball profile; pitcher allows elevated contact,10.11,41.22,89.84,100.1376,0.4395,0.1942,0.334,73.72,32.53,41.36,34.4,9.4,0.2267,9.04,36.79,87.87,0.3741,0.1482,33.61,,,Tropicana Field,
44,678246,Miguel Vargas,CWS,CLE,2026-09-15T22:40:00Z,Scheduled,3,Foster Griffin,656492,L,52.2,Longshot,Watch List,"Projected Lineup, Strong Barrel, Premium Lineup Spot, Platoon Edge",51.1,41.6,27.6,92.1,78.0,27.1,No,No,3,Yes,Yes,RotoWire projected lineup; MLB probable pitchers,lineup projected / unconfirmed,H:2026/2025 P:2026,,,Direct BvP not yet weighted; 2026/2025 Statcast baseline active,7,5,28,1,"Last 7 games: 5/28, 1 HR","platoon edge; pitcher baseline 8.7% barrel, 23.0 HR allowed",fly-ball profile; pitcher fly-ball pressure modest,12.2,43.37,90.05,100.2482,0.4735,0.2172,0.361,72.91,33.37,44.28,35.24,25.8,0.2062,8.7,37.2,88.0,0.417,0.157,25.6,,,Progressive Field,
45,695600,Carter Jensen,KC,HOU,2026-09-16T00:10:00Z,Scheduled,1,Hunter Brown,686613,R,52.2,Longshot,Watch List,"Projected Lineup, Strong Barrel, Premium Lineup Spot, Platoon Edge",61.3,22.5,27.6,88.7,80.0,56.2,No,No,1,Yes,Yes,RotoWire projected lineup; MLB probable pitchers,lineup projected / unconfirmed,H:2026/2025 P:2026/2025,,,Direct BvP not yet weighted; 2026/2025 Statcast baseline active,7,6,24,2,Hot streak: 2 HR in last 7 games,"platoon edge; pitcher baseline 6.2% barrel, 12.8 HR allowed",lift-pull EV profile; pitcher fly-ball pressure modest,14.78,49.13,92.6,103.1207,0.479,0.227,0.3546,74.1,38.73,41.07,31.05,17.7,0.229,6.25,35.49,86.17,0.3278,0.122,23.3,,,Daikin Park,
46,677800,Wilyer Abreu,BOS,TEX,2026-09-16T00:05:00Z,Scheduled,3,,,,52.1,Longshot,Watch List,"Projected Lineup, Strong Barrel, Premium Lineup Spot",53.7,41.2,27.6,92.1,60.0,40.7,No,No,3,Yes,Yes,RotoWire projected lineup; MLB probable pitchers,lineup projected / unconfirmed,H:2026/2025 P:,,,Direct BvP not yet weighted; 2026/2025 Statcast baseline active,7,7,26,1,"Last 7 games: 7/26, 1 HR","handedness incomplete; pitcher baseline 0.0% barrel, 0.0 HR allowed",fly-ball profile; pitcher fly-ball pressure modest,12.51,44.2,90.17,101.3726,0.4778,0.225,0.3469,73.89,38.45,38.04,37.45,23.4,0.2129,,,,,,,,,Globe Life Field,
47,641355,Cody Bellinger,NYY,MIN,2026-09-15T23:40:00Z,Scheduled,2,Bailey Ober,641927,R,51.9,Longshot,Watch List,"Projected Lineup, Premium Lineup Spot, Platoon Edge, Hot Hitter/Streak",30.4,53.6,27.1,95.5,80.0,87.0,No,No,2,Yes,Yes,RotoWire projected lineup; MLB probable pitchers,lineup projected / unconfirmed,H:2026/2025 P:2026/2025,,,Direct BvP not yet weighted; 2026/2025 Statcast baseline active,7,9,27,3,Hot streak: 3 HR in last 7 games,"platoon edge; pitcher baseline 10.1% barrel, 21.6 HR allowed",neutral batted-ball profile; pitcher allows elevated contact,6.87,37.76,88.93,98.5382,0.4166,0.1505,0.3335,69.89,4.54,44.01,31.71,19.2,0.1793,10.13,37.07,88.9,0.455,0.2056,32.53,,,Target Field,
48,701350,Roman Anthony,BOS,TEX,2026-09-16T00:05:00Z,Scheduled,1,,,,51.9,Longshot,Watch List,"Projected Lineup, Strong Barrel, Premium Lineup Spot",56.0,41.2,27.6,88.7,60.0,30.3,No,No,1,Yes,Yes,RotoWire projected lineup; MLB probable pitchers,lineup projected / unconfirmed,H:2026/2025 P:,,,Direct BvP not yet weighted; 2026/2025 Statcast baseline active,7,6,30,1,"Last 7 games: 6/30, 1 HR","handedness incomplete; pitcher baseline 0.0% barrel, 0.0 HR allowed",EV profile; pitcher fly-ball pressure modest,13.15,52.18,93.03,102.999,0.4476,0.1854,0.3559,75.42,54.07,40.07,23.63,5.2,0.1458,,,,,,,,,Globe Life Field,
49,669257,Will Smith,LAD,CIN,2026-09-15T22:40:00Z,Scheduled,6,Rhett Lowder,695076,R,51.7,Longshot,Watch List,"Projected Lineup, Strong Barrel",50.8,53.3,39.3,71.7,50.0,33.7,No,No,6,Yes,Yes,RotoWire projected lineup; MLB probable pitchers,lineup projected / unconfirmed,H:2026/2025 P:2026,,,Direct BvP not yet weighted; 2026/2025 Statcast baseline active,7,4,18,1,"Last 7 games: 4/18, 1 HR","same-side matchup; pitcher baseline 9.9% barrel, 17.0 HR allowed",fly-ball profile; pitcher fly-ball pressure modest,12.34,42.27,90.25,100.2081,0.4897,0.2193,0.3808,69.91,6.73,30.95,39.57,10.0,0.1597,9.9,39.0,90.1,0.464,0.192,28.1,,,Great American Ball Park,
50,676475,Alec Burleson,STL,SF,2026-09-15T23:45:00Z,Scheduled,3,Blade Tidwell,694918,R,51.7,Longshot,Watch List,"Projected Lineup, Strong Barrel, Premium Lineup Spot, Platoon Edge",51.8,36.8,22.1,92.1,80.0,48.1,No,No,3,Yes,Yes,RotoWire projected lineup; MLB probable pitchers,lineup projected / unconfirmed,H:2026/2025 P:2026/2025,,,Direct BvP not yet weighted; 2026/2025 Statcast baseline active,7,7,22,1,"Last 7 games: 7/22, 1 HR","platoon edge; pitcher baseline 8.9% barrel, 5.4 HR allowed",neutral batted-ball profile; pitcher fly-ball pressure modest,10.41,47.55,91.56,101.9489,0.5046,0.2193,0.366,73.28,34.84,44.24,27.26,20.8,0.1788,8.89,34.05,87.92,0.4087,0.1579,27.26,,,Busch Stadium,
51,694192,Jackson Chourio,MIL,PIT,2026-09-15T22:40:00Z,Scheduled,1,Lake Bachar,669199,R,51.6,Longshot,Watch List,"Projected Lineup, Strong Barrel, Premium Lineup Spot, Hot Hitter/Streak",50.3,43.3,24.3,88.7,50.0,81.6,No,No,1,Yes,Yes,RotoWire projected lineup; MLB probable pitchers,lineup projected / unconfirmed,H:2026/2025 P:2026/2025,,,Direct BvP not yet weighted; 2026/2025 Statcast baseline active,7,13,31,2,Hot streak: 2 HR in last 7 games,"same-side matchup; pitcher baseline 9.1% barrel, 12.1 HR allowed",neutral batted-ball profile; pitcher allows elevated contact,11.52,45.94,90.98,101.9277,0.4603,0.2014,0.3315,74.25,44.8,31.36,29.13,22.4,0.1986,9.09,36.6,89.32,0.3794,0.1731,32.06,,,PNC Park,
52,671739,Michael Harris,ATL,CHC,2026-09-15T23:40:00Z,Scheduled,4,Kevin Gausman,592332,R,51.6,Longshot,Watch List,"Projected Lineup, Premium Lineup Spot, Platoon Edge",45.0,41.9,29.8,90.4,80.0,46.9,No,No,4,Yes,Yes,RotoWire projected lineup; MLB probable pitchers,lineup projected / unconfirmed,H:2026/2025 P:2026/2025,,,Direct BvP not yet weighted; 2026/2025 Statcast baseline active,7,9,29,1,"Last 7 games: 9/29, 1 HR","platoon edge; pitcher baseline 7.7% barrel, 23.1 HR allowed",neutral batted-ball profile; pitcher fly-ball pressure modest,9.94,46.27,90.34,103.0391,0.4632,0.1816,0.3325,74.79,47.54,36.29,22.56,23.5,0.1873,7.73,39.93,88.95,0.4077,0.1613,26.16,,,Wrigley Field,
53,666176,Jo Adell,CLE,CWS,2026-09-15T22:40:00Z,Scheduled,4,Davis Martin,663436,R,51.4,Longshot,Watch List,"Projected Lineup, Strong Barrel, Premium Lineup Spot",52.3,45.0,27.6,90.4,50.0,41.7,No,No,4,Yes,Yes,RotoWire projected lineup; MLB probable pitchers,lineup projected / unconfirmed,H:2026/2025 P:2026/2025,,,Direct BvP not yet weighted; 2026/2025 Statcast baseline active,7,8,29,1,"Last 7 games: 8/29, 1 HR","same-side matchup; pitcher baseline 7.5% barrel, 15.1 HR allowed",neutral batted-ball profile; pitcher fly-ball pressure modest,11.49,45.52,90.51,102.8464,0.4713,0.2148,0.337,77.39,71.83,39.12,27.35,25.8,0.1874,7.49,44.53,90.42,0.4314,0.1594,24.04,,,Progressive Field,
54,669003,Garrett Mitchell,MIL,PIT,2026-09-15T22:40:00Z,Scheduled,6,Lake Bachar,669199,R,51.2,Longshot,Watch List,"Projected Lineup, Strong Barrel, Platoon Edge, Hot Hitter/Streak",48.1,43.3,24.3,71.7,80.0,81.2,No,No,6,Yes,Yes,RotoWire projected lineup; MLB probable pitchers,lineup projected / unconfirmed,H:2026/2025 P:2026/2025,,,Direct BvP not yet weighted; 2026/2025 Statcast baseline active,7,10,24,2,Hot streak: 2 HR in last 7 games,"platoon edge; pitcher baseline 9.1% barrel, 12.1 HR allowed",EV profile; pitcher allows elevated contact,10.41,49.83,92.43,103.9042,0.4208,0.1631,0.3356,77.15,77.44,33.65,17.2,7.7,0.1405,9.09,36.6,89.32,0.3794,0.1731,32.06,,,PNC Park,
55,663330,Jahmai Jones,BOS,TEX,2026-09-16T00:05:00Z,Scheduled,2,,,,51.2,Longshot,Watch List,"Projected Lineup, Strong Barrel, Premium Lineup Spot",52.3,41.2,27.6,95.5,60.0,21.8,No,No,2,Yes,Yes,RotoWire projected lineup; MLB probable pitchers,lineup projected / unconfirmed,H:2026/2025 P:,,,Direct BvP not yet weighted; 2026/2025 Statcast baseline active,7,2,14,1,"Last 7 games: 2/14, 1 HR","handedness incomplete; pitcher baseline 0.0% barrel, 0.0 HR allowed",neutral batted-ball profile; pitcher fly-ball pressure modest,11.16,49.47,91.71,102.6826,0.4644,0.2115,0.3535,73.53,36.54,50.67,27.29,5.6,0.1958,,,,,,,,,Globe Life Field,
56,596019,Francisco Lindor,NYM,BAL,2026-09-15T23:10:00Z,Scheduled,1,Shane Baz,669358,R,51.1,Longshot,Watch List,"Projected Lineup, Premium Lineup Spot, Platoon Edge, Hot Hitter/Streak",45.8,38.9,24.8,88.7,75.0,74.5,No,No,1,Yes,Yes,RotoWire projected lineup; MLB probable pitchers,lineup projected / unconfirmed,H:2026/2025 P:2026/2025,,,Direct BvP not yet weighted; 2026/2025 Statcast baseline active,7,8,32,4,Hot streak: 4 HR in last 7 games,"switch hitter; pitcher baseline 7.5% barrel, 17.6 HR allowed",neutral batted-ball profile; pitcher fly-ball pressure modest,9.18,46.92,90.99,100.4084,0.4421,0.1961,0.3366,72.09,23.37,45.53,32.4,23.3,0.2088,7.54,40.94,89.77,0.3923,0.1483,25.85,,,Citi Field,
57,575929,Willson Contreras,BOS,TEX,2026-09-16T00:05:00Z,Scheduled,4,,,,51.0,Longshot,Watch List,"Projected Lineup, Strong Barrel, Premium Lineup Spot",55.8,41.2,27.6,90.4,60.0,10.8,No,No,4,Yes,Yes,RotoWire projected lineup; MLB probable pitchers,lineup projected / unconfirmed,H:2026/2025 P:,,,Direct BvP not yet weighted; 2026/2025 Statcast baseline active,7,5,26,0,"Last 7 games: 5/26, 0 HR","handedness incomplete; pitcher baseline 0.0% barrel, 0.0 HR allowed",neutral batted-ball profile; pitcher fly-ball pressure modest,13.48,45.43,89.97,102.6678,0.4852,0.2289,0.3699,76.7,68.17,45.89,28.49,24.2,0.225,,,,,,,,,Globe Life Field,
58,666160,Mickey Moniak,COL,SD,2026-09-16T00:40:00Z,Scheduled,5,Walker Buehler,621111,R,51.0,Longshot,Watch List,"Projected Lineup, Strong Barrel, Platoon Edge",46.0,43.2,38.7,81.9,80.0,20.8,No,No,5,Yes,Yes,RotoWire projected lineup; MLB probable pitchers,lineup projected / unconfirmed,H:2026/2025 P:2026/2025,,,Direct BvP not yet weighted; 2026/2025 Statcast baseline active,7,3,22,1,"Last 7 games: 3/22, 1 HR","platoon edge; pitcher baseline 8.7% barrel, 19.9 HR allowed",fly-ball profile; pitcher fly-ball pressure modest,10.93,42.22,89.56,100.2514,0.4214,0.1944,0.2957,74.12,43.18,46.8,37.05,22.6,0.2452,8.73,38.29,88.95,0.4136,0.1631,23.3,,,Coors Field,
59,701398,Sal Stewart,CIN,LAD,2026-09-15T22:40:00Z,Scheduled,3,Yoshinobu Yamamoto,808967,R,50.9,Longshot,Watch List,"Projected Lineup, Strong Barrel, Premium Lineup Spot",59.8,28.1,39.3,92.1,50.0,22.4,No,No,3,Yes,Yes,RotoWire projected lineup; MLB probable pitchers,lineup projected / unconfirmed,H:2026/2025 P:2026/2025,,,Direct BvP not yet weighted; 2026/2025 Statcast baseline active,7,7,26,0,"Last 7 games: 7/26, 0 HR","same-side matchup; pitcher baseline 6.5% barrel, 17.5 HR allowed",neutral batted-ball profile; pitcher fly-ball pressure modest,14.33,43.96,91.9,101.5389,0.5229,0.254,0.3653,72.1,26.58,37.73,32.09,23.2,0.2312,6.47,37.6,88.09,0.3306,0.1207,22.94,,,Great American Ball Park,
60,668227,Randy Arozarena,SEA,LAA,2026-09-16T01:38:00Z,Scheduled,2,Ryan Johnson,696270,R,50.9,Longshot,Watch List,"Projected Lineup, Premium Lineup Spot, Hot Hitter/Streak",40.0,46.1,28.2,95.5,50.0,90.6,No,No,2,Yes,Yes,RotoWire projected lineup; MLB probable pitchers,lineup projected / unconfirmed,H:2026/2025 P:2026/2025,,,Direct BvP not yet weighted; 2026/2025 Statcast baseline active,7,10,28,3,Hot streak: 3 HR in last 7 games,"same-side matchup; pitcher baseline 9.4% barrel, 13.8 HR allowed",neutral batted-ball profile; pitcher allows elevated contact,9.05,44.86,90.88,101.0657,0.4177,0.1697,0.341,71.32,24.52,34.96,24.73,25.6,0.1964,9.41,36.49,87.75,0.4353,0.1833,33.88,,,Angel Stadium,
61,672960,Kazuma Okamoto,TOR,DET,2026-09-15T23:07:00Z,Scheduled,6,Drew Anderson,623454,R,50.8,Longshot,Watch List,"Projected Lineup, Strong Barrel, Hot Hitter/Streak",54.2,39.1,30.4,71.7,50.0,89.2,No,No,6,Yes,Yes,RotoWire projected lineup; MLB probable pitchers,lineup projected / unconfirmed,H:2026 P:2026,,,Direct BvP not yet weighted; 2026/2025 Statcast baseline active,7,8,23,5,Hot streak: 5 HR in last 7 games,"same-side matchup; pitcher baseline 8.4% barrel, 14.0 HR allowed",neutral batted-ball profile; pitcher fly-ball pressure modest,13.7,44.3,90.6,101.395,0.451,0.227,0.329,73.1,34.5,51.5,33.6,32.0,0.228,8.4,39.2,89.9,0.367,0.141,24.0,,,Rogers Centre,
62,605141,Mookie Betts,LAD,CIN,2026-09-15T22:40:00Z,Scheduled,3,Rhett Lowder,695076,R,50.7,Longshot,Watch List,"Projected Lineup, Premium Lineup Spot, Hot Hitter/Streak",32.9,53.3,39.3,92.1,50.0,75.9,No,No,3,Yes,Yes,RotoWire projected lineup; MLB probable pitchers,lineup projected / unconfirmed,H:2026/2025 P:2026,,,Direct BvP not yet weighted; 2026/2025 Statcast baseline active,7,7,27,3,Hot streak: 3 HR in last 7 games,"same-side matchup; pitcher baseline 9.9% barrel, 17.0 HR allowed",neutral batted-ball profile; pitcher fly-ball pressure modest,7.18,37.62,89.87,98.4853,0.4283,0.156,0.3335,69.53,8.39,40.1,33.38,20.0,0.1739,9.9,39.0,90.1,0.464,0.192,28.1,,,Great American Ball Park,
63,668930,Brice Turang,MIL,PIT,2026-09-15T22:40:00Z,Scheduled,2,Lake Bachar,669199,R,50.7,Longshot,Watch List,"Projected Lineup, Premium Lineup Spot, Platoon Edge, Hot Hitter/Streak",36.4,43.3,24.3,95.5,80.0,81.7,No,No,2,Yes,Yes,RotoWire projected lineup; MLB probable pitchers,lineup projected / unconfirmed,H:2026/2025 P:2026/2025,,,Direct BvP not yet weighted; 2026/2025 Statcast baseline active,7,12,22,2,Hot streak: 2 HR in last 7 games,"platoon edge; pitcher baseline 9.1% barrel, 12.1 HR allowed",neutral batted-ball profile; pitcher allows elevated contact,7.79,42.99,90.4,100.3018,0.4297,0.1719,0.342,70.25,13.27,27.93,23.57,18.7,0.1687,9.09,36.6,89.32,0.3794,0.1731,32.06,,,PNC Park,
64,606192,Teoscar Hernandez,LAD,CIN,2026-09-15T22:40:00Z,Scheduled,7,Rhett Lowder,695076,R,50.5,Longshot,Watch List,"Projected Lineup, Strong Barrel, Hot Hitter/Streak",45.4,53.3,39.3,59.8,50.0,80.0,No,No,7,Yes,Yes,RotoWire projected lineup; MLB probable pitchers,lineup projected / unconfirmed,H:2026/2025 P:2026,,,Direct BvP not yet weighted; 2026/2025 Statcast baseline active,7,9,22,2,Hot streak: 2 HR in last 7 games,"same-side matchup; pitcher baseline 9.9% barrel, 17.0 HR allowed",neutral batted-ball profile; pitcher fly-ball pressure modest,10.8,45.33,90.27,101.5908,0.4399,0.185,0.3289,72.62,26.39,35.2,28.96,16.6,0.1685,9.9,39.0,90.1,0.464,0.192,28.1,,,Great American Ball Park,
65,671732,Lawrence Butler,ATH,TB,2026-09-15T22:40:00Z,Scheduled,3,Griffin Jax,643377,R,50.5,Longshot,Watch List,"Projected Lineup, Premium Lineup Spot, Platoon Edge",37.2,44.6,27.6,92.1,80.0,64.8,No,No,3,Yes,Yes,RotoWire projected lineup; MLB probable pitchers,lineup projected / unconfirmed,H:2026/2025 P:2026/2025,,,Direct BvP not yet weighted; 2026/2025 Statcast baseline active,7,5,27,3,Hot streak: 3 HR in last 7 games,"platoon edge; pitcher baseline 9.5% barrel, 12.6 HR allowed",neutral batted-ball profile; pitcher fly-ball pressure modest,8.57,45.17,89.94,101.8928,0.3947,0.1549,0.319,73.63,37.6,35.17,21.86,17.5,0.1602,9.47,42.0,89.13,0.4056,0.1576,23.44,,,Tropicana Field,
66,673548,Seiya Suzuki,CHC,ATL,2026-09-15T23:40:00Z,Scheduled,2,Martín Pérez,527048,L,50.5,Longshot,Watch List,"Projected Lineup, Strong Barrel, Premium Lineup Spot, Platoon Edge",47.8,38.2,29.8,95.5,78.0,13.3,No,No,2,Yes,Yes,RotoWire projected lineup; MLB probable pitchers,lineup projected / unconfirmed,H:2026/2025 P:2026/2025,,,Direct BvP not yet weighted; 2026/2025 Statcast baseline active,7,5,24,0,"Last 7 games: 5/24, 0 HR","platoon edge; pitcher baseline 8.1% barrel, 10.9 HR allowed",neutral batted-ball profile; pitcher fly-ball pressure modest,12.47,41.98,89.34,101.0331,0.4478,0.2015,0.3443,73.44,37.81,41.48,32.39,26.4,0.2155,8.07,37.51,87.99,0.4234,0.1639,24.13,,,Wrigley Field,
67,691777,Max Muncy,LAD,CIN,2026-09-15T22:40:00Z,Scheduled,4,Rhett Lowder,695076,R,49.9,Longshot,Watch List,"Projected Lineup, Strong Barrel, Premium Lineup Spot",35.3,53.3,39.3,90.4,50.0,48.1,No,No,4,Yes,Yes,RotoWire projected lineup; MLB probable pitchers,lineup projected / unconfirmed,H:2026/2025 P:2026,,,Direct BvP not yet weighted; 2026/2025 Statcast baseline active,7,7,22,1,"Last 7 games: 7/22, 1 HR","same-side matchup; pitcher baseline 9.9% barrel, 17.0 HR allowed",neutral batted-ball profile; pitcher fly-ball pressure modest,10.59,40.31,88.5,100.9708,0.3642,0.15,0.2831,73.8,42.18,43.31,22.23,9.0,0.1601,9.9,39.0,90.1,0.464,0.192,28.1,,,Great American Ball Park,
68,547180,Bryce Harper,PHI,WSH,2026-09-15T22:45:00Z,Scheduled,3,Jackson Kent,800600,L,49.5,Longshot,Watch List,"Projected Lineup, Strong Barrel, Premium Lineup Spot",51.8,36.5,28.2,92.1,50.0,40.7,No,No,3,Yes,Yes,RotoWire projected lineup; MLB probable pitchers,lineup projected / unconfirmed,H:2026/2025 P:2026,,,Direct BvP not yet weighted; 2026/2025 Statcast baseline active,7,7,26,1,"Last 7 games: 7/26, 1 HR","same-side matchup; pitcher baseline 8.1% barrel, 1.0 HR allowed",neutral batted-ball profile; pitcher fly-ball pressure modest,11.39,45.47,90.74,101.8797,0.4962,0.2226,0.3827,74.1,45.01,38.75,27.17,27.7,0.2281,8.1,41.9,88.2,0.419,0.154,20.9,,,Nationals Park,
69,695506,Jac Caglianone,KC,HOU,2026-09-16T00:10:00Z,Scheduled,3,Hunter Brown,686613,R,49.4,Longshot,Watch List,"Projected Lineup, Strong Barrel, Premium Lineup Spot, Platoon Edge",58.1,22.5,27.6,92.1,80.0,12.0,No,No,3,Yes,Yes,RotoWire projected lineup; MLB probable pitchers,lineup projected / unconfirmed,H:2026/2025 P:2026/2025,,,Direct BvP not yet weighted; 2026/2025 Statcast baseline active,7,4,20,0,"Last 7 games: 4/20, 0 HR","platoon edge; pitcher baseline 6.2% barrel, 12.8 HR allowed",neutral batted-ball profile; pitcher fly-ball pressure modest,13.19,50.8,91.99,104.7445,0.4807,0.2143,0.3448,77.26,74.48,44.49,22.54,18.2,0.1884,6.25,35.49,86.17,0.3278,0.122,23.3,,,Daikin Park,
70,694208,Moises Ballesteros,LAA,SEA,2026-09-16T01:38:00Z,Scheduled,5,Logan Gilbert,669302,R,49.4,Longshot,Watch List,"Projected Lineup, Platoon Edge, Hot Hitter/Streak",34.1,48.7,28.2,81.9,80.0,71.2,No,No,5,Yes,Yes,RotoWire projected lineup; MLB probable pitchers,lineup projected / unconfirmed,H:2026/2025 P:2026/2025,,,Direct BvP not yet weighted; 2026/2025 Statcast baseline active,7,7,20,2,Hot streak: 2 HR in last 7 games,"platoon edge; pitcher baseline 9.7% barrel, 24.9 HR allowed",neutral batted-ball profile; pitcher fly-ball pressure modest,8.31,42.82,90.08,100.8353,0.3825,0.1457,0.3053,72.36,29.44,34.85,20.93,6.9,0.1466,9.72,41.49,90.03,0.3831,0.161,28.47,,,Angel Stadium,
71,681715,Heriberto Hernandez,MIA,AZ,2026-09-16T01:40:00Z,Scheduled,2,Michael Soroka,647336,R,48.9,Longshot,Watch List,"Projected Lineup, Strong Barrel, Premium Lineup Spot",54.8,34.7,28.2,95.5,50.0,7.9,No,No,2,Yes,Yes,RotoWire projected lineup; MLB probable pitchers,lineup projected / unconfirmed,H:2026/2025 P:2026/2025,,,Direct BvP not yet weighted; 2026/2025 Statcast baseline active,7,5,29,0,"Last 7 games: 5/29, 0 HR","same-side matchup; pitcher baseline 7.7% barrel, 8.5 HR allowed",neutral batted-ball profile; pitcher fly-ball pressure modest,12.89,46.87,90.9,101.7056,0.4693,0.2243,0.3466,74.0,43.85,47.17,31.04,19.8,0.2091,7.68,35.92,88.22,0.3937,0.1483,27.94,,,Chase Field,
72,800050,Chase DeLauter,CLE,CWS,2026-09-15T22:40:00Z,Scheduled,2,Davis Martin,663436,R,48.6,Longshot,Watch List,"Projected Lineup, Premium Lineup Spot, Platoon Edge",34.9,45.0,27.6,95.5,80.0,31.6,No,No,2,Yes,Yes,RotoWire projected lineup; MLB probable pitchers,lineup projected / unconfirmed,H:2026 P:2026/2025,,,Direct BvP not yet weighted; 2026/2025 Statcast baseline active,7,5,24,1,"Last 7 games: 5/24, 1 HR","platoon edge; pitcher baseline 7.5% barrel, 15.1 HR allowed",neutral batted-ball profile; pitcher fly-ball pressure modest,6.2,46.0,91.4,101.3267,0.426,0.15,0.344,71.5,18.7,37.9,19.6,14.0,0.165,7.49,44.53,90.42,0.4314,0.1594,24.04,,,Progressive Field,
73,592885,Christian Yelich,MIL,PIT,2026-09-15T22:40:00Z,Scheduled,4,Lake Bachar,669199,R,48.6,Longshot,Watch List,"Projected Lineup, Premium Lineup Spot, Platoon Edge",38.8,43.3,24.3,90.4,80.0,37.8,No,No,4,Yes,Yes,RotoWire projected lineup; MLB probable pitchers,lineup projected / unconfirmed,H:2026/2025 P:2026/2025,,,Direct BvP not yet weighted; 2026/2025 Statcast baseline active,7,6,24,1,"Last 7 games: 6/24, 1 HR","platoon edge; pitcher baseline 9.1% barrel, 12.1 HR allowed",neutral batted-ball profile; pitcher allows elevated contact,9.81,44.37,89.43,101.0955,0.4054,0.1688,0.3174,73.23,32.25,33.96,19.09,16.4,0.1593,9.09,36.6,89.32,0.3794,0.1731,32.06,,,PNC Park,
74,805808,Kevin McGonigle,DET,TOR,2026-09-15T23:07:00Z,Scheduled,1,Braydon Fisher,680755,R,48.2,Longshot,Watch List,"Projected Lineup, Premium Lineup Spot, Platoon Edge, Hot Hitter/Streak",33.8,36.1,30.4,88.7,80.0,83.6,No,No,1,Yes,Yes,RotoWire projected lineup; MLB probable pitchers,lineup projected / unconfirmed,H:2026 P:2026/2025,,,Direct BvP not yet weighted; 2026/2025 Statcast baseline active,7,9,29,3,Hot streak: 3 HR in last 7 games,"platoon edge; pitcher baseline 9.2% barrel, 6.8 HR allowed",fly-ball profile; pitcher fly-ball pressure modest,7.3,37.0,88.0,98.356,0.439,0.177,0.354,71.2,16.0,37.5,35.8,17.0,0.153,9.21,37.87,87.82,0.3566,0.1398,27.99,,,Rogers Centre,
75,683737,Michael Busch,CHC,ATL,2026-09-15T23:40:00Z,Scheduled,3,Martín Pérez,527048,L,48.2,Longshot,Watch List,"Projected Lineup, Strong Barrel, Premium Lineup Spot",45.2,38.2,29.8,92.1,50.0,45.3,No,No,3,Yes,Yes,RotoWire projected lineup; MLB probable pitchers,lineup projected / unconfirmed,H:2026/2025 P:2026/2025,,,Direct BvP not yet weighted; 2026/2025 Statcast baseline active,7,6,20,1,"Last 7 games: 6/20, 1 HR","same-side matchup; pitcher baseline 8.1% barrel, 10.9 HR allowed",fly-ball profile; pitcher fly-ball pressure modest,11.57,42.19,89.61,99.7311,0.4465,0.2062,0.3444,68.9,5.78,40.21,35.32,23.5,0.1885,8.07,37.51,87.99,0.4234,0.1639,24.13,,,Wrigley Field,
76,677594,Julio Rodriguez,SEA,LAA,2026-09-16T01:38:00Z,Scheduled,5,Ryan Johnson,696270,R,48.2,Longshot,Watch List,Projected Lineup,45.6,46.1,28.2,81.9,50.0,37.8,No,No,5,Yes,Yes,RotoWire projected lineup; MLB probable pitchers,lineup projected / unconfirmed,H:2026/2025 P:2026/2025,,,Direct BvP not yet weighted; 2026/2025 Statcast baseline active,7,7,28,1,"Last 7 games: 7/28, 1 HR","same-side matchup; pitcher baseline 9.4% barrel, 13.8 HR allowed",neutral batted-ball profile; pitcher allows elevated contact,9.1,45.48,90.75,102.8322,0.4531,0.1859,0.3377,76.61,66.36,38.35,25.49,24.3,0.1699,9.41,36.49,87.75,0.4353,0.1833,33.88,,,Angel Stadium,
77,691023,Jordan Walker,STL,SF,2026-09-15T23:45:00Z,Scheduled,4,Blade Tidwell,694918,R,47.9,Longshot,Watch List,"Projected Lineup, Strong Barrel, Premium Lineup Spot",54.4,36.8,22.1,90.4,50.0,12.0,No,No,4,Yes,Yes,RotoWire projected lineup; MLB probable pitchers,lineup projected / unconfirmed,H:2026/2025 P:2026/2025,,,Direct BvP not yet weighted; 2026/2025 Statcast baseline active,7,4,20,0,"Last 7 games: 4/20, 0 HR","same-side matchup; pitcher baseline 8.9% barrel, 5.4 HR allowed",EV profile; pitcher fly-ball pressure modest,12.23,49.23,92.44,104.5622,0.4365,0.1865,0.3235,78.87,83.05,38.38,23.84,21.4,0.1722,8.89,34.05,87.92,0.4087,0.1579,27.26,,,Busch Stadium,
78,677951,Bobby Witt,KC,HOU,2026-09-16T00:10:00Z,Scheduled,2,Hunter Brown,686613,R,47.9,Longshot,Watch List,"Projected Lineup, Strong Barrel, Premium Lineup Spot",56.9,22.5,27.6,95.5,50.0,33.7,No,No,2,Yes,Yes,RotoWire projected lineup; MLB probable pitchers,lineup projected / unconfirmed,H:2026/2025 P:2026/2025,,,Direct BvP not yet weighted; 2026/2025 Statcast baseline active,7,6,27,1,"Last 7 games: 6/27, 1 HR","same-side matchup; pitcher baseline 6.2% barrel, 12.8 HR allowed",EV profile; pitcher fly-ball pressure modest,12.15,50.25,92.6,103.4981,0.5094,0.2129,0.3762,73.95,42.65,31.01,27.48,19.5,0.1794,6.25,35.49,86.17,0.3278,0.122,23.3,,,Daikin Park,
79,683002,Gunnar Henderson,BAL,NYM,2026-09-15T23:10:00Z,Scheduled,4,Sean Manaea,640455,L,47.8,Longshot,Watch List,"Projected Lineup, Premium Lineup Spot",36.4,54.2,24.8,90.4,50.0,37.8,No,No,4,Yes,Yes,RotoWire projected lineup; MLB probable pitchers,lineup projected / unconfirmed,H:2026/2025 P:2026/2025,,,Direct BvP not yet weighted; 2026/2025 Statcast baseline active,7,6,24,1,"Last 7 games: 6/24, 1 HR","same-side matchup; pitcher baseline 10.4% barrel, 18.6 HR allowed",neutral batted-ball profile; pitcher fly-ball pressure modest,7.48,45.0,90.07,101.1819,0.4019,0.1497,0.3249,74.6,46.12,41.08,23.17,20.5,0.171,10.37,41.76,89.38,0.4444,0.1897,28.61,,,Citi Field,
80,641857,Ryan McMahon,NYY,MIN,2026-09-15T23:40:00Z,Scheduled,7,Bailey Ober,641927,R,47.8,Longshot,Watch List,"Projected Lineup, Strong Barrel, Platoon Edge",45.3,53.6,27.1,59.8,80.0,7.0,No,No,7,Yes,Yes,RotoWire projected lineup; MLB probable pitchers,lineup projected / unconfirmed,H:2026/2025 P:2026/2025,,,Direct BvP not yet weighted; 2026/2025 Statcast baseline active,7,4,24,0,"Last 7 games: 4/24, 0 HR","platoon edge; pitcher baseline 10.1% barrel, 21.6 HR allowed",neutral batted-ball profile; pitcher allows elevated contact,10.0,46.79,91.48,101.7867,0.3952,0.1674,0.3073,74.42,45.92,40.57,31.75,13.0,0.1488,10.13,37.07,88.9,0.455,0.2056,32.53,,,Target Field,
81,543807,George Springer,TOR,DET,2026-09-15T23:07:00Z,Scheduled,2,Drew Anderson,623454,R,47.6,Longshot,Watch List,"Projected Lineup, Premium Lineup Spot",40.3,39.1,30.4,95.5,50.0,50.3,No,No,2,Yes,Yes,RotoWire projected lineup; MLB probable pitchers,lineup projected / unconfirmed,H:2026/2025 P:2026,,,Direct BvP not yet weighted; 2026/2025 Statcast baseline active,7,8,24,1,Contact streak: 8/24 over last 7 games,"same-side matchup; pitcher baseline 8.4% barrel, 14.0 HR allowed",neutral batted-ball profile; pitcher fly-ball pressure modest,9.55,41.58,89.02,100.3828,0.438,0.1848,0.3354,73.31,35.86,40.88,26.86,20.1,0.1908,8.4,39.2,89.9,0.367,0.141,24.0,,,Rogers Centre,
82,593428,Xander Bogaerts,SD,COL,2026-09-16T00:40:00Z,Scheduled,6,Kyle Freeland,607536,L,47.6,Longshot,Watch List,"Projected Lineup, Platoon Edge",28.0,58.6,38.7,71.7,78.0,28.2,No,No,6,Yes,Yes,RotoWire projected lineup; MLB probable pitchers,lineup projected / unconfirmed,H:2026/2025 P:2026/2025,,,Direct BvP not yet weighted; 2026/2025 Statcast baseline active,7,8,26,0,"Last 7 games: 8/26, 0 HR","platoon edge; pitcher baseline 10.2% barrel, 23.4 HR allowed",neutral batted-ball profile; pitcher fly-ball pressure modest,6.06,40.46,89.14,100.0817,0.3815,0.1313,0.3207,72.31,28.29,43.03,23.62,11.0,0.1091,10.24,43.87,90.47,0.4751,0.1931,28.24,,,Coors Field,
83,661388,William Contreras,MIL,PIT,2026-09-15T22:40:00Z,Scheduled,5,Lake Bachar,669199,R,47.3,Longshot,Watch List,"Projected Lineup, Hot Hitter/Streak",40.2,43.3,24.3,81.9,50.0,79.9,No,No,5,Yes,Yes,RotoWire projected lineup; MLB probable pitchers,lineup projected / unconfirmed,H:2026/2025 P:2026/2025,,,Direct BvP not yet weighted; 2026/2025 Statcast baseline active,7,8,28,4,Hot streak: 4 HR in last 7 games,"same-side matchup; pitcher baseline 9.1% barrel, 12.1 HR allowed",neutral batted-ball profile; pitcher allows elevated contact,8.01,45.7,90.61,101.7098,0.4294,0.173,0.3336,73.41,36.44,35.83,24.57,17.0,0.1446,9.09,36.6,89.32,0.3794,0.1731,32.06,,,PNC Park,
84,669394,Jake Burger,TEX,BOS,2026-09-16T00:05:00Z,Scheduled,7,Patrick Sandoval,663776,L,47.3,Longshot,Watch List,"Projected Lineup, Strong Barrel, Platoon Edge",51.3,32.3,27.6,59.8,78.0,62.0,No,No,7,Yes,Yes,RotoWire projected lineup; MLB probable pitchers,lineup projected / unconfirmed,H:2026/2025 P:2026,,,Direct BvP not yet weighted; 2026/2025 Statcast baseline active,7,4,24,3,Hot streak: 3 HR in last 7 games,"platoon edge; pitcher baseline 6.5% barrel, 6.0 HR allowed",neutral batted-ball profile; pitcher fly-ball pressure modest,12.71,46.75,90.12,102.71,0.4381,0.2026,0.3177,75.37,58.21,41.04,28.25,23.0,0.19,6.5,35.7,87.6,0.441,0.161,24.4,,,Globe Life Field,
85,695657,Colson Montgomery,CWS,CLE,2026-09-15T22:40:00Z,Scheduled,5,Foster Griffin,656492,L,47.2,Longshot,Watch List,"Projected Lineup, Strong Barrel",51.8,41.6,27.6,81.9,50.0,0.0,No,No,5,Yes,Yes,RotoWire projected lineup; MLB probable pitchers,lineup projected / unconfirmed,H:2026/2025 P:2026,,,Direct BvP not yet weighted; 2026/2025 Statcast baseline active,7,1,23,0,"Last 7 games: 1/23, 0 HR","same-side matchup; pitcher baseline 8.7% barrel, 23.0 HR allowed",neutral batted-ball profile; pitcher fly-ball pressure modest,13.24,42.54,88.91,101.8869,0.4352,0.222,0.3151,76.72,70.72,48.81,32.81,28.0,0.2403,8.7,37.2,88.0,0.417,0.157,25.6,,,Progressive Field,
86,686611,Dylan Crews,WSH,PHI,2026-09-15T22:45:00Z,Scheduled,2,Cristopher Sánchez,650911,L,47.2,Longshot,Watch List,"Projected Lineup, Premium Lineup Spot, Platoon Edge",39.3,31.4,28.2,95.5,78.0,40.7,No,No,2,Yes,Yes,RotoWire projected lineup; MLB probable pitchers,lineup projected / unconfirmed,H:2026/2025 P:2026/2025,,,Direct BvP not yet weighted; 2026/2025 Statcast baseline active,7,7,26,1,"Last 7 games: 7/26, 1 HR","platoon edge; pitcher baseline 6.7% barrel, 14.8 HR allowed",neutral batted-ball profile; pitcher fly-ball pressure modest,9.31,41.43,90.12,101.0105,0.4042,0.1685,0.3098,73.83,37.65,34.57,26.72,10.7,0.1475,6.68,40.64,89.07,0.3541,0.1214,16.13,,,Nationals Park,
87,676724,Jared Young,NYM,BAL,2026-09-15T23:10:00Z,Scheduled,5,Shane Baz,669358,R,47.2,Longshot,Watch List,"Projected Lineup, Platoon Edge",39.3,40.8,24.8,81.9,80.0,41.2,No,No,5,Yes,Yes,RotoWire projected lineup; MLB probable pitchers,lineup projected / unconfirmed,H:2026/2025 P:2026/2025,,,Direct BvP not yet weighted; 2026/2025 Statcast baseline active,7,6,22,1,"Last 7 games: 6/22, 1 HR","platoon edge; pitcher baseline 7.5% barrel, 17.6 HR allowed",neutral batted-ball profile; pitcher fly-ball pressure modest,9.33,43.99,88.45,100.774,0.4126,0.1801,0.3086,73.37,33.18,41.05,27.23,7.5,0.2061,7.54,40.94,89.77,0.3923,0.1483,25.85,,,Citi Field,
88,695491,Joshua Baez,STL,SF,2026-09-15T23:45:00Z,Scheduled,7,Blade Tidwell,694918,R,47.2,Longshot,Watch List,"Projected Lineup, Strong Barrel",63.9,36.8,22.1,59.8,50.0,22.4,No,No,7,Yes,Yes,RotoWire projected lineup; MLB probable pitchers,lineup projected / unconfirmed,H:2026 P:2026/2025,,,Direct BvP not yet weighted; 2026/2025 Statcast baseline active,7,7,26,0,"Last 7 games: 7/26, 0 HR","same-side matchup; pitcher baseline 8.9% barrel, 5.4 HR allowed",lift-pull EV profile; pitcher fly-ball pressure modest,13.1,49.2,92.8,102.5236,0.468,0.248,0.316,77.5,74.3,45.9,39.3,7.0,0.304,8.89,34.05,87.92,0.4087,0.1579,27.26,,,Busch Stadium,
89,663993,Nathaniel Lowe,CLE,CWS,2026-09-15T22:40:00Z,Scheduled,6,Davis Martin,663436,R,47.1,Longshot,Watch List,"Projected Lineup, Platoon Edge",37.2,45.0,27.6,71.7,80.0,52.0,No,No,6,Yes,Yes,RotoWire projected lineup; MLB probable pitchers,lineup projected / unconfirmed,H:2026/2025 P:2026/2025,,,Direct BvP not yet weighted; 2026/2025 Statcast baseline active,7,4,18,2,Hot streak: 2 HR in last 7 games,"platoon edge; pitcher baseline 7.5% barrel, 15.1 HR allowed",neutral batted-ball profile; pitcher fly-ball pressure modest,8.47,41.15,89.28,100.7433,0.422,0.166,0.3275,73.93,38.87,34.54,26.34,17.3,0.1887,7.49,44.53,90.42,0.4314,0.1594,24.04,,,Progressive Field,
90,665953,Andres Chaparro,WSH,PHI,2026-09-15T22:45:00Z,Scheduled,3,Cristopher Sánchez,650911,L,47.1,Longshot,Watch List,"Projected Lineup, Strong Barrel, Premium Lineup Spot, Platoon Edge",40.9,31.4,28.2,92.1,78.0,37.8,No,No,3,Yes,Yes,RotoWire projected lineup; MLB probable pitchers,lineup projected / unconfirmed,H:2026/2025 P:2026/2025,,,Direct BvP not yet weighted; 2026/2025 Statcast baseline active,7,5,20,1,"Last 7 games: 5/20, 1 HR","platoon edge; pitcher baseline 6.7% barrel, 14.8 HR allowed",neutral batted-ball profile; pitcher fly-ball pressure modest,11.59,41.65,88.38,100.6943,0.3943,0.1792,0.3112,74.0,41.46,49.85,25.32,7.3,0.1908,6.68,40.64,89.07,0.3541,0.1214,16.13,,,Nationals Park,
91,665489,Vladimir Guerrero,TOR,DET,2026-09-15T23:07:00Z,Scheduled,3,Drew Anderson,623454,R,47.1,Longshot,Watch List,"Projected Lineup, Premium Lineup Spot",40.5,39.1,30.4,92.1,50.0,48.5,No,No,3,Yes,Yes,RotoWire projected lineup; MLB probable pitchers,lineup projected / unconfirmed,H:2026/2025 P:2026,,,Direct BvP not yet weighted; 2026/2025 Statcast baseline active,7,9,28,1,Contact streak: 9/28 over last 7 games,"same-side matchup; pitcher baseline 8.4% barrel, 14.0 HR allowed",neutral batted-ball profile; pitcher fly-ball pressure modest,8.42,46.36,90.95,103.4349,0.4353,0.1458,0.349,76.42,63.96,35.32,19.31,13.2,0.1225,8.4,39.2,89.9,0.367,0.141,24.0,,,Rogers Centre,
92,664040,Brandon Lowe,PIT,MIL,2026-09-15T22:40:00Z,Scheduled,2,Jacob Misiorowski,694819,R,47.0,Longshot,Watch List,"Projected Lineup, Strong Barrel, Premium Lineup Spot, Platoon Edge",50.0,19.2,24.3,95.5,80.0,34.2,No,No,2,Yes,Yes,RotoWire projected lineup; MLB probable pitchers,lineup projected / unconfirmed,H:2026/2025 P:2026/2025,,,Direct BvP not yet weighted; 2026/2025 Statcast baseline active,7,8,23,0,Contact streak: 8/23 over last 7 games,"platoon edge; pitcher baseline 5.1% barrel, 12.2 HR allowed",neutral batted-ball profile; pitcher fly-ball pressure modest,11.81,45.48,90.96,101.3615,0.4388,0.197,0.3252,73.66,40.16,46.51,32.71,29.6,0.2175,5.1,34.56,87.67,0.281,0.101,25.85,,,PNC Park,
93,703607,Henry Bolte,ATH,TB,2026-09-15T22:40:00Z,Scheduled,1,Griffin Jax,643377,R,46.9,Longshot,Watch List,"Projected Lineup, Premium Lineup Spot",36.5,44.6,27.6,88.7,50.0,62.4,No,No,1,Yes,Yes,RotoWire projected lineup; MLB probable pitchers,lineup projected / unconfirmed,H:2026 P:2026/2025,,,Direct BvP not yet weighted; 2026/2025 Statcast baseline active,7,7,24,2,Hot streak: 2 HR in last 7 games,"same-side matchup; pitcher baseline 9.5% barrel, 12.6 HR allowed",neutral batted-ball profile; pitcher fly-ball pressure modest,7.5,47.6,90.8,104.2629,0.372,0.126,0.317,76.9,71.4,32.0,15.8,10.0,0.123,9.47,42.0,89.13,0.4056,0.1576,23.44,,,Tropicana Field,
94,679822,Justin Foscue,TEX,BOS,2026-09-16T00:05:00Z,Scheduled,4,Patrick Sandoval,663776,L,46.9,Longshot,Watch List,"Projected Lineup, Premium Lineup Spot, Platoon Edge",42.1,32.3,27.6,90.4,78.0,28.9,No,No,4,Yes,Yes,RotoWire projected lineup; MLB probable pitchers,lineup projected / unconfirmed,H:2026/2025 P:2026,,,Direct BvP not yet weighted; 2026/2025 Statcast baseline active,7,5,16,0,"Last 7 games: 5/16, 0 HR","platoon edge; pitcher baseline 6.5% barrel, 6.0 HR allowed",fly-ball profile; pitcher fly-ball pressure modest,7.84,49.48,90.55,99.5053,0.3979,0.1761,0.2876,70.96,9.59,46.78,37.54,7.7,0.1915,6.5,35.7,87.6,0.441,0.161,24.4,,,Globe Life Field,
95,669134,Luis Campusano,SD,COL,2026-09-16T00:40:00Z,Scheduled,4,Kyle Freeland,607536,L,46.9,Longshot,Watch List,"Projected Lineup, Premium Lineup Spot, Platoon Edge",21.2,58.6,38.7,90.4,78.0,7.9,No,No,4,Yes,Yes,RotoWire projected lineup; MLB probable pitchers,lineup projected / unconfirmed,H:2026/2025 P:2026/2025,,,Direct BvP not yet weighted; 2026/2025 Statcast baseline active,7,5,29,0,"Last 7 games: 5/29, 0 HR","platoon edge; pitcher baseline 10.2% barrel, 23.4 HR allowed",neutral batted-ball profile; pitcher fly-ball pressure modest,6.44,35.6,87.59,98.37,0.3109,0.1169,0.2983,72.96,29.92,46.07,20.22,4.9,0.1225,10.24,43.87,90.47,0.4751,0.1931,28.24,,,Coors Field,
96,690993,Colt Keith,DET,TOR,2026-09-15T23:07:00Z,Scheduled,3,Braydon Fisher,680755,R,46.7,Longshot,Watch List,"Projected Lineup, Premium Lineup Spot, Platoon Edge",36.1,36.1,30.4,92.1,80.0,30.3,No,No,3,Yes,Yes,RotoWire projected lineup; MLB probable pitchers,lineup projected / unconfirmed,H:2026/2025 P:2026/2025,,,Direct BvP not yet weighted; 2026/2025 Statcast baseline active,7,4,20,1,"Last 7 games: 4/20, 1 HR","platoon edge; pitcher baseline 9.2% barrel, 6.8 HR allowed",neutral batted-ball profile; pitcher fly-ball pressure modest,8.15,42.93,89.23,100.3346,0.4328,0.1625,0.3368,71.61,16.9,37.45,26.09,10.9,0.1486,9.21,37.87,87.82,0.3566,0.1398,27.99,,,Rogers Centre,
97,663586,Austin Riley,ATL,CHC,2026-09-15T23:40:00Z,Scheduled,7,Kevin Gausman,592332,R,46.7,Longshot,Watch List,"Projected Lineup, Strong Barrel",53.5,41.9,29.8,59.8,50.0,32.9,No,No,7,Yes,Yes,RotoWire projected lineup; MLB probable pitchers,lineup projected / unconfirmed,H:2026/2025 P:2026/2025,,,Direct BvP not yet weighted; 2026/2025 Statcast baseline active,7,5,23,1,"Last 7 games: 5/23, 1 HR","same-side matchup; pitcher baseline 7.7% barrel, 23.1 HR allowed",neutral batted-ball profile; pitcher fly-ball pressure modest,13.1,46.49,91.67,102.7625,0.4195,0.1956,0.309,75.83,59.78,40.36,31.15,16.7,0.1519,7.73,39.93,88.95,0.4077,0.1613,26.16,,,Wrigley Field,
98,668939,Adley Rutschman,BOS,TEX,2026-09-16T00:05:00Z,Scheduled,5,,,,46.6,Longshot,Watch List,"Projected Lineup, Platoon Edge, Hot Hitter/Streak",32.6,40.2,27.6,81.9,75.0,77.4,No,No,5,Yes,Yes,RotoWire projected lineup; MLB probable pitchers,lineup projected / unconfirmed,H:2026/2025 P:,,,Direct BvP not yet weighted; 2026/2025 Statcast baseline active,7,7,26,3,Hot streak: 3 HR in last 7 games,"switch hitter; pitcher baseline 0.0% barrel, 0.0 HR allowed",neutral batted-ball profile; pitcher fly-ball pressure modest,7.22,39.58,88.98,99.3785,0.4163,0.1641,0.332,70.42,12.0,39.52,29.43,11.1,0.1726,,,,,,,,,Globe Life Field,
99,650490,Yandy Diaz,TB,ATH,2026-09-15T22:40:00Z,Scheduled,1,Jack Perkins,678022,R,46.4,Longshot,Watch List,"Projected Lineup, Premium Lineup Spot",41.6,40.3,27.6,88.7,50.0,39.0,No,No,1,Yes,Yes,RotoWire projected lineup; MLB probable pitchers,lineup projected / unconfirmed,H:2026/2025 P:2026/2025,,,Direct BvP not yet weighted; 2026/2025 Statcast baseline active,7,8,31,1,"Last 7 games: 8/31, 1 HR","same-side matchup; pitcher baseline 9.0% barrel, 15.2 HR allowed",neutral batted-ball profile; pitcher allows elevated contact,7.53,49.63,91.67,103.3042,0.4495,0.1642,0.3512,73.57,37.44,23.6,19.51,22.9,0.168,9.04,36.79,87.87,0.3741,0.1482,33.61,,,Tropicana Field,
100,663886,Tyler Stephenson,CIN,LAD,2026-09-15T22:40:00Z,Scheduled,5,Yoshinobu Yamamoto,808967,R,46.0,Longshot,Watch List,"Projected Lineup, Strong Barrel",50.7,28.1,39.3,81.9,50.0,13.6,No,No,5,Yes,Yes,RotoWire projected lineup; MLB probable pitchers,lineup projected / unconfirmed,H:2026/2025 P:2026/2025,,,Direct BvP not yet weighted; 2026/2025 Statcast baseline active,7,4,19,0,"Last 7 games: 4/19, 0 HR","same-side matchup; pitcher baseline 6.5% barrel, 17.5 HR allowed",neutral batted-ball profile; pitcher fly-ball pressure modest,13.24,46.19,90.99,100.4906,0.4312,0.1991,0.3264,70.45,6.72,36.94,33.5,14.4,0.1795,6.47,37.6,88.09,0.3306,0.1207,22.94,,,Great American Ball Park,
101,664023,Ian Happ,CHC,ATL,2026-09-15T23:40:00Z,Scheduled,5,Martín Pérez,527048,L,45.9,Longshot,Watch List,"Projected Lineup, Strong Barrel, Platoon Edge",43.1,37.0,29.8,81.9,75.0,2.0,No,No,5,Yes,Yes,RotoWire projected lineup; MLB probable pitchers,lineup projected / unconfirmed,H:2026/2025 P:2026/2025,,,Direct BvP not yet weighted; 2026/2025 Statcast baseline active,7,2,15,0,"Last 7 games: 2/15, 0 HR","switch hitter; pitcher baseline 8.1% barrel, 10.9 HR allowed",neutral batted-ball profile; pitcher fly-ball pressure modest,10.96,42.58,89.51,100.741,0.4129,0.1909,0.3274,71.74,17.87,45.03,31.34,23.0,0.1868,8.07,37.51,87.99,0.4234,0.1639,24.13,,,Wrigley Field,
102,553993,Eugenio Suarez,CIN,LAD,2026-09-15T22:40:00Z,Scheduled,6,Yoshinobu Yamamoto,808967,R,45.8,Longshot,Watch List,"Projected Lineup, Strong Barrel, Hot Hitter/Streak",44.8,28.1,39.3,71.7,50.0,76.1,No,No,6,Yes,Yes,RotoWire projected lineup; MLB probable pitchers,lineup projected / unconfirmed,H:2026/2025 P:2026/2025,,,Direct BvP not yet weighted; 2026/2025 Statcast baseline active,7,6,23,3,Hot streak: 3 HR in last 7 games,"same-side matchup; pitcher baseline 6.5% barrel, 17.5 HR allowed",fly-ball profile; pitcher fly-ball pressure modest,12.9,39.41,88.94,100.0771,0.3986,0.1953,0.3053,72.16,23.14,46.98,35.16,31.5,0.2455,6.47,37.6,88.09,0.3306,0.1207,22.94,,,Great American Ball Park,
103,683146,Brett Baty,NYM,BAL,2026-09-15T23:10:00Z,Scheduled,8,Shane Baz,669358,R,45.6,Longshot,Watch List,"Projected Lineup, Strong Barrel, Platoon Edge",44.6,40.8,24.8,47.9,80.0,68.7,No,No,8,Yes,Yes,RotoWire projected lineup; MLB probable pitchers,lineup projected / unconfirmed,H:2026/2025 P:2026/2025,,,Direct BvP not yet weighted; 2026/2025 Statcast baseline active,7,6,18,2,Hot streak: 2 HR in last 7 games,"platoon edge; pitcher baseline 7.5% barrel, 17.6 HR allowed",neutral batted-ball profile; pitcher fly-ball pressure modest,10.94,43.26,90.42,101.7061,0.4178,0.177,0.3186,75.08,53.86,35.75,26.66,12.4,0.1502,7.54,40.94,89.77,0.3923,0.1483,25.85,,,Citi Field,
104,668804,Bryan Reynolds,PIT,MIL,2026-09-15T22:40:00Z,Scheduled,3,Jacob Misiorowski,694819,R,45.4,Longshot,Watch List,"Projected Lineup, Strong Barrel, Premium Lineup Spot, Platoon Edge",48.7,17.9,24.3,92.1,75.0,34.9,No,No,3,Yes,Yes,RotoWire projected lineup; MLB probable pitchers,lineup projected / unconfirmed,H:2026/2025 P:2026/2025,,,Direct BvP not yet weighted; 2026/2025 Statcast baseline active,7,6,26,1,"Last 7 games: 6/26, 1 HR","switch hitter; pitcher baseline 5.1% barrel, 12.2 HR allowed",neutral batted-ball profile; pitcher fly-ball pressure modest,11.22,47.89,91.13,102.016,0.4519,0.1946,0.3527,72.62,28.02,39.73,26.23,16.7,0.1612,5.1,34.56,87.67,0.281,0.101,25.85,,,PNC Park,
105,607208,Trea Turner,PHI,WSH,2026-09-15T22:45:00Z,Scheduled,2,Jackson Kent,800600,L,45.3,Longshot,Watch List,"Projected Lineup, Premium Lineup Spot, Platoon Edge",27.2,36.5,28.2,95.5,78.0,60.0,No,No,2,Yes,Yes,RotoWire projected lineup; MLB probable pitchers,lineup projected / unconfirmed,H:2026/2025 P:2026,,,Direct BvP not yet weighted; 2026/2025 Statcast baseline active,7,8,29,2,Hot streak: 2 HR in last 7 games,"platoon edge; pitcher baseline 8.1% barrel, 1.0 HR allowed",neutral batted-ball profile; pitcher fly-ball pressure modest,6.29,40.07,88.6,99.2324,0.3792,0.1295,0.3,71.45,18.51,34.89,25.41,17.8,0.1467,8.1,41.9,88.2,0.419,0.154,20.9,,,Nationals Park,
106,694249,Cole Carrigg,COL,SD,2026-09-16T00:40:00Z,Scheduled,2,Walker Buehler,621111,R,45.1,Longshot,Watch List,"Projected Lineup, Premium Lineup Spot, Platoon Edge",23.9,41.0,38.7,95.5,75.0,28.1,No,No,2,Yes,Yes,RotoWire projected lineup; MLB probable pitchers,lineup projected / unconfirmed,H:2026 P:2026/2025,,,Direct BvP not yet weighted; 2026/2025 Statcast baseline active,7,5,27,1,"Last 7 games: 5/27, 1 HR","switch hitter; pitcher baseline 8.7% barrel, 19.9 HR allowed",neutral batted-ball profile; pitcher fly-ball pressure modest,5.3,34.3,87.4,98.4131,0.383,0.136,0.311,73.2,34.4,48.6,28.1,7.0,0.176,8.73,38.29,88.95,0.4136,0.1631,23.3,,,Coors Field,
107,701807,Carson Benge,NYM,BAL,2026-09-15T23:10:00Z,Scheduled,4,Shane Baz,669358,R,45.0,Longshot,Watch List,"Projected Lineup, Premium Lineup Spot, Platoon Edge",30.2,40.8,24.8,90.4,80.0,33.7,No,No,4,Yes,Yes,RotoWire projected lineup; MLB probable pitchers,lineup projected / unconfirmed,H:2026 P:2026/2025,,,Direct BvP not yet weighted; 2026/2025 Statcast baseline active,7,6,27,1,"Last 7 games: 6/27, 1 HR","platoon edge; pitcher baseline 7.5% barrel, 17.6 HR allowed",neutral batted-ball profile; pitcher fly-ball pressure modest,6.9,38.4,88.7,99.5691,0.424,0.15,0.334,71.0,17.7,34.3,26.5,17.0,0.14,7.54,40.94,89.77,0.3923,0.1483,25.85,,,Citi Field,
108,608324,Alex Bregman,CHC,ATL,2026-09-15T23:40:00Z,Scheduled,4,Martín Pérez,527048,L,45.0,Longshot,Watch List,"Projected Lineup, Premium Lineup Spot, Platoon Edge",27.8,38.2,29.8,90.4,78.0,50.3,No,No,4,Yes,Yes,RotoWire projected lineup; MLB probable pitchers,lineup projected / unconfirmed,H:2026/2025 P:2026/2025,,,Direct BvP not yet weighted; 2026/2025 Statcast baseline active,7,8,24,1,Contact streak: 8/24 over last 7 games,"platoon edge; pitcher baseline 8.1% barrel, 10.9 HR allowed",neutral batted-ball profile; pitcher fly-ball pressure modest,6.04,39.36,88.77,98.3478,0.3934,0.1439,0.3258,70.09,4.94,47.56,27.3,22.9,0.1876,8.07,37.51,87.99,0.4234,0.1639,24.13,,,Wrigley Field,
109,668709,JJ Bleday,CIN,LAD,2026-09-15T22:40:00Z,Scheduled,4,Yoshinobu Yamamoto,808967,R,44.9,Longshot,Watch List,"Projected Lineup, Premium Lineup Spot, Platoon Edge",37.3,28.1,39.3,90.4,80.0,2.5,No,No,4,Yes,Yes,RotoWire projected lineup; MLB probable pitchers,lineup projected / unconfirmed,H:2026/2025 P:2026/2025,,,Direct BvP not yet weighted; 2026/2025 Statcast baseline active,7,3,22,0,"Last 7 games: 3/22, 0 HR","platoon edge; pitcher baseline 6.5% barrel, 17.5 HR allowed",neutral batted-ball profile; pitcher fly-ball pressure modest,9.2,39.75,88.49,99.7995,0.3996,0.1718,0.3222,73.0,26.81,47.21,32.92,19.6,0.199,6.47,37.6,88.09,0.3306,0.1207,22.94,,,Great American Ball Park,
110,662139,Daulton Varsho,HOU,KC,2026-09-16T00:10:00Z,Scheduled,5,Michael Wacha,608379,R,44.9,Longshot,Watch List,"Projected Lineup, Platoon Edge",35.9,36.6,27.6,81.9,80.0,29.2,No,No,5,Yes,Yes,RotoWire projected lineup; MLB probable pitchers,lineup projected / unconfirmed,H:2026/2025 P:2026/2025,,,Direct BvP not yet weighted; 2026/2025 Statcast baseline active,7,5,26,1,"Last 7 games: 5/26, 1 HR","platoon edge; pitcher baseline 6.9% barrel, 21.3 HR allowed",neutral batted-ball profile; pitcher fly-ball pressure modest,9.6,37.64,87.73,99.4525,0.3988,0.169,0.299,73.71,36.39,41.15,31.62,13.7,0.1861,6.91,35.51,87.85,0.406,0.1605,28.81,,,Daikin Park,
111,669224,Austin Wells,NYY,MIN,2026-09-15T23:40:00Z,Scheduled,8,Bailey Ober,641927,R,44.6,Longshot,Watch List,"Projected Lineup, Platoon Edge",36.1,53.6,27.1,47.9,80.0,36.7,No,No,8,Yes,Yes,RotoWire projected lineup; MLB probable pitchers,lineup projected / unconfirmed,H:2026/2025 P:2026/2025,,,Direct BvP not yet weighted; 2026/2025 Statcast baseline active,7,2,19,2,Hot streak: 2 HR in last 7 games,"platoon edge; pitcher baseline 10.1% barrel, 21.6 HR allowed",neutral batted-ball profile; pitcher allows elevated contact,7.82,43.59,89.69,100.6678,0.3606,0.1549,0.2889,72.91,27.67,44.98,33.42,14.0,0.1547,10.13,37.07,88.9,0.455,0.2056,32.53,,,Target Field,
112,673962,Josh Jung,TEX,BOS,2026-09-16T00:05:00Z,Scheduled,3,Patrick Sandoval,663776,L,44.6,Longshot,Watch List,"Projected Lineup, Premium Lineup Spot, Platoon Edge",34.8,32.3,27.6,92.1,78.0,26.4,No,No,3,Yes,Yes,RotoWire projected lineup; MLB probable pitchers,lineup projected / unconfirmed,H:2026/2025 P:2026,,,Direct BvP not yet weighted; 2026/2025 Statcast baseline active,7,8,27,0,"Last 7 games: 8/27, 0 HR","platoon edge; pitcher baseline 6.5% barrel, 6.0 HR allowed",neutral batted-ball profile; pitcher fly-ball pressure modest,6.76,47.47,90.07,100.3615,0.4259,0.1522,0.3334,70.41,7.83,37.83,23.15,10.5,0.1418,6.5,35.7,87.6,0.441,0.161,24.4,,,Globe Life Field,
113,672386,Alejandro Kirk,TOR,DET,2026-09-15T23:07:00Z,Scheduled,4,Drew Anderson,623454,R,44.5,Longshot,Watch List,"Projected Lineup, Premium Lineup Spot",30.3,39.1,30.4,90.4,50.0,68.7,No,No,4,Yes,Yes,RotoWire projected lineup; MLB probable pitchers,lineup projected / unconfirmed,H:2026/2025 P:2026,,,Direct BvP not yet weighted; 2026/2025 Statcast baseline active,7,9,27,2,Hot streak: 2 HR in last 7 games,"same-side matchup; pitcher baseline 8.4% barrel, 14.0 HR allowed",neutral batted-ball profile; pitcher fly-ball pressure modest,5.97,44.01,89.28,100.4774,0.4058,0.1393,0.3233,71.94,19.86,25.44,22.04,11.5,0.1474,8.4,39.2,89.9,0.367,0.141,24.0,,,Rogers Centre,
114,683953,Travis Bazzana,CLE,CWS,2026-09-15T22:40:00Z,Scheduled,5,Davis Martin,663436,R,44.4,Longshot,Watch List,"Projected Lineup, Platoon Edge, Hot Hitter/Streak",21.4,45.0,27.6,81.9,80.0,74.9,No,No,5,Yes,Yes,RotoWire projected lineup; MLB probable pitchers,lineup projected / unconfirmed,H:2026 P:2026/2025,,,Direct BvP not yet weighted; 2026/2025 Statcast baseline active,7,9,24,2,Hot streak: 2 HR in last 7 games,"platoon edge; pitcher baseline 7.5% barrel, 15.1 HR allowed",neutral batted-ball profile; pitcher fly-ball pressure modest,4.8,37.3,88.0,98.5209,0.353,0.123,0.307,69.7,12.3,39.3,28.1,12.0,0.146,7.49,44.53,90.42,0.4314,0.1594,24.04,,,Progressive Field,
115,521692,Salvador Perez,KC,HOU,2026-09-16T00:10:00Z,Scheduled,4,Hunter Brown,686613,R,44.4,Longshot,Watch List,"Projected Lineup, Strong Barrel, Premium Lineup Spot",47.0,22.5,27.6,90.4,50.0,43.2,No,No,4,Yes,Yes,RotoWire projected lineup; MLB probable pitchers,lineup projected / unconfirmed,H:2026/2025 P:2026/2025,,,Direct BvP not yet weighted; 2026/2025 Statcast baseline active,7,8,28,1,"Last 7 games: 8/28, 1 HR","same-side matchup; pitcher baseline 6.2% barrel, 12.8 HR allowed",neutral batted-ball profile; pitcher fly-ball pressure modest,11.51,43.83,89.37,100.774,0.4598,0.2079,0.3248,72.06,22.42,41.98,31.06,22.3,0.1694,6.25,35.49,86.17,0.3278,0.122,23.3,,,Daikin Park,
116,669242,Tommy Edman,LAD,CIN,2026-09-15T22:40:00Z,Scheduled,1,Rhett Lowder,695076,R,44.3,Longshot,Watch List,"Projected Lineup, Premium Lineup Spot, Platoon Edge",21.0,51.5,39.3,88.7,75.0,0.0,No,No,1,Yes,Yes,RotoWire projected lineup; MLB probable pitchers,lineup projected / unconfirmed,H:2026/2025 P:2026,,,Direct BvP not yet weighted; 2026/2025 Statcast baseline active,7,0,22,0,"Last 7 games: 0/22, 0 HR","switch hitter; pitcher baseline 9.9% barrel, 17.0 HR allowed",neutral batted-ball profile; pitcher fly-ball pressure modest,4.99,35.91,87.81,98.9914,0.3718,0.1153,0.314,70.59,13.51,43.23,26.57,8.1,0.1402,9.9,39.0,90.1,0.464,0.192,28.1,,,Great American Ball Park,
117,693307,Dillon Dingler,DET,TOR,2026-09-15T23:07:00Z,Scheduled,5,Braydon Fisher,680755,R,44.3,Longshot,Watch List,Projected Lineup,42.3,36.1,30.4,81.9,50.0,22.6,No,No,5,Yes,Yes,RotoWire projected lineup; MLB probable pitchers,lineup projected / unconfirmed,H:2026/2025 P:2026/2025,,,Direct BvP not yet weighted; 2026/2025 Statcast baseline active,7,4,27,1,"Last 7 games: 4/27, 1 HR","same-side matchup; pitcher baseline 9.2% barrel, 6.8 HR allowed",neutral batted-ball profile; pitcher fly-ball pressure modest,9.76,43.25,88.88,100.5274,0.465,0.1969,0.342,71.77,15.69,41.36,28.85,22.8,0.1925,9.21,37.87,87.82,0.3566,0.1398,27.99,,,Rogers Centre,
118,682626,Francisco Alvarez,NYM,BAL,2026-09-15T23:10:00Z,Scheduled,9,Shane Baz,669358,R,44.3,Longshot,Watch List,"Projected Lineup, Strong Barrel",54.4,40.8,24.8,40.2,50.0,53.3,No,No,9,Yes,Yes,RotoWire projected lineup; MLB probable pitchers,lineup projected / unconfirmed,H:2026/2025 P:2026/2025,,,Direct BvP not yet weighted; 2026/2025 Statcast baseline active,7,6,26,2,Hot streak: 2 HR in last 7 games,"same-side matchup; pitcher baseline 7.5% barrel, 17.6 HR allowed",neutral batted-ball profile; pitcher fly-ball pressure modest,14.41,48.63,91.28,102.9514,0.4321,0.2017,0.3253,74.11,42.04,37.4,24.82,13.8,0.1749,7.54,40.94,89.77,0.3923,0.1483,25.85,,,Citi Field,
119,669357,Nolan Gorman,STL,SF,2026-09-15T23:45:00Z,Scheduled,6,Blade Tidwell,694918,R,44.3,Longshot,Watch List,"Projected Lineup, Strong Barrel, Platoon Edge",41.3,36.8,22.1,71.7,80.0,26.4,No,No,6,Yes,Yes,RotoWire projected lineup; MLB probable pitchers,lineup projected / unconfirmed,H:2026/2025 P:2026/2025,,,Direct BvP not yet weighted; 2026/2025 Statcast baseline active,7,4,23,1,"Last 7 games: 4/23, 1 HR","platoon edge; pitcher baseline 8.9% barrel, 5.4 HR allowed",fly-ball profile; pitcher fly-ball pressure modest,10.04,42.36,89.46,100.7162,0.3692,0.1725,0.2841,73.19,30.94,44.11,38.73,10.5,0.1419,8.89,34.05,87.92,0.4087,0.1579,27.26,,,Busch Stadium,
120,607043,Brandon Nimmo,TEX,BOS,2026-09-16T00:05:00Z,Scheduled,5,Patrick Sandoval,663776,L,44.2,Longshot,Watch List,Projected Lineup,46.7,32.3,27.6,81.9,50.0,18.2,No,No,5,Yes,Yes,RotoWire projected lineup; MLB probable pitchers,lineup projected / unconfirmed,H:2026/2025 P:2026,,,Direct BvP not yet weighted; 2026/2025 Statcast baseline active,7,7,29,0,"Last 7 games: 7/29, 0 HR","same-side matchup; pitcher baseline 6.5% barrel, 6.0 HR allowed",EV profile; pitcher fly-ball pressure modest,9.29,50.9,92.11,102.0745,0.4442,0.1782,0.3385,72.34,27.74,33.45,25.84,17.3,0.1579,6.5,35.7,87.6,0.441,0.161,24.4,,,Globe Life Field,
121,641487,J.P. Crawford,SEA,LAA,2026-09-16T01:38:00Z,Scheduled,1,Ryan Johnson,696270,R,44.1,Longshot,Watch List,"Projected Lineup, Premium Lineup Spot, Platoon Edge",19.6,46.1,28.2,88.7,80.0,53.7,No,No,1,Yes,Yes,RotoWire projected lineup; MLB probable pitchers,lineup projected / unconfirmed,H:2026/2025 P:2026/2025,,,Direct BvP not yet weighted; 2026/2025 Statcast baseline active,7,7,30,2,Hot streak: 2 HR in last 7 games,"platoon edge; pitcher baseline 9.4% barrel, 13.8 HR allowed",neutral batted-ball profile; pitcher allows elevated contact,5.39,34.0,87.48,97.9862,0.3636,0.1179,0.3238,71.21,18.53,34.86,21.42,11.3,0.1176,9.41,36.49,87.75,0.4353,0.1833,33.88,,,Angel Stadium,
122,694671,Wyatt Langford,TEX,BOS,2026-09-16T00:05:00Z,Scheduled,6,Patrick Sandoval,663776,L,44.0,Longshot,Watch List,"Projected Lineup, Platoon Edge",39.1,32.3,27.6,71.7,78.0,43.7,No,No,6,Yes,Yes,RotoWire projected lineup; MLB probable pitchers,lineup projected / unconfirmed,H:2026/2025 P:2026,,,Direct BvP not yet weighted; 2026/2025 Statcast baseline active,7,4,24,2,Hot streak: 2 HR in last 7 games,"platoon edge; pitcher baseline 6.5% barrel, 6.0 HR allowed",neutral batted-ball profile; pitcher fly-ball pressure modest,9.24,40.35,89.72,100.4143,0.4095,0.1743,0.325,72.89,28.13,42.82,30.53,18.5,0.1963,6.5,35.7,87.6,0.441,0.161,24.4,,,Globe Life Field,
123,630105,Jake Cronenworth,SD,COL,2026-09-16T00:40:00Z,Scheduled,2,Kyle Freeland,607536,L,44.0,Longshot,Watch List,"Projected Lineup, Premium Lineup Spot",13.6,58.6,38.7,95.5,50.0,34.9,No,No,2,Yes,Yes,RotoWire projected lineup; MLB probable pitchers,lineup projected / unconfirmed,H:2026/2025 P:2026/2025,,,Direct BvP not yet weighted; 2026/2025 Statcast baseline active,7,6,26,1,"Last 7 games: 6/26, 1 HR","same-side matchup; pitcher baseline 10.2% barrel, 23.4 HR allowed",neutral batted-ball profile; pitcher fly-ball pressure modest,3.82,31.44,87.45,97.612,0.3103,0.0958,0.2833,71.32,17.04,31.54,24.26,6.8,0.0946,10.24,43.87,90.47,0.4751,0.1931,28.24,,,Coors Field,
124,680869,Zack Gelof,ATH,TB,2026-09-15T22:40:00Z,Scheduled,6,Griffin Jax,643377,R,43.9,Longshot,Watch List,"Projected Lineup, Strong Barrel",40.6,44.6,27.6,71.7,50.0,23.4,No,No,6,Yes,Yes,RotoWire projected lineup; MLB probable pitchers,lineup projected / unconfirmed,H:2026/2025 P:2026/2025,,,Direct BvP not yet weighted; 2026/2025 Statcast baseline active,7,4,26,1,"Last 7 games: 4/26, 1 HR","same-side matchup; pitcher baseline 9.5% barrel, 12.6 HR allowed",neutral batted-ball profile; pitcher fly-ball pressure modest,10.4,44.05,88.94,99.9054,0.3816,0.1774,0.2848,73.22,26.8,39.67,28.36,13.2,0.1757,9.47,42.0,89.13,0.4056,0.1576,23.44,,,Tropicana Field,
125,682928,CJ Abrams,WSH,PHI,2026-09-15T22:45:00Z,Scheduled,4,Cristopher Sánchez,650911,L,43.7,Longshot,Watch List,"Projected Lineup, Premium Lineup Spot",39.0,31.4,28.2,90.4,50.0,37.8,No,No,4,Yes,Yes,RotoWire projected lineup; MLB probable pitchers,lineup projected / unconfirmed,H:2026/2025 P:2026/2025,,,Direct BvP not yet weighted; 2026/2025 Statcast baseline active,7,7,28,1,"Last 7 games: 7/28, 1 HR","same-side matchup; pitcher baseline 6.7% barrel, 14.8 HR allowed",neutral batted-ball profile; pitcher fly-ball pressure modest,9.35,40.95,89.4,99.9404,0.4213,0.1742,0.3237,72.82,27.33,44.08,28.66,26.7,0.2138,6.68,40.64,89.07,0.3541,0.1214,16.13,,,Nationals Park,
126,691781,Brady House,WSH,PHI,2026-09-15T22:45:00Z,Scheduled,5,Cristopher Sánchez,650911,L,43.6,Longshot,Watch List,"Projected Lineup, Platoon Edge",39.9,31.4,28.2,81.9,78.0,3.4,No,No,5,Yes,Yes,RotoWire projected lineup; MLB probable pitchers,lineup projected / unconfirmed,H:2026/2025 P:2026/2025,,,Direct BvP not yet weighted; 2026/2025 Statcast baseline active,7,3,21,0,"Last 7 games: 3/21, 0 HR","platoon edge; pitcher baseline 6.7% barrel, 14.8 HR allowed",neutral batted-ball profile; pitcher fly-ball pressure modest,8.57,47.07,89.87,101.733,0.4253,0.1602,0.3218,73.17,29.9,31.77,26.56,8.2,0.1335,6.68,40.64,89.07,0.3541,0.1214,16.13,,,Nationals Park,
127,664761,Alec Bohm,PHI,WSH,2026-09-15T22:45:00Z,Scheduled,5,Jackson Kent,800600,L,43.5,Longshot,Watch List,"Projected Lineup, Platoon Edge",33.0,36.5,28.2,81.9,78.0,22.9,No,No,5,Yes,Yes,RotoWire projected lineup; MLB probable pitchers,lineup projected / unconfirmed,H:2026/2025 P:2026,,,Direct BvP not yet weighted; 2026/2025 Statcast baseline active,7,6,22,0,"Last 7 games: 6/22, 0 HR","platoon edge; pitcher baseline 8.1% barrel, 1.0 HR allowed",neutral batted-ball profile; pitcher fly-ball pressure modest,6.13,44.65,90.66,100.4475,0.4116,0.1467,0.324,71.21,14.91,28.42,22.58,13.8,0.136,8.1,41.9,88.2,0.419,0.154,20.9,,,Nationals Park,
128,686469,Vinnie Pasquantino,KC,HOU,2026-09-16T00:10:00Z,Scheduled,5,Hunter Brown,686613,R,43.4,Longshot,Watch List,"Projected Lineup, Platoon Edge",40.2,22.5,27.6,81.9,80.0,37.8,No,No,5,Yes,Yes,RotoWire projected lineup; MLB probable pitchers,lineup projected / unconfirmed,H:2026/2025 P:2026/2025,,,Direct BvP not yet weighted; 2026/2025 Statcast baseline active,7,6,24,1,"Last 7 games: 6/24, 1 HR","platoon edge; pitcher baseline 6.2% barrel, 12.8 HR allowed",neutral batted-ball profile; pitcher fly-ball pressure modest,9.19,42.53,90.13,100.2549,0.4308,0.1791,0.3305,71.1,15.24,44.68,29.42,17.3,0.1641,6.25,35.49,86.17,0.3278,0.122,23.3,,,Daikin Park,
129,666139,Josh Lowe,LAA,SEA,2026-09-16T01:38:00Z,Scheduled,7,Logan Gilbert,669302,R,43.2,Longshot,Watch List,"Projected Lineup, Platoon Edge",32.3,48.7,28.2,59.8,80.0,20.3,No,No,7,Yes,Yes,RotoWire projected lineup; MLB probable pitchers,lineup projected / unconfirmed,H:2026/2025 P:2026/2025,,,Direct BvP not yet weighted; 2026/2025 Statcast baseline active,7,2,15,1,"Last 7 games: 2/15, 1 HR","platoon edge; pitcher baseline 9.7% barrel, 24.9 HR allowed",neutral batted-ball profile; pitcher fly-ball pressure modest,7.65,37.92,88.67,99.2529,0.3749,0.1555,0.2924,73.38,34.54,36.27,30.66,11.0,0.1474,9.72,41.49,90.03,0.3831,0.161,28.47,,,Angel Stadium,
130,805999,A.J. Ewing,NYM,BAL,2026-09-15T23:10:00Z,Scheduled,7,Shane Baz,669358,R,43.1,Longshot,Watch List,"Projected Lineup, Platoon Edge, Hot Hitter/Streak",30.8,40.8,24.8,59.8,80.0,76.4,No,No,7,Yes,Yes,RotoWire projected lineup; MLB probable pitchers,lineup projected / unconfirmed,H:2026 P:2026/2025,,,Direct BvP not yet weighted; 2026/2025 Statcast baseline active,7,10,26,2,Hot streak: 2 HR in last 7 games,"platoon edge; pitcher baseline 7.5% barrel, 17.6 HR allowed",neutral batted-ball profile; pitcher fly-ball pressure modest,7.0,42.2,89.4,100.1234,0.4,0.142,0.322,70.4,12.6,32.4,24.4,9.0,0.122,7.54,40.94,89.77,0.3923,0.1483,25.85,,,Citi Field,
131,677956,Rece Hinds,BAL,NYM,2026-09-15T23:10:00Z,Scheduled,6,Sean Manaea,640455,L,42.8,Longshot,Watch List,"Projected Lineup, Platoon Edge",23.9,54.2,24.8,71.7,78.0,22.9,No,No,6,Yes,Yes,RotoWire projected lineup; MLB probable pitchers,lineup projected / unconfirmed,H:2026/2025 P:2026/2025,,,Direct BvP not yet weighted; 2026/2025 Statcast baseline active,7,3,11,0,"Last 7 games: 3/11, 0 HR","platoon edge; pitcher baseline 10.4% barrel, 18.6 HR allowed",neutral batted-ball profile; pitcher fly-ball pressure modest,5.46,39.36,89.77,100.6162,0.234,0.0908,0.2057,73.95,43.56,43.44,28.09,0.6,0.1126,10.37,41.76,89.38,0.4444,0.1897,28.61,,,Citi Field,
132,664983,Jake McCarthy,COL,SD,2026-09-16T00:40:00Z,Scheduled,1,Walker Buehler,621111,R,42.8,Longshot,Watch List,"Projected Lineup, Premium Lineup Spot, Platoon Edge",16.3,43.2,38.7,88.7,80.0,33.7,No,No,1,Yes,Yes,RotoWire projected lineup; MLB probable pitchers,lineup projected / unconfirmed,H:2026/2025 P:2026/2025,,,Direct BvP not yet weighted; 2026/2025 Statcast baseline active,7,10,29,0,Contact streak: 10/29 over last 7 games,"platoon edge; pitcher baseline 8.7% barrel, 19.9 HR allowed",neutral batted-ball profile; pitcher fly-ball pressure modest,5.3,28.23,85.19,96.8839,0.3985,0.135,0.3105,70.82,12.91,37.31,22.01,11.7,0.1725,8.73,38.29,88.95,0.4136,0.1631,23.3,,,Coors Field,
133,687093,Vaughn Grissom,LAA,SEA,2026-09-16T01:38:00Z,Scheduled,4,Logan Gilbert,669302,R,42.8,Longshot,Watch List,"Projected Lineup, Premium Lineup Spot",25.6,48.7,28.2,90.4,50.0,25.3,No,No,4,Yes,Yes,RotoWire projected lineup; MLB probable pitchers,lineup projected / unconfirmed,H:2026 P:2026/2025,,,Direct BvP not yet weighted; 2026/2025 Statcast baseline active,7,4,24,1,"Last 7 games: 4/24, 1 HR","same-side matchup; pitcher baseline 9.7% barrel, 24.9 HR allowed",neutral batted-ball profile; pitcher fly-ball pressure modest,7.0,36.8,87.7,98.8703,0.377,0.135,0.305,70.9,16.4,40.1,24.8,11.0,0.144,9.72,41.49,90.03,0.3831,0.161,28.47,,,Angel Stadium,
134,608070,Jose Ramirez,CLE,CWS,2026-09-15T22:40:00Z,Scheduled,3,Davis Martin,663436,R,42.7,Longshot,Watch List,"Projected Lineup, Premium Lineup Spot, Platoon Edge",25.9,43.4,27.6,92.1,75.0,0.0,No,No,3,Yes,Yes,RotoWire projected lineup; MLB probable pitchers,lineup projected / unconfirmed,H:2026/2025 P:2026/2025,,,Direct BvP not yet weighted; 2026/2025 Statcast baseline active,7,3,30,0,"Last 7 games: 3/30, 0 HR","switch hitter; pitcher baseline 7.5% barrel, 15.1 HR allowed",neutral batted-ball profile; pitcher fly-ball pressure modest,4.97,37.77,88.76,99.1174,0.4082,0.1375,0.3308,70.27,12.77,50.48,28.78,16.7,0.1591,7.49,44.53,90.42,0.4314,0.1594,24.04,,,Progressive Field,
135,605137,Josh Bell,MIN,NYY,2026-09-15T23:40:00Z,Scheduled,4,Max Fried,608331,L,42.7,Longshot,Watch List,"Projected Lineup, Strong Barrel, Premium Lineup Spot, Platoon Edge",45.0,9.1,27.1,90.4,75.0,43.7,No,No,4,Yes,Yes,RotoWire projected lineup; MLB probable pitchers,lineup projected / unconfirmed,H:2026/2025 P:2026/2025,,,Direct BvP not yet weighted; 2026/2025 Statcast baseline active,7,4,24,2,Hot streak: 2 HR in last 7 games,"switch hitter; pitcher baseline 3.5% barrel, 7.0 HR allowed",neutral batted-ball profile; pitcher fly-ball pressure modest,10.49,43.71,89.98,101.0179,0.4556,0.2017,0.3408,72.33,28.5,41.36,26.85,19.9,0.1709,3.47,31.74,86.15,0.2968,0.0872,23.65,,,Target Field,
136,681198,TJ Rumfield,COL,SD,2026-09-16T00:40:00Z,Scheduled,3,Walker Buehler,621111,R,42.6,Longshot,Watch List,"Projected Lineup, Premium Lineup Spot, Platoon Edge",13.4,43.2,38.7,92.1,80.0,37.6,No,No,3,Yes,Yes,RotoWire projected lineup; MLB probable pitchers,lineup projected / unconfirmed,H:2026 P:2026/2025,,,Direct BvP not yet weighted; 2026/2025 Statcast baseline active,7,10,27,0,Contact streak: 10/27 over last 7 games,"platoon edge; pitcher baseline 8.7% barrel, 19.9 HR allowed",neutral batted-ball profile; pitcher fly-ball pressure modest,4.9,27.6,84.3,96.1406,0.388,0.127,0.335,68.5,7.8,41.4,28.7,15.0,0.158,8.73,38.29,88.95,0.4136,0.1631,23.3,,,Coors Field,
137,666182,Bo Bichette,NYM,BAL,2026-09-15T23:10:00Z,Scheduled,3,Shane Baz,669358,R,42.5,Longshot,Watch List,"Projected Lineup, Premium Lineup Spot",33.4,40.8,24.8,92.1,50.0,12.0,No,No,3,Yes,Yes,RotoWire projected lineup; MLB probable pitchers,lineup projected / unconfirmed,H:2026/2025 P:2026/2025,,,Direct BvP not yet weighted; 2026/2025 Statcast baseline active,7,6,30,0,"Last 7 games: 6/30, 0 HR","same-side matchup; pitcher baseline 7.5% barrel, 17.6 HR allowed",neutral batted-ball profile; pitcher fly-ball pressure modest,6.99,43.9,90.02,101.058,0.4359,0.1517,0.3362,69.66,13.09,26.49,23.09,16.6,0.1426,7.54,40.94,89.77,0.3923,0.1483,25.85,,,Citi Field,
138,573262,Mike Yastrzemski,ATL,CHC,2026-09-15T23:40:00Z,Scheduled,8,Kevin Gausman,592332,R,42.2,Longshot,Watch List,"Projected Lineup, Platoon Edge",34.1,41.9,29.8,47.9,80.0,50.3,No,No,8,Yes,Yes,RotoWire projected lineup; MLB probable pitchers,lineup projected / unconfirmed,H:2026/2025 P:2026/2025,,,Direct BvP not yet weighted; 2026/2025 Statcast baseline active,7,6,18,1,Contact streak: 6/18 over last 7 games,"platoon edge; pitcher baseline 7.7% barrel, 23.1 HR allowed",neutral batted-ball profile; pitcher fly-ball pressure modest,7.24,42.53,90.45,99.7156,0.3798,0.1442,0.3136,71.31,8.23,44.29,31.05,11.4,0.1511,7.73,39.93,88.95,0.4077,0.1613,26.16,,,Wrigley Field,
139,702616,Jackson Holliday,BAL,NYM,2026-09-15T23:10:00Z,Scheduled,1,Sean Manaea,640455,L,42.1,Longshot,Watch List,"Projected Lineup, Premium Lineup Spot",23.9,54.2,24.8,88.7,50.0,11.0,No,No,1,Yes,Yes,RotoWire projected lineup; MLB probable pitchers,lineup projected / unconfirmed,H:2026/2025 P:2026/2025,,,Direct BvP not yet weighted; 2026/2025 Statcast baseline active,7,6,31,0,"Last 7 games: 6/31, 0 HR","same-side matchup; pitcher baseline 10.4% barrel, 18.6 HR allowed",neutral batted-ball profile; pitcher fly-ball pressure modest,6.89,35.48,87.54,97.9644,0.3683,0.1308,0.299,70.6,7.48,33.66,24.4,10.0,0.119,10.37,41.76,89.38,0.4444,0.1897,28.61,,,Citi Field,
140,622268,Donovan Walton,ATH,TB,2026-09-15T22:40:00Z,Scheduled,5,Griffin Jax,643377,R,42.0,Longshot,Watch List,"Projected Lineup, Platoon Edge",16.9,44.6,27.6,81.9,80.0,59.6,No,No,5,Yes,Yes,RotoWire projected lineup; MLB probable pitchers,lineup projected / unconfirmed,H:2026/2025 P:2026/2025,,,Direct BvP not yet weighted; 2026/2025 Statcast baseline active,7,6,22,2,Hot streak: 2 HR in last 7 games,"platoon edge; pitcher baseline 9.5% barrel, 12.6 HR allowed",neutral batted-ball profile; pitcher fly-ball pressure modest,3.43,34.7,88.96,97.4945,0.3744,0.1096,0.3174,67.99,0.56,37.07,22.09,4.9,0.1302,9.47,42.0,89.13,0.4056,0.1576,23.44,,,Tropicana Field,
141,804668,Rafael Flores,PIT,MIL,2026-09-15T22:40:00Z,Scheduled,9,Jacob Misiorowski,694819,R,41.9,Longshot,Watch List,"Projected Lineup, Strong Barrel",62.6,19.2,24.3,40.2,50.0,58.0,No,No,9,Yes,Yes,RotoWire projected lineup; MLB probable pitchers,lineup projected / unconfirmed,H:2026/2025 P:2026/2025,,,Direct BvP not yet weighted; 2026/2025 Statcast baseline active,7,10,26,1,Contact streak: 10/26 over last 7 games,"same-side matchup; pitcher baseline 5.1% barrel, 12.2 HR allowed",fly-ball profile; pitcher fly-ball pressure modest,13.41,52.91,91.93,102.4574,0.4846,0.2388,0.3428,73.89,39.81,38.16,39.25,5.6,0.2086,5.1,34.56,87.67,0.281,0.101,25.85,,,PNC Park,
142,624424,Michael Conforto,CHC,ATL,2026-09-15T23:40:00Z,Scheduled,7,Martín Pérez,527048,L,41.7,Longshot,Watch List,"Projected Lineup, Strong Barrel",44.1,38.2,29.8,59.8,50.0,13.6,No,No,7,Yes,Yes,RotoWire projected lineup; MLB probable pitchers,lineup projected / unconfirmed,H:2026/2025 P:2026/2025,,,Direct BvP not yet weighted; 2026/2025 Statcast baseline active,7,4,19,0,"Last 7 games: 4/19, 0 HR","same-side matchup; pitcher baseline 8.1% barrel, 10.9 HR allowed",neutral batted-ball profile; pitcher fly-ball pressure modest,10.54,41.48,90.04,100.5263,0.4226,0.1903,0.33,72.92,33.51,43.46,33.85,13.4,0.2068,8.07,37.51,87.99,0.4234,0.1639,24.13,,,Wrigley Field,
143,672640,Otto Lopez,MIA,AZ,2026-09-16T01:40:00Z,Scheduled,4,Michael Soroka,647336,R,41.7,Longshot,Watch List,"Projected Lineup, Premium Lineup Spot",29.6,34.7,28.2,90.4,50.0,43.1,No,No,4,Yes,Yes,RotoWire projected lineup; MLB probable pitchers,lineup projected / unconfirmed,H:2026/2025 P:2026/2025,,,Direct BvP not yet weighted; 2026/2025 Statcast baseline active,7,11,27,0,Contact streak: 11/27 over last 7 games,"same-side matchup; pitcher baseline 7.7% barrel, 8.5 HR allowed",neutral batted-ball profile; pitcher fly-ball pressure modest,6.4,39.84,88.85,100.162,0.4242,0.1454,0.3279,71.77,23.16,33.63,22.64,11.5,0.1318,7.68,35.92,88.22,0.3937,0.1483,27.94,,,Chase Field,
144,695670,Harry Ford,WSH,PHI,2026-09-15T22:45:00Z,Scheduled,7,Cristopher Sánchez,650911,L,41.6,Longshot,Watch List,"Projected Lineup, Strong Barrel, Platoon Edge",42.6,31.4,28.2,59.8,78.0,8.5,No,No,7,Yes,Yes,RotoWire projected lineup; MLB probable pitchers,lineup projected / unconfirmed,H:2026/2025 P:2026/2025,,,Direct BvP not yet weighted; 2026/2025 Statcast baseline active,7,3,17,0,"Last 7 games: 3/17, 0 HR","platoon edge; pitcher baseline 6.7% barrel, 14.8 HR allowed",fly-ball profile; pitcher fly-ball pressure modest,15.27,38.31,87.25,98.9732,0.3602,0.178,0.2863,69.76,5.91,33.05,38.31,2.1,0.1218,6.68,40.64,89.07,0.3541,0.1214,16.13,,,Nationals Park,
145,647304,Josh Naylor,SEA,LAA,2026-09-16T01:38:00Z,Scheduled,6,Ryan Johnson,696270,R,41.4,Longshot,Watch List,"Projected Lineup, Platoon Edge",22.6,46.1,28.2,71.7,80.0,28.6,No,No,6,Yes,Yes,RotoWire projected lineup; MLB probable pitchers,lineup projected / unconfirmed,H:2026/2025 P:2026/2025,,,Direct BvP not yet weighted; 2026/2025 Statcast baseline active,7,9,29,0,"Last 7 games: 9/29, 0 HR","platoon edge; pitcher baseline 9.4% barrel, 13.8 HR allowed",neutral batted-ball profile; pitcher allows elevated contact,5.09,37.77,87.73,99.027,0.4005,0.1282,0.3208,70.34,11.75,41.43,22.22,13.0,0.1152,9.41,36.49,87.75,0.4353,0.1833,33.88,,,Angel Stadium,
146,671056,Ivan Herrera,STL,SF,2026-09-15T23:45:00Z,Scheduled,2,Blade Tidwell,694918,R,41.3,Longshot,Watch List,"Projected Lineup, Premium Lineup Spot",34.1,36.8,22.1,95.5,50.0,0.0,No,No,2,Yes,Yes,RotoWire projected lineup; MLB probable pitchers,lineup projected / unconfirmed,H:2026/2025 P:2026/2025,,,Direct BvP not yet weighted; 2026/2025 Statcast baseline active,7,3,26,0,"Last 7 games: 3/26, 0 HR","same-side matchup; pitcher baseline 8.9% barrel, 5.4 HR allowed",neutral batted-ball profile; pitcher fly-ball pressure modest,7.11,42.8,89.87,101.2636,0.4105,0.1544,0.343,73.81,42.3,36.75,19.59,16.9,0.1471,8.89,34.05,87.92,0.4087,0.1579,27.26,,,Busch Stadium,
147,592663,J.T. Realmuto,PHI,WSH,2026-09-15T22:45:00Z,Scheduled,7,Jackson Kent,800600,L,41.2,Longshot,Watch List,"Projected Lineup, Platoon Edge",33.0,36.5,28.2,59.8,78.0,37.8,No,No,7,Yes,Yes,RotoWire projected lineup; MLB probable pitchers,lineup projected / unconfirmed,H:2026/2025 P:2026,,,Direct BvP not yet weighted; 2026/2025 Statcast baseline active,7,6,24,1,"Last 7 games: 6/24, 1 HR","platoon edge; pitcher baseline 8.1% barrel, 1.0 HR allowed",neutral batted-ball profile; pitcher fly-ball pressure modest,6.7,42.21,89.86,100.1517,0.4026,0.1468,0.3209,72.7,30.82,42.09,25.94,11.3,0.1326,8.1,41.9,88.2,0.419,0.154,20.9,,,Nationals Park,
148,702284,Cole Young,SEA,LAA,2026-09-16T01:38:00Z,Scheduled,7,Ryan Johnson,696270,R,41.2,Longshot,Watch List,"Projected Lineup, Platoon Edge",24.0,46.1,28.2,59.8,80.0,48.3,No,No,7,Yes,Yes,RotoWire projected lineup; MLB probable pitchers,lineup projected / unconfirmed,H:2026/2025 P:2026/2025,,,Direct BvP not yet weighted; 2026/2025 Statcast baseline active,7,8,25,1,Contact streak: 8/25 over last 7 games,"platoon edge; pitcher baseline 9.4% barrel, 13.8 HR allowed",neutral batted-ball profile; pitcher allows elevated contact,5.32,36.0,88.09,98.8139,0.383,0.1331,0.311,71.51,21.58,41.91,26.38,13.1,0.1283,9.41,36.49,87.75,0.4353,0.1833,33.88,,,Angel Stadium,
149,805300,Jakob Marsee,MIA,AZ,2026-09-16T01:40:00Z,Scheduled,5,Michael Soroka,647336,R,41.1,Longshot,Watch List,"Projected Lineup, Platoon Edge",20.4,34.7,28.2,81.9,80.0,63.3,No,No,5,Yes,Yes,RotoWire projected lineup; MLB probable pitchers,lineup projected / unconfirmed,H:2026/2025 P:2026/2025,,,Direct BvP not yet weighted; 2026/2025 Statcast baseline active,7,13,28,1,Contact streak: 13/28 over last 7 games,"platoon edge; pitcher baseline 7.7% barrel, 8.5 HR allowed",neutral batted-ball profile; pitcher fly-ball pressure modest,4.95,36.99,87.85,98.6519,0.3594,0.1176,0.3197,70.36,5.58,41.51,23.05,7.8,0.1363,7.68,35.92,88.22,0.3937,0.1483,27.94,,,Chase Field,
150,680777,Ryan Jeffers,MIN,NYY,2026-09-15T23:40:00Z,Scheduled,3,Max Fried,608331,L,41.0,Longshot,Watch List,"Projected Lineup, Premium Lineup Spot, Platoon Edge",40.7,9.9,27.1,92.1,78.0,24.3,No,No,3,Yes,Yes,RotoWire projected lineup; MLB probable pitchers,lineup projected / unconfirmed,H:2026/2025 P:2026/2025,,,Direct BvP not yet weighted; 2026/2025 Statcast baseline active,7,4,25,1,"Last 7 games: 4/25, 1 HR","platoon edge; pitcher baseline 3.5% barrel, 7.0 HR allowed",neutral batted-ball profile; pitcher fly-ball pressure modest,9.73,41.26,89.09,100.9588,0.4364,0.1857,0.3468,73.14,36.82,37.32,28.1,12.5,0.1961,3.47,31.74,86.15,0.2968,0.0872,23.65,,,Target Field,
151,656537,Derek Hill,PHI,WSH,2026-09-15T22:45:00Z,Scheduled,9,Jackson Kent,800600,L,40.9,Longshot,Watch List,"Projected Lineup, Strong Barrel, Platoon Edge",37.2,36.5,28.2,40.2,78.0,60.3,No,No,9,Yes,Yes,RotoWire projected lineup; MLB probable pitchers,lineup projected / unconfirmed,H:2026/2025 P:2026,,,Direct BvP not yet weighted; 2026/2025 Statcast baseline active,7,4,10,1,Contact streak: 4/10 over last 7 games,"platoon edge; pitcher baseline 8.1% barrel, 1.0 HR allowed",neutral batted-ball profile; pitcher fly-ball pressure modest,10.71,38.34,89.59,99.8345,0.3943,0.1647,0.2971,71.9,20.15,34.65,24.11,7.9,0.1701,8.1,41.9,88.2,0.419,0.154,20.9,,,Nationals Park,
152,665966,Carlos Narvaez,BAL,NYM,2026-09-15T23:10:00Z,Scheduled,8,Sean Manaea,640455,L,40.8,Longshot,Watch List,"Projected Lineup, Platoon Edge",31.1,54.2,24.8,47.9,78.0,2.0,No,No,8,Yes,Yes,RotoWire projected lineup; MLB probable pitchers,lineup projected / unconfirmed,H:2026/2025 P:2026/2025,,,Direct BvP not yet weighted; 2026/2025 Statcast baseline active,7,2,15,0,"Last 7 games: 2/15, 0 HR","platoon edge; pitcher baseline 10.4% barrel, 18.6 HR allowed",neutral batted-ball profile; pitcher fly-ball pressure modest,7.21,40.12,90.96,100.1141,0.3257,0.127,0.2699,72.09,19.88,32.58,30.24,6.6,0.1003,10.37,41.76,89.38,0.4444,0.1897,28.61,,,Citi Field,
153,685133,Wade Meckler,LAA,SEA,2026-09-16T01:38:00Z,Scheduled,3,Logan Gilbert,669302,R,40.8,Longshot,Watch List,"Projected Lineup, Premium Lineup Spot, Platoon Edge",11.9,48.7,28.2,92.1,80.0,16.6,No,No,3,Yes,Yes,RotoWire projected lineup; MLB probable pitchers,lineup projected / unconfirmed,H:2026 P:2026/2025,,,Direct BvP not yet weighted; 2026/2025 Statcast baseline active,7,3,13,0,"Last 7 games: 3/13, 0 HR","platoon edge; pitcher baseline 9.7% barrel, 24.9 HR allowed",neutral batted-ball profile; pitcher fly-ball pressure modest,3.0,33.5,86.9,96.7234,0.357,0.098,0.314,69.0,2.0,34.0,18.8,3.0,0.093,9.72,41.49,90.03,0.3831,0.161,28.47,,,Angel Stadium,
154,624641,Edmundo Sosa,PHI,WSH,2026-09-15T22:45:00Z,Scheduled,6,Jackson Kent,800600,L,40.7,Longshot,Watch List,"Projected Lineup, Platoon Edge",29.6,36.5,28.2,71.7,78.0,16.6,No,No,6,Yes,Yes,RotoWire projected lineup; MLB probable pitchers,lineup projected / unconfirmed,H:2026/2025 P:2026,,,Direct BvP not yet weighted; 2026/2025 Statcast baseline active,7,3,13,0,"Last 7 games: 3/13, 0 HR","platoon edge; pitcher baseline 8.1% barrel, 1.0 HR allowed",neutral batted-ball profile; pitcher fly-ball pressure modest,6.79,38.7,87.7,99.7938,0.4274,0.1607,0.3166,72.44,27.29,41.24,21.36,8.2,0.1664,8.1,41.9,88.2,0.419,0.154,20.9,,,Nationals Park,
155,572233,Christian Walker,HOU,KC,2026-09-16T00:10:00Z,Scheduled,7,Michael Wacha,608379,R,40.6,Longshot,Watch List,"Projected Lineup, Strong Barrel",40.9,36.6,27.6,59.8,50.0,26.4,No,No,7,Yes,Yes,RotoWire projected lineup; MLB probable pitchers,lineup projected / unconfirmed,H:2026/2025 P:2026/2025,,,Direct BvP not yet weighted; 2026/2025 Statcast baseline active,7,4,23,1,"Last 7 games: 4/23, 1 HR","same-side matchup; pitcher baseline 6.9% barrel, 21.3 HR allowed",neutral batted-ball profile; pitcher fly-ball pressure modest,10.17,42.18,89.43,101.3786,0.4028,0.1743,0.307,74.31,43.48,42.06,27.65,25.6,0.1893,6.91,35.51,87.85,0.406,0.1605,28.81,,,Daikin Park,
156,690976,Alex Freeland,LAD,CIN,2026-09-15T22:40:00Z,Scheduled,9,Rhett Lowder,695076,R,40.5,Longshot,Watch List,"Projected Lineup, Platoon Edge",25.6,51.5,39.3,40.2,75.0,28.9,No,No,9,Yes,Yes,RotoWire projected lineup; MLB probable pitchers,lineup projected / unconfirmed,H:2026/2025 P:2026,,,Direct BvP not yet weighted; 2026/2025 Statcast baseline active,7,5,16,0,"Last 7 games: 5/16, 0 HR","switch hitter; pitcher baseline 9.9% barrel, 17.0 HR allowed",neutral batted-ball profile; pitcher fly-ball pressure modest,6.46,38.7,89.86,99.0544,0.3221,0.1189,0.2796,70.77,10.03,35.06,25.2,2.7,0.0892,9.9,39.0,90.1,0.464,0.192,28.1,,,Great American Ball Park,
157,650402,Gleyber Torres,DET,TOR,2026-09-15T23:07:00Z,Scheduled,2,Braydon Fisher,680755,R,40.5,Longshot,Watch List,"Projected Lineup, Premium Lineup Spot",24.7,36.1,30.4,95.5,50.0,24.9,No,No,2,Yes,Yes,RotoWire projected lineup; MLB probable pitchers,lineup projected / unconfirmed,H:2026/2025 P:2026/2025,,,Direct BvP not yet weighted; 2026/2025 Statcast baseline active,7,8,28,0,"Last 7 games: 8/28, 0 HR","same-side matchup; pitcher baseline 9.2% barrel, 6.8 HR allowed",neutral batted-ball profile; pitcher fly-ball pressure modest,6.87,35.22,87.55,97.9241,0.3983,0.1412,0.3364,68.77,6.1,27.95,26.4,10.4,0.1184,9.21,37.87,87.82,0.3566,0.1398,27.99,,,Rogers Centre,
158,665161,Jeremy Pena,HOU,KC,2026-09-16T00:10:00Z,Scheduled,1,Michael Wacha,608379,R,40.5,Longshot,Watch List,"Projected Lineup, Premium Lineup Spot",30.8,36.6,27.6,88.7,50.0,9.8,No,No,1,Yes,Yes,RotoWire projected lineup; MLB probable pitchers,lineup projected / unconfirmed,H:2026/2025 P:2026/2025,,,Direct BvP not yet weighted; 2026/2025 Statcast baseline active,7,5,27,0,"Last 7 games: 5/27, 0 HR","same-side matchup; pitcher baseline 6.9% barrel, 21.3 HR allowed",neutral batted-ball profile; pitcher fly-ball pressure modest,6.94,40.24,88.48,99.8323,0.4173,0.1494,0.3249,72.23,14.83,46.06,24.36,17.0,0.1772,6.91,35.51,87.85,0.406,0.1605,28.81,,,Daikin Park,
159,669236,Jeremiah Jackson,BAL,NYM,2026-09-15T23:10:00Z,Scheduled,9,Sean Manaea,640455,L,40.4,Longshot,Watch List,"Projected Lineup, Platoon Edge",32.7,54.2,24.8,40.2,78.0,5.1,No,No,9,Yes,Yes,RotoWire projected lineup; MLB probable pitchers,lineup projected / unconfirmed,H:2026/2025 P:2026/2025,,,Direct BvP not yet weighted; 2026/2025 Statcast baseline active,7,2,13,0,"Last 7 games: 2/13, 0 HR","platoon edge; pitcher baseline 10.4% barrel, 18.6 HR allowed",neutral batted-ball profile; pitcher fly-ball pressure modest,7.43,40.89,89.69,100.4808,0.386,0.1496,0.2861,72.6,26.05,40.21,24.49,6.4,0.1444,10.37,41.76,89.38,0.4444,0.1897,28.61,,,Citi Field,
160,701358,Cam Smith,HOU,KC,2026-09-16T00:10:00Z,Scheduled,9,Michael Wacha,608379,R,40.4,Longshot,Watch List,"Projected Lineup, Strong Barrel, Hot Hitter/Streak",41.4,36.6,27.6,40.2,50.0,73.0,No,No,9,Yes,Yes,RotoWire projected lineup; MLB probable pitchers,lineup projected / unconfirmed,H:2026/2025 P:2026/2025,,,Direct BvP not yet weighted; 2026/2025 Statcast baseline active,7,6,25,3,Hot streak: 3 HR in last 7 games,"same-side matchup; pitcher baseline 6.9% barrel, 21.3 HR allowed",neutral batted-ball profile; pitcher fly-ball pressure modest,10.05,43.18,88.67,101.4302,0.4124,0.1746,0.3152,76.88,68.67,37.42,25.07,16.7,0.1668,6.91,35.51,87.85,0.406,0.1605,28.81,,,Daikin Park,
161,699302,Hector Rodriguez,CIN,LAD,2026-09-15T22:40:00Z,Scheduled,1,Yoshinobu Yamamoto,808967,R,40.3,Longshot,Watch List,"Projected Lineup, Premium Lineup Spot, Platoon Edge",24.4,28.1,39.3,88.7,80.0,0.0,No,No,1,Yes,Yes,RotoWire projected lineup; MLB probable pitchers,lineup projected / unconfirmed,H:2026 P:2026/2025,,,Direct BvP not yet weighted; 2026/2025 Statcast baseline active,7,3,26,0,"Last 7 games: 3/26, 0 HR","platoon edge; pitcher baseline 6.5% barrel, 17.5 HR allowed",neutral batted-ball profile; pitcher fly-ball pressure modest,6.3,34.2,87.9,99.1091,0.333,0.124,0.266,74.3,45.7,41.8,29.1,5.0,0.164,6.47,37.6,88.09,0.3306,0.1207,22.94,,,Great American Ball Park,
162,643446,Jeff McNeil,ATH,TB,2026-09-15T22:40:00Z,Scheduled,2,Griffin Jax,643377,R,40.1,Longshot,Watch List,"Projected Lineup, Premium Lineup Spot, Platoon Edge",12.4,44.6,27.6,95.5,80.0,13.0,No,No,2,Yes,Yes,RotoWire projected lineup; MLB probable pitchers,lineup projected / unconfirmed,H:2026/2025 P:2026/2025,,,Direct BvP not yet weighted; 2026/2025 Statcast baseline active,7,6,29,0,"Last 7 games: 6/29, 0 HR","platoon edge; pitcher baseline 9.5% barrel, 12.6 HR allowed",neutral batted-ball profile; pitcher fly-ball pressure modest,2.79,30.8,86.71,96.5765,0.3754,0.102,0.3118,69.37,5.79,43.56,23.89,9.2,0.1225,9.47,42.0,89.13,0.4056,0.1576,23.44,,,Tropicana Field,
163,805367,Chase Meidroth,CWS,CLE,2026-09-15T22:40:00Z,Scheduled,1,Foster Griffin,656492,L,40.1,Longshot,Watch List,"Projected Lineup, Premium Lineup Spot, Platoon Edge",12.8,41.6,27.6,88.7,78.0,45.9,No,No,1,Yes,Yes,RotoWire projected lineup; MLB probable pitchers,lineup projected / unconfirmed,H:2026/2025 P:2026,,,Direct BvP not yet weighted; 2026/2025 Statcast baseline active,7,4,22,2,Hot streak: 2 HR in last 7 games,"platoon edge; pitcher baseline 8.7% barrel, 23.0 HR allowed",neutral batted-ball profile; pitcher fly-ball pressure modest,3.63,34.84,87.64,97.3682,0.3372,0.0975,0.2972,67.12,1.18,38.05,20.75,11.3,0.1118,8.7,37.2,88.0,0.417,0.157,25.6,,,Progressive Field,
164,670623,Isaac Paredes,HOU,KC,2026-09-16T00:10:00Z,Scheduled,3,Michael Wacha,608379,R,40.1,Longshot,Watch List,"Projected Lineup, Premium Lineup Spot, Hot Hitter/Streak",17.7,36.6,27.6,92.1,50.0,79.0,No,No,3,Yes,Yes,RotoWire projected lineup; MLB probable pitchers,lineup projected / unconfirmed,H:2026/2025 P:2026/2025,,,Direct BvP not yet weighted; 2026/2025 Statcast baseline active,7,7,25,3,Hot streak: 3 HR in last 7 games,"same-side matchup; pitcher baseline 6.9% barrel, 21.3 HR allowed",neutral batted-ball profile; pitcher fly-ball pressure modest,5.25,30.52,86.56,97.0549,0.3709,0.1292,0.3214,67.74,7.57,51.93,31.01,20.7,0.1837,6.91,35.51,87.85,0.406,0.1605,28.81,,,Daikin Park,
165,666211,Taylor Trammell,HOU,KC,2026-09-16T00:10:00Z,Scheduled,8,Michael Wacha,608379,R,40.1,Longshot,Watch List,"Projected Lineup, Strong Barrel, Platoon Edge",38.6,36.6,27.6,47.9,80.0,10.6,No,No,8,Yes,Yes,RotoWire projected lineup; MLB probable pitchers,lineup projected / unconfirmed,H:2026/2025 P:2026/2025,,,Direct BvP not yet weighted; 2026/2025 Statcast baseline active,7,4,21,0,"Last 7 games: 4/21, 0 HR","platoon edge; pitcher baseline 6.9% barrel, 21.3 HR allowed",neutral batted-ball profile; pitcher fly-ball pressure modest,10.95,38.27,89.11,101.0072,0.3539,0.1613,0.2836,75.93,60.32,47.17,28.2,5.8,0.1451,6.91,35.51,87.85,0.406,0.1605,28.81,,,Daikin Park,
166,691720,Kyle Karros,COL,SD,2026-09-16T00:40:00Z,Scheduled,6,Walker Buehler,621111,R,40.1,Longshot,Watch List,Projected Lineup,24.2,43.2,38.7,71.7,50.0,29.2,No,No,6,Yes,Yes,RotoWire projected lineup; MLB probable pitchers,lineup projected / unconfirmed,H:2026/2025 P:2026/2025,,,Direct BvP not yet weighted; 2026/2025 Statcast baseline active,7,5,26,1,"Last 7 games: 5/26, 1 HR","same-side matchup; pitcher baseline 8.7% barrel, 19.9 HR allowed",neutral batted-ball profile; pitcher fly-ball pressure modest,6.04,38.39,88.81,99.5018,0.3621,0.1229,0.3133,69.8,5.44,39.29,24.06,8.0,0.128,8.73,38.29,88.95,0.4136,0.1631,23.3,,,Coors Field,
167,673237,Yainer Diaz,HOU,KC,2026-09-16T00:10:00Z,Scheduled,6,Michael Wacha,608379,R,39.8,Longshot,Watch List,Projected Lineup,30.9,36.6,27.6,71.7,50.0,43.4,No,No,6,Yes,Yes,RotoWire projected lineup; MLB probable pitchers,lineup projected / unconfirmed,H:2026/2025 P:2026/2025,,,Direct BvP not yet weighted; 2026/2025 Statcast baseline active,7,9,22,0,Contact streak: 9/22 over last 7 games,"same-side matchup; pitcher baseline 6.9% barrel, 21.3 HR allowed",neutral batted-ball profile; pitcher fly-ball pressure modest,7.08,39.47,89.27,99.9769,0.4132,0.1501,0.3071,72.48,22.58,35.86,18.54,13.7,0.1568,6.91,35.51,87.85,0.406,0.1605,28.81,,,Daikin Park,
168,681393,Connor Norby,COL,SD,2026-09-16T00:40:00Z,Scheduled,8,Walker Buehler,621111,R,39.8,Longshot,Watch List,Projected Lineup,29.6,43.2,38.7,47.9,50.0,52.5,No,No,8,Yes,Yes,RotoWire projected lineup; MLB probable pitchers,lineup projected / unconfirmed,H:2026/2025 P:2026/2025,,,Direct BvP not yet weighted; 2026/2025 Statcast baseline active,7,8,23,1,Contact streak: 8/23 over last 7 games,"same-side matchup; pitcher baseline 8.7% barrel, 19.9 HR allowed",neutral batted-ball profile; pitcher fly-ball pressure modest,8.21,36.75,87.25,98.1501,0.3743,0.1515,0.3056,70.28,8.48,42.52,34.86,7.3,0.1366,8.73,38.29,88.95,0.4136,0.1631,23.3,,,Coors Field,
169,666126,Carlos Cortes,ATH,TB,2026-09-15T22:40:00Z,Scheduled,8,Griffin Jax,643377,R,39.7,Longshot,Watch List,"Projected Lineup, Platoon Edge",28.1,44.6,27.6,47.9,80.0,34.4,No,No,8,Yes,Yes,RotoWire projected lineup; MLB probable pitchers,lineup projected / unconfirmed,H:2026/2025 P:2026/2025,,,Direct BvP not yet weighted; 2026/2025 Statcast baseline active,7,5,22,1,"Last 7 games: 5/22, 1 HR","platoon edge; pitcher baseline 9.5% barrel, 12.6 HR allowed",neutral batted-ball profile; pitcher fly-ball pressure modest,7.03,38.4,88.75,99.2908,0.3933,0.1413,0.3077,70.76,14.27,30.69,22.73,7.5,0.1668,9.47,42.0,89.13,0.4056,0.1576,23.44,,,Tropicana Field,
170,682657,Angel Martinez,CLE,CWS,2026-09-15T22:40:00Z,Scheduled,7,Davis Martin,663436,R,39.7,Longshot,Watch List,"Projected Lineup, Platoon Edge",23.9,43.4,27.6,59.8,75.0,43.2,No,No,7,Yes,Yes,RotoWire projected lineup; MLB probable pitchers,lineup projected / unconfirmed,H:2026/2025 P:2026/2025,,,Direct BvP not yet weighted; 2026/2025 Statcast baseline active,7,8,28,1,"Last 7 games: 8/28, 1 HR","switch hitter; pitcher baseline 7.5% barrel, 15.1 HR allowed",neutral batted-ball profile; pitcher fly-ball pressure modest,6.37,33.78,87.45,98.4965,0.3816,0.1375,0.2907,71.08,15.81,45.72,26.73,13.8,0.1784,7.49,44.53,90.42,0.4314,0.1594,24.04,,,Progressive Field,
171,703601,Max Clark,DET,TOR,2026-09-15T23:07:00Z,Scheduled,6,Braydon Fisher,680755,R,39.7,Longshot,Watch List,"Projected Lineup, Platoon Edge",19.6,36.1,30.4,71.7,80.0,54.9,No,No,6,Yes,Yes,RotoWire projected lineup; MLB probable pitchers,lineup projected / unconfirmed,H:2026 P:2026/2025,,,Direct BvP not yet weighted; 2026/2025 Statcast baseline active,7,8,22,1,Contact streak: 8/22 over last 7 games,"platoon edge; pitcher baseline 9.2% barrel, 6.8 HR allowed",neutral batted-ball profile; pitcher fly-ball pressure modest,1.0,40.4,87.9,98.5371,0.367,0.09,0.323,73.4,29.0,38.5,26.0,3.0,0.17,9.21,37.87,87.82,0.3566,0.1398,27.99,,,Rogers Centre,
172,686668,Brenton Doyle,CWS,CLE,2026-09-15T22:40:00Z,Scheduled,6,Foster Griffin,656492,L,39.6,Longshot,Watch List,"Projected Lineup, Platoon Edge",24.6,41.6,27.6,71.7,78.0,7.0,No,No,6,Yes,Yes,RotoWire projected lineup; MLB probable pitchers,lineup projected / unconfirmed,H:2026/2025 P:2026,,,Direct BvP not yet weighted; 2026/2025 Statcast baseline active,7,1,6,0,"Last 7 games: 1/6, 0 HR","platoon edge; pitcher baseline 8.7% barrel, 23.0 HR allowed",neutral batted-ball profile; pitcher fly-ball pressure modest,7.68,36.13,88.71,99.3734,0.3162,0.1109,0.2526,71.82,13.83,37.2,24.99,6.6,0.1031,8.7,37.2,88.0,0.417,0.157,25.6,,,Progressive Field,
173,672275,Patrick Bailey,CLE,CWS,2026-09-15T22:40:00Z,Scheduled,8,Davis Martin,663436,R,39.4,Longshot,Watch List,"Projected Lineup, Platoon Edge",30.6,43.4,27.6,47.9,75.0,24.9,No,No,8,Yes,Yes,RotoWire projected lineup; MLB probable pitchers,lineup projected / unconfirmed,H:2026/2025 P:2026/2025,,,Direct BvP not yet weighted; 2026/2025 Statcast baseline active,7,6,21,0,"Last 7 games: 6/21, 0 HR","switch hitter; pitcher baseline 7.5% barrel, 15.1 HR allowed",neutral batted-ball profile; pitcher fly-ball pressure modest,6.37,39.9,89.74,99.5632,0.3771,0.144,0.2948,72.48,26.27,34.32,27.25,7.4,0.1156,7.49,44.53,90.42,0.4314,0.1594,24.04,,,Progressive Field,
174,656811,Ryan O'Hearn,PIT,MIL,2026-09-15T22:40:00Z,Scheduled,5,Jacob Misiorowski,694819,R,39.2,Longshot,Watch List,"Projected Lineup, Platoon Edge",34.0,19.2,24.3,81.9,80.0,21.8,No,No,5,Yes,Yes,RotoWire projected lineup; MLB probable pitchers,lineup projected / unconfirmed,H:2026/2025 P:2026/2025,,,Direct BvP not yet weighted; 2026/2025 Statcast baseline active,7,4,28,1,"Last 7 games: 4/28, 1 HR","platoon edge; pitcher baseline 5.1% barrel, 12.2 HR allowed",neutral batted-ball profile; pitcher fly-ball pressure modest,7.18,43.06,89.33,99.3432,0.4099,0.1565,0.3225,71.1,11.71,38.87,28.64,17.7,0.1777,5.1,34.56,87.67,0.281,0.101,25.85,,,PNC Park,
175,695681,Christian Moore,LAA,SEA,2026-09-16T01:38:00Z,Scheduled,6,Logan Gilbert,669302,R,39.0,Longshot,Watch List,Projected Lineup,24.4,48.7,28.2,71.7,50.0,9.8,No,No,6,Yes,Yes,RotoWire projected lineup; MLB probable pitchers,lineup projected / unconfirmed,H:2026/2025 P:2026/2025,,,Direct BvP not yet weighted; 2026/2025 Statcast baseline active,7,5,27,0,"Last 7 games: 5/27, 0 HR","same-side matchup; pitcher baseline 9.7% barrel, 24.9 HR allowed",neutral batted-ball profile; pitcher fly-ball pressure modest,7.53,37.84,88.41,99.8106,0.3086,0.1098,0.2561,71.86,23.54,26.29,24.77,2.8,0.1104,9.72,41.49,90.03,0.3831,0.161,28.47,,,Angel Stadium,
176,691788,Joe Mack,MIA,AZ,2026-09-16T01:40:00Z,Scheduled,9,Michael Soroka,647336,R,39.0,Longshot,Watch List,"Projected Lineup, Platoon Edge",34.1,34.7,28.2,40.2,80.0,47.7,No,No,9,Yes,Yes,RotoWire projected lineup; MLB probable pitchers,lineup projected / unconfirmed,H:2026 P:2026/2025,,,Direct BvP not yet weighted; 2026/2025 Statcast baseline active,7,6,19,1,"Last 7 games: 6/19, 1 HR","platoon edge; pitcher baseline 7.7% barrel, 8.5 HR allowed",neutral batted-ball profile; pitcher fly-ball pressure modest,8.2,38.6,88.6,99.6197,0.391,0.168,0.289,74.3,43.7,48.3,25.1,13.0,0.171,7.68,35.92,88.22,0.3937,0.1483,27.94,,,Chase Field,
177,596115,Trevor Story,BOS,TEX,2026-09-16T00:05:00Z,Scheduled,6,,,,38.9,Longshot,Watch List,Projected Lineup,25.6,41.2,27.6,71.7,60.0,19.5,No,No,6,Yes,Yes,RotoWire projected lineup; MLB probable pitchers,lineup projected / unconfirmed,H:2026/2025 P:,,,Direct BvP not yet weighted; 2026/2025 Statcast baseline active,7,7,28,0,"Last 7 games: 7/28, 0 HR","handedness incomplete; pitcher baseline 0.0% barrel, 0.0 HR allowed",neutral batted-ball profile; pitcher fly-ball pressure modest,6.33,40.28,88.46,99.6948,0.3531,0.1254,0.269,70.96,13.47,42.65,24.39,9.6,0.1245,,,,,,,,,Globe Life Field,
178,669701,Josh Smith,TOR,DET,2026-09-15T23:07:00Z,Scheduled,7,Drew Anderson,623454,R,38.7,Longshot,Watch List,"Projected Lineup, Platoon Edge",18.0,39.1,30.4,59.8,80.0,64.8,No,No,7,Yes,Yes,RotoWire projected lineup; MLB probable pitchers,lineup projected / unconfirmed,H:2026/2025 P:2026,,,Direct BvP not yet weighted; 2026/2025 Statcast baseline active,7,4,13,2,Hot streak: 2 HR in last 7 games,"platoon edge; pitcher baseline 8.4% barrel, 14.0 HR allowed",neutral batted-ball profile; pitcher fly-ball pressure modest,6.54,30.12,86.22,97.236,0.3408,0.1218,0.2918,68.79,2.97,35.25,30.05,7.2,0.1234,8.4,39.2,89.9,0.367,0.141,24.0,,,Rogers Centre,
179,677649,Ezequiel Duran,TEX,BOS,2026-09-16T00:05:00Z,Scheduled,1,Patrick Sandoval,663776,L,38.7,Longshot,Watch List,"Projected Lineup, Premium Lineup Spot, Platoon Edge",21.0,32.3,27.6,88.7,78.0,8.8,No,No,1,Yes,Yes,RotoWire projected lineup; MLB probable pitchers,lineup projected / unconfirmed,H:2026/2025 P:2026,,,Direct BvP not yet weighted; 2026/2025 Statcast baseline active,7,5,28,0,"Last 7 games: 5/28, 0 HR","platoon edge; pitcher baseline 6.5% barrel, 6.0 HR allowed",neutral batted-ball profile; pitcher fly-ball pressure modest,5.12,36.43,87.82,99.0858,0.3531,0.1167,0.2883,72.34,24.8,34.96,22.0,11.9,0.1411,6.5,35.7,87.6,0.441,0.161,24.4,,,Globe Life Field,
180,691182,Adael Amador,COL,SD,2026-09-16T00:40:00Z,Scheduled,7,Walker Buehler,621111,R,38.7,Longshot,Watch List,"Projected Lineup, Platoon Edge",15.7,41.0,38.7,59.8,75.0,54.7,No,No,7,Yes,Yes,RotoWire projected lineup; MLB probable pitchers,lineup projected / unconfirmed,H:2026/2025 P:2026/2025,,,Direct BvP not yet weighted; 2026/2025 Statcast baseline active,7,6,25,2,Hot streak: 2 HR in last 7 games,"switch hitter; pitcher baseline 8.7% barrel, 19.9 HR allowed",neutral batted-ball profile; pitcher fly-ball pressure modest,8.23,27.15,83.96,97.3548,0.3305,0.1216,0.2774,69.34,8.22,53.78,26.35,3.1,0.2546,8.73,38.29,88.95,0.4136,0.1631,23.3,,,Coors Field,
181,665750,Leody Taveras,BAL,NYM,2026-09-15T23:10:00Z,Scheduled,7,Sean Manaea,640455,L,38.6,Longshot,Watch List,"Projected Lineup, Platoon Edge",18.9,52.2,24.8,59.8,75.0,19.5,No,No,7,Yes,Yes,RotoWire projected lineup; MLB probable pitchers,lineup projected / unconfirmed,H:2026/2025 P:2026/2025,,,Direct BvP not yet weighted; 2026/2025 Statcast baseline active,7,4,16,0,"Last 7 games: 4/16, 0 HR","switch hitter; pitcher baseline 10.4% barrel, 18.6 HR allowed",neutral batted-ball profile; pitcher fly-ball pressure modest,4.79,33.66,88.22,99.1534,0.3166,0.1082,0.2592,72.46,25.37,34.14,25.15,6.5,0.1186,10.37,41.76,89.38,0.4444,0.1897,28.61,,,Citi Field,
182,668904,Royce Lewis,MIN,NYY,2026-09-15T23:40:00Z,Scheduled,5,Max Fried,608331,L,38.5,Longshot,Watch List,"Projected Lineup, Strong Barrel, Platoon Edge",40.9,9.9,27.1,81.9,78.0,1.6,No,No,5,Yes,Yes,RotoWire projected lineup; MLB probable pitchers,lineup projected / unconfirmed,H:2026/2025 P:2026/2025,,,Direct BvP not yet weighted; 2026/2025 Statcast baseline active,7,3,23,0,"Last 7 games: 3/23, 0 HR","platoon edge; pitcher baseline 3.5% barrel, 7.0 HR allowed",neutral batted-ball profile; pitcher fly-ball pressure modest,10.38,40.58,89.8,100.6079,0.4035,0.1628,0.3075,74.65,49.89,46.09,30.5,13.7,0.158,3.47,31.74,86.15,0.2968,0.0872,23.65,,,Target Field,
183,689414,Liam Hicks,TB,ATH,2026-09-15T22:40:00Z,Scheduled,4,Jack Perkins,678022,R,38.4,Longshot,Watch List,"Projected Lineup, Premium Lineup Spot, Platoon Edge",8.3,40.3,27.6,90.4,80.0,39.8,No,No,4,Yes,Yes,RotoWire projected lineup; MLB probable pitchers,lineup projected / unconfirmed,H:2026/2025 P:2026/2025,,,Direct BvP not yet weighted; 2026/2025 Statcast baseline active,7,5,19,1,"Last 7 games: 5/19, 1 HR","platoon edge; pitcher baseline 9.0% barrel, 15.2 HR allowed",neutral batted-ball profile; pitcher allows elevated contact,3.81,27.63,84.74,96.1823,0.3542,0.1004,0.3164,68.03,3.58,41.68,24.01,14.4,0.1389,9.04,36.79,87.87,0.3741,0.1482,33.61,,,Tropicana Field,
184,680757,Steven Kwan,CLE,CWS,2026-09-15T22:40:00Z,Scheduled,1,Davis Martin,663436,R,38.2,Longshot,Watch List,"Projected Lineup, Premium Lineup Spot, Platoon Edge",2.4,45.0,27.6,88.7,80.0,57.2,No,No,1,Yes,Yes,RotoWire projected lineup; MLB probable pitchers,lineup projected / unconfirmed,H:2026/2025 P:2026/2025,,,Direct BvP not yet weighted; 2026/2025 Statcast baseline active,7,11,29,1,Contact streak: 11/29 over last 7 games,"platoon edge; pitcher baseline 7.5% barrel, 15.1 HR allowed",neutral batted-ball profile; pitcher fly-ball pressure modest,0.85,12.86,84.38,92.7092,0.3457,0.0734,0.3184,62.73,0.31,28.72,23.16,5.4,0.0782,7.49,44.53,90.42,0.4314,0.1594,24.04,,,Progressive Field,
185,680700,Richie Palacios,TB,ATH,2026-09-15T22:40:00Z,Scheduled,8,Jack Perkins,678022,R,38.0,Longshot,Watch List,"Projected Lineup, Platoon Edge, Hot Hitter/Streak",16.2,40.3,27.6,47.9,80.0,98.8,No,No,8,Yes,Yes,RotoWire projected lineup; MLB probable pitchers,lineup projected / unconfirmed,H:2026/2025 P:2026/2025,,,Direct BvP not yet weighted; 2026/2025 Statcast baseline active,7,7,17,3,Hot streak: 3 HR in last 7 games,"platoon edge; pitcher baseline 9.0% barrel, 15.2 HR allowed",neutral batted-ball profile; pitcher allows elevated contact,4.78,33.39,87.38,97.161,0.3709,0.1039,0.3243,68.84,3.66,36.11,21.61,7.3,0.1365,9.04,36.79,87.87,0.3741,0.1482,33.61,,,Tropicana Field,
186,678662,Ezequiel Tovar,COL,SD,2026-09-16T00:40:00Z,Scheduled,9,Walker Buehler,621111,R,38.0,Longshot,Watch List,Projected Lineup,29.0,43.2,38.7,40.2,50.0,43.2,No,No,9,Yes,Yes,RotoWire projected lineup; MLB probable pitchers,lineup projected / unconfirmed,H:2026/2025 P:2026/2025,,,Direct BvP not yet weighted; 2026/2025 Statcast baseline active,7,6,21,1,"Last 7 games: 6/21, 1 HR","same-side matchup; pitcher baseline 8.7% barrel, 19.9 HR allowed",neutral batted-ball profile; pitcher fly-ball pressure modest,7.41,34.63,88.0,98.9653,0.3885,0.1534,0.291,71.95,21.1,37.47,30.34,10.4,0.1323,8.73,38.29,88.95,0.4136,0.1631,23.3,,,Coors Field,
187,664770,Nathan Lukes,TOR,DET,2026-09-15T23:07:00Z,Scheduled,5,Drew Anderson,623454,R,37.8,Longshot,Watch List,"Projected Lineup, Platoon Edge",10.9,39.1,30.4,81.9,80.0,32.0,No,No,5,Yes,Yes,RotoWire projected lineup; MLB probable pitchers,lineup projected / unconfirmed,H:2026/2025 P:2026,,,Direct BvP not yet weighted; 2026/2025 Statcast baseline active,7,7,21,0,Contact streak: 7/21 over last 7 games,"platoon edge; pitcher baseline 8.4% barrel, 14.0 HR allowed",neutral batted-ball profile; pitcher fly-ball pressure modest,3.19,30.7,87.2,96.844,0.357,0.1015,0.2954,67.3,3.69,31.77,20.95,10.6,0.1268,8.4,39.2,89.9,0.367,0.141,24.0,,,Rogers Centre,
188,668670,Jake Rogers,CWS,CLE,2026-09-15T22:40:00Z,Scheduled,8,Foster Griffin,656492,L,37.7,Longshot,Watch List,"Projected Lineup, Platoon Edge",29.7,41.6,27.6,47.9,78.0,0.0,No,No,8,Yes,Yes,RotoWire projected lineup; MLB probable pitchers,lineup projected / unconfirmed,H:2026/2025 P:2026,,,Direct BvP not yet weighted; 2026/2025 Statcast baseline active,7,1,14,0,"Last 7 games: 1/14, 0 HR","platoon edge; pitcher baseline 8.7% barrel, 23.0 HR allowed",neutral batted-ball profile; pitcher fly-ball pressure modest,9.48,38.1,88.59,98.2371,0.3105,0.1284,0.2726,70.57,4.86,46.81,31.8,3.7,0.1348,8.7,37.2,88.0,0.417,0.157,25.6,,,Progressive Field,
189,701678,Hao-Yu Lee,DET,TOR,2026-09-15T23:07:00Z,Scheduled,7,Braydon Fisher,680755,R,37.4,Longshot,Watch List,Projected Lineup,34.1,36.1,30.4,59.8,50.0,1.6,No,No,7,Yes,Yes,RotoWire projected lineup; MLB probable pitchers,lineup projected / unconfirmed,H:2026 P:2026/2025,,,Direct BvP not yet weighted; 2026/2025 Statcast baseline active,7,3,23,0,"Last 7 games: 3/23, 0 HR","same-side matchup; pitcher baseline 9.2% barrel, 6.8 HR allowed",neutral batted-ball profile; pitcher fly-ball pressure modest,8.2,40.6,89.6,100.1443,0.387,0.158,0.298,71.6,23.3,28.0,26.6,8.0,0.155,9.21,37.87,87.82,0.3566,0.1398,27.99,,,Rogers Centre,
190,703520,Brett Bateman,TOR,DET,2026-09-15T23:07:00Z,Scheduled,1,Drew Anderson,623454,R,37.2,Longshot,Watch List,"Projected Lineup, Premium Lineup Spot, Platoon Edge",2.7,39.1,30.4,88.7,80.0,54.9,No,No,1,Yes,Yes,RotoWire projected lineup; MLB probable pitchers,lineup projected / unconfirmed,H:2026 P:2026,,,Direct BvP not yet weighted; 2026/2025 Statcast baseline active,7,7,29,2,Hot streak: 2 HR in last 7 games,"platoon edge; pitcher baseline 8.4% barrel, 14.0 HR allowed",neutral batted-ball profile; pitcher fly-ball pressure modest,2.0,20.2,84.3,94.9301,0.338,0.077,0.312,68.2,2.5,30.3,12.1,2.0,0.104,8.4,39.2,89.9,0.367,0.141,24.0,,,Rogers Centre,
191,699393,Pedro Ramirez,CHC,ATL,2026-09-15T23:40:00Z,Scheduled,8,Martín Pérez,527048,L,37.2,Longshot,Watch List,"Projected Lineup, Platoon Edge",23.8,37.0,29.8,47.9,75.0,51.3,No,No,8,Yes,Yes,RotoWire projected lineup; MLB probable pitchers,lineup projected / unconfirmed,H:2026 P:2026/2025,,,Direct BvP not yet weighted; 2026/2025 Statcast baseline active,7,5,23,2,Hot streak: 2 HR in last 7 games,"switch hitter; pitcher baseline 8.1% barrel, 10.9 HR allowed",neutral batted-ball profile; pitcher fly-ball pressure modest,4.8,39.9,89.1,99.3526,0.357,0.112,0.29,72.3,22.5,41.7,23.8,6.0,0.165,8.07,37.51,87.99,0.4234,0.1639,24.13,,,Wrigley Field,
192,806146,George Lombard,NYY,MIN,2026-09-15T23:40:00Z,Scheduled,6,Bailey Ober,641927,R,37.2,Longshot,Watch List,Projected Lineup,13.6,53.6,27.1,71.7,50.0,24.3,No,No,6,Yes,Yes,RotoWire projected lineup; MLB probable pitchers,lineup projected / unconfirmed,H:2026 P:2026/2025,,,Direct BvP not yet weighted; 2026/2025 Statcast baseline active,7,4,25,1,"Last 7 games: 4/25, 1 HR","same-side matchup; pitcher baseline 10.1% barrel, 21.6 HR allowed",neutral batted-ball profile; pitcher allows elevated contact,5.3,32.9,85.5,97.0699,0.304,0.091,0.265,72.2,23.2,30.3,22.4,3.0,0.123,10.13,37.07,88.9,0.455,0.2056,32.53,,,Target Field,
193,687551,Drew Gilbert,SF,STL,2026-09-15T23:45:00Z,Scheduled,1,Andre Pallante,669467,R,37.0,Longshot,Watch List,"Projected Lineup, Premium Lineup Spot, Platoon Edge",19.7,25.3,22.1,88.7,80.0,30.3,No,No,1,Yes,Yes,RotoWire projected lineup; MLB probable pitchers,lineup projected / unconfirmed,H:2026/2025 P:2026/2025,,,Direct BvP not yet weighted; 2026/2025 Statcast baseline active,7,3,15,1,"Last 7 games: 3/15, 1 HR","platoon edge; pitcher baseline 5.4% barrel, 13.3 HR allowed",neutral batted-ball profile; pitcher fly-ball pressure modest,5.25,35.87,86.6,98.1748,0.3752,0.1314,0.3106,70.45,10.13,41.26,19.9,7.2,0.1502,5.41,35.84,87.8,0.381,0.1279,17.4,,,Busch Stadium,
194,680574,Matt McLain,CIN,LAD,2026-09-15T22:40:00Z,Scheduled,8,Yoshinobu Yamamoto,808967,R,36.9,Longshot,Watch List,Projected Lineup,32.7,28.1,39.3,47.9,50.0,45.9,No,No,8,Yes,Yes,RotoWire projected lineup; MLB probable pitchers,lineup projected / unconfirmed,H:2026/2025 P:2026/2025,,,Direct BvP not yet weighted; 2026/2025 Statcast baseline active,7,4,22,2,Hot streak: 2 HR in last 7 games,"same-side matchup; pitcher baseline 6.5% barrel, 17.5 HR allowed",neutral batted-ball profile; pitcher fly-ball pressure modest,8.92,37.69,88.45,98.9798,0.3711,0.1532,0.3001,71.0,9.89,36.13,33.22,15.0,0.1454,6.47,37.6,88.09,0.3306,0.1207,22.94,,,Great American Ball Park,
195,807726,John Peck,DET,TOR,2026-09-15T23:07:00Z,Scheduled,8,Braydon Fisher,680755,R,36.9,Longshot,Watch List,"Projected Lineup, Strong Barrel",35.8,36.1,30.4,47.9,50.0,13.6,No,No,8,Yes,Yes,RotoWire projected lineup; MLB probable pitchers,lineup projected / unconfirmed,H:2026 P:2026/2025,,,Direct BvP not yet weighted; 2026/2025 Statcast baseline active,7,4,19,0,"Last 7 games: 4/19, 0 HR","same-side matchup; pitcher baseline 9.2% barrel, 6.8 HR allowed",neutral batted-ball profile; pitcher fly-ball pressure modest,11.5,40.7,88.1,99.0202,0.399,0.151,0.355,71.9,17.1,25.9,14.8,0.0,0.03,9.21,37.87,87.82,0.3566,0.1398,27.99,,,Rogers Centre,
196,543760,Marcus Semien,NYM,BAL,2026-09-15T23:10:00Z,Scheduled,6,Shane Baz,669358,R,36.9,Longshot,Watch List,Projected Lineup,23.7,40.8,24.8,71.7,50.0,20.9,No,No,6,Yes,Yes,RotoWire projected lineup; MLB probable pitchers,lineup projected / unconfirmed,H:2026/2025 P:2026/2025,,,Direct BvP not yet weighted; 2026/2025 Statcast baseline active,7,7,27,0,"Last 7 games: 7/27, 0 HR","same-side matchup; pitcher baseline 7.5% barrel, 17.6 HR allowed",neutral batted-ball profile; pitcher fly-ball pressure modest,6.38,34.16,87.11,97.4343,0.3859,0.1411,0.3089,68.57,3.55,46.63,32.28,14.3,0.1284,7.54,40.94,89.77,0.3923,0.1483,25.85,,,Citi Field,
197,695731,Braden Montgomery,CWS,CLE,2026-09-15T22:40:00Z,Scheduled,7,Foster Griffin,656492,L,36.8,Longshot,Watch List,"Projected Lineup, Platoon Edge",24.3,39.8,27.6,59.8,75.0,0.0,No,No,7,Yes,Yes,RotoWire projected lineup; MLB probable pitchers,lineup projected / unconfirmed,H:2026 P:2026,,,Direct BvP not yet weighted; 2026/2025 Statcast baseline active,7,2,19,0,"Last 7 games: 2/19, 0 HR","switch hitter; pitcher baseline 8.7% barrel, 23.0 HR allowed",neutral batted-ball profile; pitcher fly-ball pressure modest,4.5,40.4,88.9,99.9291,0.396,0.141,0.331,69.7,8.5,38.6,19.7,6.0,0.13,8.7,37.2,88.0,0.417,0.157,25.6,,,Progressive Field,
198,669221,Sean Murphy,ATL,CHC,2026-09-15T23:40:00Z,Scheduled,9,Kevin Gausman,592332,R,36.6,Longshot,Watch List,"Projected Lineup, Strong Barrel",36.1,41.9,29.8,40.2,50.0,0.0,No,No,9,Yes,Yes,RotoWire projected lineup; MLB probable pitchers,lineup projected / unconfirmed,H:2026/2025 P:2026/2025,,,Direct BvP not yet weighted; 2026/2025 Statcast baseline active,7,2,23,0,"Last 7 games: 2/23, 0 HR","same-side matchup; pitcher baseline 7.7% barrel, 23.1 HR allowed",neutral batted-ball profile; pitcher fly-ball pressure modest,10.74,41.21,87.42,101.1728,0.3709,0.1664,0.2874,72.53,28.05,48.28,26.56,6.9,0.175,7.73,39.93,88.95,0.4077,0.1613,26.16,,,Wrigley Field,
199,683011,Anthony Volpe,NYY,MIN,2026-09-15T23:40:00Z,Scheduled,9,Bailey Ober,641927,R,36.5,Longshot,Watch List,Projected Lineup,24.1,53.6,27.1,40.2,50.0,30.3,No,No,9,Yes,Yes,RotoWire projected lineup; MLB probable pitchers,lineup projected / unconfirmed,H:2026/2025 P:2026/2025,,,Direct BvP not yet weighted; 2026/2025 Statcast baseline active,7,4,20,1,"Last 7 games: 4/20, 1 HR","same-side matchup; pitcher baseline 10.1% barrel, 21.6 HR allowed",neutral batted-ball profile; pitcher allows elevated contact,6.16,38.26,88.39,98.8313,0.3441,0.1169,0.2926,71.83,20.31,31.47,24.55,7.1,0.1181,10.13,37.07,88.9,0.455,0.2056,32.53,,,Target Field,
200,669392,Samad Taylor,SD,COL,2026-09-16T00:40:00Z,Scheduled,7,Kyle Freeland,607536,L,36.5,Longshot,Watch List,"Projected Lineup, Platoon Edge",1.5,58.6,38.7,59.8,78.0,14.6,No,No,7,Yes,Yes,RotoWire projected lineup; MLB probable pitchers,lineup projected / unconfirmed,H:2026/2025 P:2026/2025,,,Direct BvP not yet weighted; 2026/2025 Statcast baseline active,7,5,23,0,"Last 7 games: 5/23, 0 HR","platoon edge; pitcher baseline 10.2% barrel, 23.4 HR allowed",neutral batted-ball profile; pitcher fly-ball pressure modest,1.68,19.57,81.79,93.4695,0.2979,0.0612,0.267,68.67,3.08,29.2,15.44,0.7,0.0532,10.24,43.87,90.47,0.4751,0.1931,28.24,,,Coors Field,
201,608348,Carson Kelly,CHC,ATL,2026-09-15T23:40:00Z,Scheduled,9,Martín Pérez,527048,L,36.3,Longshot,Watch List,"Projected Lineup, Platoon Edge",26.7,38.2,29.8,40.2,78.0,23.7,No,No,9,Yes,Yes,RotoWire projected lineup; MLB probable pitchers,lineup projected / unconfirmed,H:2026/2025 P:2026/2025,,,Direct BvP not yet weighted; 2026/2025 Statcast baseline active,7,5,18,0,"Last 7 games: 5/18, 0 HR","platoon edge; pitcher baseline 8.1% barrel, 10.9 HR allowed",neutral batted-ball profile; pitcher fly-ball pressure modest,6.8,37.85,87.61,98.7932,0.3851,0.1449,0.3133,70.61,7.91,41.11,26.2,12.1,0.1426,8.07,37.51,87.99,0.4234,0.1639,24.13,,,Wrigley Field,
202,656775,Cedric Mullins,TB,ATH,2026-09-15T22:40:00Z,Scheduled,7,Jack Perkins,678022,R,36.2,Longshot,Watch List,"Projected Lineup, Platoon Edge",20.5,40.3,27.6,59.8,80.0,0.0,No,No,7,Yes,Yes,RotoWire projected lineup; MLB probable pitchers,lineup projected / unconfirmed,H:2026/2025 P:2026/2025,,,Direct BvP not yet weighted; 2026/2025 Statcast baseline active,7,2,20,0,"Last 7 games: 2/20, 0 HR","platoon edge; pitcher baseline 9.0% barrel, 15.2 HR allowed",neutral batted-ball profile; pitcher allows elevated contact,4.8,33.1,88.1,97.9206,0.3206,0.125,0.2708,71.03,9.99,45.53,32.15,14.9,0.1505,9.04,36.79,87.87,0.3741,0.1482,33.61,,,Tropicana Field,
203,645277,Ozzie Albies,ATL,CHC,2026-09-15T23:40:00Z,Scheduled,6,Kevin Gausman,592332,R,36.2,Longshot,Watch List,"Projected Lineup, Platoon Edge",16.0,40.2,29.8,71.7,75.0,0.0,No,No,6,Yes,Yes,RotoWire projected lineup; MLB probable pitchers,lineup projected / unconfirmed,H:2026/2025 P:2026/2025,,,Direct BvP not yet weighted; 2026/2025 Statcast baseline active,7,2,24,0,"Last 7 games: 2/24, 0 HR","switch hitter; pitcher baseline 7.7% barrel, 23.1 HR allowed",neutral batted-ball profile; pitcher fly-ball pressure modest,4.2,28.6,87.22,96.6959,0.3544,0.1219,0.2864,68.86,5.67,46.35,31.76,19.5,0.1502,7.73,39.93,88.95,0.4077,0.1613,26.16,,,Wrigley Field,
204,813841,Jonah Cox,SF,STL,2026-09-15T23:45:00Z,Scheduled,3,Andre Pallante,669467,R,36.2,Longshot,Watch List,"Projected Lineup, Premium Lineup Spot",25.7,25.3,22.1,92.1,50.0,19.5,No,No,3,Yes,Yes,RotoWire projected lineup; MLB probable pitchers,lineup projected / unconfirmed,H:2026 P:2026/2025,,,Direct BvP not yet weighted; 2026/2025 Statcast baseline active,7,7,28,0,"Last 7 games: 7/28, 0 HR","same-side matchup; pitcher baseline 5.4% barrel, 13.3 HR allowed",neutral batted-ball profile; pitcher fly-ball pressure modest,7.2,39.1,88.0,99.2773,0.343,0.138,0.259,69.0,6.4,20.3,26.1,4.0,0.169,5.41,35.84,87.8,0.381,0.1279,17.4,,,Busch Stadium,
205,643376,Danny Jansen,TEX,BOS,2026-09-16T00:05:00Z,Scheduled,8,Patrick Sandoval,663776,L,36.2,Longshot,Watch List,"Projected Lineup, Platoon Edge",23.7,32.3,27.6,47.9,78.0,55.6,No,No,8,Yes,Yes,RotoWire projected lineup; MLB probable pitchers,lineup projected / unconfirmed,H:2026/2025 P:2026,,,Direct BvP not yet weighted; 2026/2025 Statcast baseline active,7,7,19,1,Contact streak: 7/19 over last 7 games,"platoon edge; pitcher baseline 6.5% barrel, 6.0 HR allowed",neutral batted-ball profile; pitcher fly-ball pressure modest,7.4,35.01,87.6,97.9421,0.3199,0.1332,0.2727,69.92,6.53,53.56,28.21,8.4,0.1742,6.5,35.7,87.6,0.441,0.161,24.4,,,Globe Life Field,
206,514888,Jose Altuve,HOU,KC,2026-09-16T00:10:00Z,Scheduled,4,Michael Wacha,608379,R,36.0,Longshot,Watch List,"Projected Lineup, Premium Lineup Spot",14.2,36.6,27.6,90.4,50.0,24.9,No,No,4,Yes,Yes,RotoWire projected lineup; MLB probable pitchers,lineup projected / unconfirmed,H:2026/2025 P:2026/2025,,,Direct BvP not yet weighted; 2026/2025 Statcast baseline active,7,8,28,0,"Last 7 games: 8/28, 0 HR","same-side matchup; pitcher baseline 6.9% barrel, 21.3 HR allowed",neutral batted-ball profile; pitcher fly-ball pressure modest,5.08,31.74,85.45,97.0962,0.3441,0.1183,0.2811,69.0,9.85,45.15,23.07,18.3,0.1595,6.91,35.51,87.85,0.406,0.1605,28.81,,,Daikin Park,
207,643289,Mauricio Dubon,ATL,CHC,2026-09-15T23:40:00Z,Scheduled,5,Kevin Gausman,592332,R,35.6,Longshot,Watch List,Projected Lineup,9.9,41.9,29.8,81.9,50.0,36.0,No,No,5,Yes,Yes,RotoWire projected lineup; MLB probable pitchers,lineup projected / unconfirmed,H:2026/2025 P:2026/2025,,,Direct BvP not yet weighted; 2026/2025 Statcast baseline active,7,9,25,0,Contact streak: 9/25 over last 7 games,"same-side matchup; pitcher baseline 7.7% barrel, 23.1 HR allowed",neutral batted-ball profile; pitcher fly-ball pressure modest,2.95,28.54,85.9,96.1877,0.3618,0.0994,0.2969,68.94,4.17,31.82,25.86,9.8,0.1161,7.73,39.93,88.95,0.4077,0.1613,26.16,,,Wrigley Field,
208,804606,Konnor Griffin,PIT,MIL,2026-09-15T22:40:00Z,Scheduled,4,Jacob Misiorowski,694819,R,35.5,Longshot,Watch List,"Projected Lineup, Premium Lineup Spot",28.6,19.2,24.3,90.4,50.0,13.0,No,No,4,Yes,Yes,RotoWire projected lineup; MLB probable pitchers,lineup projected / unconfirmed,H:2026 P:2026/2025,,,Direct BvP not yet weighted; 2026/2025 Statcast baseline active,7,6,29,0,"Last 7 games: 6/29, 0 HR","same-side matchup; pitcher baseline 5.1% barrel, 12.2 HR allowed",neutral batted-ball profile; pitcher fly-ball pressure modest,7.5,36.0,87.6,100.3159,0.387,0.144,0.303,75.7,57.6,40.2,18.0,5.0,0.122,5.1,34.56,87.67,0.281,0.101,25.85,,,PNC Park,
209,688363,Graham Pauley,MIA,AZ,2026-09-16T01:40:00Z,Scheduled,8,Michael Soroka,647336,R,35.5,Longshot,Watch List,"Projected Lineup, Platoon Edge",17.0,34.7,28.2,47.9,80.0,68.7,No,No,8,Yes,Yes,RotoWire projected lineup; MLB probable pitchers,lineup projected / unconfirmed,H:2026/2025 P:2026/2025,,,Direct BvP not yet weighted; 2026/2025 Statcast baseline active,7,5,15,2,Hot streak: 2 HR in last 7 games,"platoon edge; pitcher baseline 7.7% barrel, 8.5 HR allowed",neutral batted-ball profile; pitcher fly-ball pressure modest,6.55,28.12,85.27,96.523,0.3255,0.1235,0.2626,71.21,15.38,48.92,29.5,4.0,0.1651,7.68,35.92,88.22,0.3937,0.1483,27.94,,,Chase Field,
210,694376,Shay Whitcomb,SF,STL,2026-09-15T23:45:00Z,Scheduled,6,Andre Pallante,669467,R,35.4,Longshot,Watch List,"Projected Lineup, Strong Barrel",27.7,25.3,22.1,71.7,50.0,46.5,No,No,6,Yes,Yes,RotoWire projected lineup; MLB probable pitchers,lineup projected / unconfirmed,H:2026/2025 P:2026/2025,,,Direct BvP not yet weighted; 2026/2025 Statcast baseline active,7,8,26,1,"Last 7 games: 8/26, 1 HR","same-side matchup; pitcher baseline 5.4% barrel, 13.3 HR allowed",neutral batted-ball profile; pitcher fly-ball pressure modest,10.38,28.07,85.62,97.4082,0.3671,0.1716,0.2484,71.66,17.36,41.88,28.07,3.1,0.1528,5.41,35.84,87.8,0.381,0.1279,17.4,,,Busch Stadium,
211,663494,Bryan Torres,STL,SF,2026-09-15T23:45:00Z,Scheduled,1,Blade Tidwell,694918,R,35.4,Longshot,Watch List,"Projected Lineup, Premium Lineup Spot, Platoon Edge",8.5,36.8,22.1,88.7,80.0,17.7,No,No,1,Yes,Yes,RotoWire projected lineup; MLB probable pitchers,lineup projected / unconfirmed,H:2026 P:2026/2025,,,Direct BvP not yet weighted; 2026/2025 Statcast baseline active,7,5,21,0,"Last 7 games: 5/21, 0 HR","platoon edge; pitcher baseline 8.9% barrel, 5.4 HR allowed",neutral batted-ball profile; pitcher fly-ball pressure modest,3.4,26.9,86.9,95.8413,0.347,0.106,0.294,66.0,1.2,47.1,21.0,4.0,0.114,8.89,34.05,87.92,0.4087,0.1579,27.26,,,Busch Stadium,
212,686681,Michael Massey,KC,HOU,2026-09-16T00:10:00Z,Scheduled,7,Hunter Brown,686613,R,35.4,Longshot,Watch List,"Projected Lineup, Platoon Edge",27.5,22.5,27.6,59.8,80.0,24.9,No,No,7,Yes,Yes,RotoWire projected lineup; MLB probable pitchers,lineup projected / unconfirmed,H:2026/2025 P:2026/2025,,,Direct BvP not yet weighted; 2026/2025 Statcast baseline active,7,8,28,0,"Last 7 games: 8/28, 0 HR","platoon edge; pitcher baseline 6.2% barrel, 12.8 HR allowed",neutral batted-ball profile; pitcher fly-ball pressure modest,5.19,38.32,88.97,98.7734,0.3929,0.1416,0.2951,71.43,12.26,49.01,30.17,8.6,0.1306,6.25,35.49,86.17,0.3278,0.122,23.3,,,Daikin Park,
213,806956,Ethan Salas,SD,COL,2026-09-16T00:40:00Z,Scheduled,9,Kyle Freeland,607536,L,35.3,Longshot,Watch List,Projected Lineup,16.2,58.6,38.7,40.2,50.0,0.0,No,No,9,Yes,Yes,RotoWire projected lineup; MLB probable pitchers,lineup projected / unconfirmed,H:2026 P:2026/2025,,,Direct BvP not yet weighted; 2026/2025 Statcast baseline active,7,1,16,0,"Last 7 games: 1/16, 0 HR","same-side matchup; pitcher baseline 10.2% barrel, 23.4 HR allowed",fly-ball profile; pitcher fly-ball pressure modest,0.0,30.0,89.1,96.8397,0.196,0.102,0.122,69.6,21.9,20.0,40.0,0.0,0.125,10.24,43.87,90.47,0.4751,0.1931,28.24,,,Coors Field,
214,663538,Nico Hoerner,CHC,ATL,2026-09-15T23:40:00Z,Scheduled,6,Martín Pérez,527048,L,34.8,Longshot,Watch List,"Projected Lineup, Platoon Edge",8.9,38.2,29.8,71.7,78.0,23.4,No,No,6,Yes,Yes,RotoWire projected lineup; MLB probable pitchers,lineup projected / unconfirmed,H:2026/2025 P:2026/2025,,,Direct BvP not yet weighted; 2026/2025 Statcast baseline active,7,8,29,0,"Last 7 games: 8/29, 0 HR","platoon edge; pitcher baseline 8.1% barrel, 10.9 HR allowed",neutral batted-ball profile; pitcher fly-ball pressure modest,1.77,29.46,86.14,96.3201,0.3826,0.0843,0.3234,68.33,1.83,32.8,21.63,7.7,0.0942,8.07,37.51,87.99,0.4234,0.1639,24.13,,,Wrigley Field,
215,695720,Tommy White,ATH,TB,2026-09-15T22:40:00Z,Scheduled,7,Griffin Jax,643377,R,34.7,Longshot,Watch List,Projected Lineup,20.3,44.6,27.6,59.8,50.0,5.7,No,No,7,Yes,Yes,RotoWire projected lineup; MLB probable pitchers,lineup projected / unconfirmed,H:2026 P:2026/2025,,,Direct BvP not yet weighted; 2026/2025 Statcast baseline active,7,3,19,0,"Last 7 games: 3/19, 0 HR","same-side matchup; pitcher baseline 9.5% barrel, 12.6 HR allowed",neutral batted-ball profile; pitcher fly-ball pressure modest,7.5,32.1,85.8,97.197,0.392,0.124,0.297,69.3,13.3,27.6,23.1,2.0,0.069,9.47,42.0,89.13,0.4056,0.1576,23.44,,,Tropicana Field,
216,641680,Jonah Heim,ATH,TB,2026-09-15T22:40:00Z,Scheduled,9,Griffin Jax,643377,R,34.6,Longshot,Watch List,"Projected Lineup, Platoon Edge",22.8,43.2,27.6,40.2,75.0,4.2,No,No,9,Yes,Yes,RotoWire projected lineup; MLB probable pitchers,lineup projected / unconfirmed,H:2026/2025 P:2026/2025,,,Direct BvP not yet weighted; 2026/2025 Statcast baseline active,7,4,27,0,"Last 7 games: 4/27, 0 HR","switch hitter; pitcher baseline 9.5% barrel, 12.6 HR allowed",neutral batted-ball profile; pitcher fly-ball pressure modest,6.31,32.89,87.89,97.7578,0.3621,0.1361,0.2858,69.77,9.31,40.07,27.9,12.4,0.1547,9.47,42.0,89.13,0.4056,0.1576,23.44,,,Tropicana Field,
217,686797,Brooks Lee,MIN,NYY,2026-09-15T23:40:00Z,Scheduled,2,Max Fried,608331,L,34.1,Longshot,Watch List,"Projected Lineup, Premium Lineup Spot, Platoon Edge",22.0,9.1,27.1,95.5,75.0,9.8,No,No,2,Yes,Yes,RotoWire projected lineup; MLB probable pitchers,lineup projected / unconfirmed,H:2026/2025 P:2026/2025,,,Direct BvP not yet weighted; 2026/2025 Statcast baseline active,7,5,27,0,"Last 7 games: 5/27, 0 HR","switch hitter; pitcher baseline 3.5% barrel, 7.0 HR allowed",neutral batted-ball profile; pitcher fly-ball pressure modest,4.75,35.42,88.39,97.7241,0.3558,0.1281,0.2792,69.92,8.63,41.64,30.19,20.9,0.1683,3.47,31.74,86.15,0.2968,0.0872,23.65,,,Target Field,
218,687462,Spencer Horwitz,PIT,MIL,2026-09-15T22:40:00Z,Scheduled,6,Jacob Misiorowski,694819,R,33.5,Longshot,Watch List,"Projected Lineup, Platoon Edge",21.6,19.2,24.3,71.7,80.0,17.7,No,No,6,Yes,Yes,RotoWire projected lineup; MLB probable pitchers,lineup projected / unconfirmed,H:2026/2025 P:2026/2025,,,Direct BvP not yet weighted; 2026/2025 Statcast baseline active,7,5,21,0,"Last 7 games: 5/21, 0 HR","platoon edge; pitcher baseline 5.1% barrel, 12.2 HR allowed",neutral batted-ball profile; pitcher fly-ball pressure modest,6.69,33.06,87.05,97.5405,0.3657,0.1332,0.3155,68.68,5.39,39.66,27.77,10.3,0.1333,5.1,34.56,87.67,0.281,0.101,25.85,,,PNC Park,
219,687957,Dustin Harris,SD,COL,2026-09-16T00:40:00Z,Scheduled,8,Kyle Freeland,607536,L,33.5,Longshot,Watch List,Projected Lineup,4.3,58.6,38.7,47.9,50.0,19.5,No,No,8,Yes,Yes,RotoWire projected lineup; MLB probable pitchers,lineup projected / unconfirmed,H:2026/2025 P:2026/2025,,,Direct BvP not yet weighted; 2026/2025 Statcast baseline active,7,6,24,0,"Last 7 games: 6/24, 0 HR","same-side matchup; pitcher baseline 10.2% barrel, 23.4 HR allowed",neutral batted-ball profile; pitcher fly-ball pressure modest,2.09,21.21,85.5,94.8703,0.338,0.0855,0.294,66.96,2.52,47.57,22.12,0.3,0.0968,10.24,43.87,90.47,0.4751,0.1931,28.24,,,Coors Field,
220,686765,Nick Sogard,BOS,TEX,2026-09-16T00:05:00Z,Scheduled,8,,,,33.3,Longshot,Watch List,"Projected Lineup, Platoon Edge",14.9,40.2,27.6,47.9,75.0,22.4,No,No,8,Yes,Yes,RotoWire projected lineup; MLB probable pitchers,lineup projected / unconfirmed,H:2026/2025 P:,,,Direct BvP not yet weighted; 2026/2025 Statcast baseline active,7,7,26,0,"Last 7 games: 7/26, 0 HR","switch hitter; pitcher baseline 0.0% barrel, 0.0 HR allowed",neutral batted-ball profile; pitcher fly-ball pressure modest,4.83,30.85,86.56,96.975,0.3603,0.1128,0.3118,68.71,3.75,43.77,24.23,2.8,0.1225,,,,,,,,,Globe Life Field,
221,681987,Nate Eaton,BOS,TEX,2026-09-16T00:05:00Z,Scheduled,9,,,,33.3,Longshot,Watch List,Projected Lineup,25.0,41.2,27.6,40.2,60.0,0.0,No,No,9,Yes,Yes,RotoWire projected lineup; MLB probable pitchers,lineup projected / unconfirmed,H:2026/2025 P:,,,Direct BvP not yet weighted; 2026/2025 Statcast baseline active,7,1,21,0,"Last 7 games: 1/21, 0 HR","handedness incomplete; pitcher baseline 0.0% barrel, 0.0 HR allowed",neutral batted-ball profile; pitcher fly-ball pressure modest,7.49,36.45,88.1,98.4853,0.3153,0.1321,0.2776,73.16,28.61,50.93,18.22,1.0,0.1178,,,,,,,,,Globe Life Field,
222,650333,Luis Arraez,PHI,WSH,2026-09-15T22:45:00Z,Scheduled,4,Jackson Kent,800600,L,33.2,Longshot,Watch List,"Projected Lineup, Premium Lineup Spot",6.9,36.5,28.2,90.4,50.0,15.3,No,No,4,Yes,Yes,RotoWire projected lineup; MLB probable pitchers,lineup projected / unconfirmed,H:2026/2025 P:2026,,,Direct BvP not yet weighted; 2026/2025 Statcast baseline active,7,6,27,0,"Last 7 games: 6/27, 0 HR","same-side matchup; pitcher baseline 8.1% barrel, 1.0 HR allowed",neutral batted-ball profile; pitcher fly-ball pressure modest,1.24,18.24,86.24,93.8902,0.3714,0.0851,0.303,62.92,0.19,30.17,28.52,6.6,0.107,8.1,41.9,88.2,0.419,0.154,20.9,,,Nationals Park,
223,669364,Xavier Edwards,MIA,AZ,2026-09-16T01:40:00Z,Scheduled,6,Michael Soroka,647336,R,33.2,Longshot,Watch List,"Projected Lineup, Platoon Edge",9.0,33.8,28.2,71.7,75.0,22.4,No,No,6,Yes,Yes,RotoWire projected lineup; MLB probable pitchers,lineup projected / unconfirmed,H:2026/2025 P:2026/2025,,,Direct BvP not yet weighted; 2026/2025 Statcast baseline active,7,7,26,0,"Last 7 games: 7/26, 0 HR","switch hitter; pitcher baseline 7.7% barrel, 8.5 HR allowed",neutral batted-ball profile; pitcher fly-ball pressure modest,2.48,28.91,86.8,96.5742,0.3516,0.0907,0.3076,67.95,2.47,28.59,22.05,5.1,0.0868,7.68,35.92,88.22,0.3937,0.1483,27.94,,,Chase Field,
224,806367,Turner Hill,SF,STL,2026-09-15T23:45:00Z,Scheduled,4,Andre Pallante,669467,R,33.0,Longshot,Watch List,"Projected Lineup, Premium Lineup Spot, Platoon Edge",11.3,25.3,22.1,90.4,80.0,0.0,No,No,4,Yes,Yes,RotoWire projected lineup; MLB probable pitchers,lineup projected / unconfirmed,H:2026 P:2026/2025,,,Direct BvP not yet weighted; 2026/2025 Statcast baseline active,7,2,24,0,"Last 7 games: 2/24, 0 HR","platoon edge; pitcher baseline 5.4% barrel, 13.3 HR allowed",neutral batted-ball profile; pitcher fly-ball pressure modest,3.4,32.2,87.2,96.6794,0.343,0.107,0.316,65.7,0.9,49.2,22.0,0.0,0.083,5.41,35.84,87.8,0.381,0.1279,17.4,,,Busch Stadium,
225,808982,Jung Hoo Lee,SF,STL,2026-09-15T23:45:00Z,Scheduled,5,Andre Pallante,669467,R,33.0,Longshot,Watch List,"Projected Lineup, Platoon Edge",13.0,25.3,22.1,81.9,80.0,13.3,No,No,5,Yes,Yes,RotoWire projected lineup; MLB probable pitchers,lineup projected / unconfirmed,H:2026/2025 P:2026/2025,,,Direct BvP not yet weighted; 2026/2025 Statcast baseline active,7,5,24,0,"Last 7 games: 5/24, 0 HR","platoon edge; pitcher baseline 5.4% barrel, 13.3 HR allowed",neutral batted-ball profile; pitcher fly-ball pressure modest,2.79,31.79,87.52,97.0017,0.3843,0.0989,0.3175,68.44,3.4,38.11,22.45,8.7,0.1291,5.41,35.84,87.8,0.381,0.1279,17.4,,,Busch Stadium,
226,682668,Luisangel Acuna,CWS,CLE,2026-09-15T22:40:00Z,Scheduled,9,Foster Griffin,656492,L,32.9,Longshot,Watch List,"Projected Lineup, Platoon Edge",13.6,41.6,27.6,40.2,78.0,32.0,No,No,9,Yes,Yes,RotoWire projected lineup; MLB probable pitchers,lineup projected / unconfirmed,H:2026/2025 P:2026,,,Direct BvP not yet weighted; 2026/2025 Statcast baseline active,7,2,6,0,Contact streak: 2/6 over last 7 games,"platoon edge; pitcher baseline 8.7% barrel, 23.0 HR allowed",neutral batted-ball profile; pitcher fly-ball pressure modest,2.59,36.06,88.25,99.3222,0.3116,0.0679,0.2675,71.68,24.63,32.22,16.23,0.7,0.0365,8.7,37.2,88.0,0.417,0.157,25.6,,,Progressive Field,
227,681082,Bryson Stott,PHI,WSH,2026-09-15T22:45:00Z,Scheduled,8,Jackson Kent,800600,L,32.9,Longshot,Watch List,Projected Lineup,24.8,36.5,28.2,47.9,50.0,10.6,No,No,8,Yes,Yes,RotoWire projected lineup; MLB probable pitchers,lineup projected / unconfirmed,H:2026/2025 P:2026,,,Direct BvP not yet weighted; 2026/2025 Statcast baseline active,7,4,21,0,"Last 7 games: 4/21, 0 HR","same-side matchup; pitcher baseline 8.1% barrel, 1.0 HR allowed",neutral batted-ball profile; pitcher fly-ball pressure modest,5.73,34.75,88.72,98.3045,0.3979,0.1383,0.3228,69.72,6.61,34.52,27.45,10.9,0.1389,8.1,41.9,88.2,0.419,0.154,20.9,,,Nationals Park,
228,801126,Brock Rodden,SEA,LAA,2026-09-16T01:38:00Z,Scheduled,9,Ryan Johnson,696270,R,32.9,Longshot,Watch List,"Projected Lineup, Platoon Edge",15.9,44.6,28.2,40.2,75.0,7.0,No,No,9,Yes,Yes,RotoWire projected lineup; MLB probable pitchers,lineup projected / unconfirmed,H:2026 P:2026/2025,,,Direct BvP not yet weighted; 2026/2025 Statcast baseline active,7,1,6,0,"Last 7 games: 1/6, 0 HR","switch hitter; pitcher baseline 9.4% barrel, 13.8 HR allowed",fly-ball profile; pitcher allows elevated contact,2.9,37.1,87.5,97.4451,0.207,0.071,0.227,69.1,2.0,54.3,42.9,0.0,0.091,9.41,36.49,87.75,0.4353,0.1833,33.88,,,Angel Stadium,
229,699115,Carlos Jorge,CIN,LAD,2026-09-15T22:40:00Z,Scheduled,7,Yoshinobu Yamamoto,808967,R,32.8,Longshot,Watch List,"Projected Lineup, Platoon Edge",13.8,28.1,39.3,59.8,80.0,0.0,No,No,7,Yes,Yes,RotoWire projected lineup; MLB probable pitchers,lineup projected / unconfirmed,H:2026 P:2026/2025,,,Direct BvP not yet weighted; 2026/2025 Statcast baseline active,7,2,17,0,"Last 7 games: 2/17, 0 HR","platoon edge; pitcher baseline 6.5% barrel, 17.5 HR allowed",neutral batted-ball profile; pitcher fly-ball pressure modest,9.1,18.2,78.2,88.4171,0.3,0.101,0.216,69.1,6.3,45.5,27.3,0.0,0.0,6.47,37.6,88.09,0.3306,0.1207,22.94,,,Great American Ball Park,
230,663647,Ke'Bryan Hayes,CIN,LAD,2026-09-15T22:40:00Z,Scheduled,9,Yoshinobu Yamamoto,808967,R,32.7,Longshot,Watch List,Projected Lineup,30.2,28.1,39.3,40.2,50.0,0.0,No,No,9,Yes,Yes,RotoWire projected lineup; MLB probable pitchers,lineup projected / unconfirmed,H:2026/2025 P:2026/2025,,,Direct BvP not yet weighted; 2026/2025 Statcast baseline active,7,2,20,0,"Last 7 games: 2/20, 0 HR","same-side matchup; pitcher baseline 6.5% barrel, 17.5 HR allowed",neutral batted-ball profile; pitcher fly-ball pressure modest,6.63,41.1,90.28,99.9616,0.3735,0.1313,0.2932,70.89,7.57,30.25,27.01,5.0,0.085,6.47,37.6,88.09,0.3306,0.1207,22.94,,,Great American Ball Park,
231,677587,Brayan Rocchio,CLE,CWS,2026-09-15T22:40:00Z,Scheduled,9,Davis Martin,663436,R,32.6,Longshot,Watch List,"Projected Lineup, Platoon Edge",14.3,43.4,27.6,40.2,75.0,19.5,No,No,9,Yes,Yes,RotoWire projected lineup; MLB probable pitchers,lineup projected / unconfirmed,H:2026/2025 P:2026/2025,,,Direct BvP not yet weighted; 2026/2025 Statcast baseline active,7,6,24,0,"Last 7 games: 6/24, 0 HR","switch hitter; pitcher baseline 7.5% barrel, 15.1 HR allowed",neutral batted-ball profile; pitcher fly-ball pressure modest,3.16,32.35,87.23,97.3377,0.3524,0.1074,0.2936,69.86,6.73,43.57,25.51,10.6,0.1217,7.49,44.53,90.42,0.4314,0.1594,24.04,,,Progressive Field,
232,665926,Andres Gimenez,TOR,DET,2026-09-15T23:07:00Z,Scheduled,8,Drew Anderson,623454,R,32.5,Longshot,Watch List,"Projected Lineup, Platoon Edge",7.4,39.1,30.4,47.9,80.0,44.8,No,No,8,Yes,Yes,RotoWire projected lineup; MLB probable pitchers,lineup projected / unconfirmed,H:2026/2025 P:2026,,,Direct BvP not yet weighted; 2026/2025 Statcast baseline active,7,8,27,1,"Last 7 games: 8/27, 1 HR","platoon edge; pitcher baseline 8.4% barrel, 14.0 HR allowed",neutral batted-ball profile; pitcher fly-ball pressure modest,3.21,25.6,85.74,95.9782,0.3414,0.0992,0.2842,68.53,5.14,38.59,23.16,8.4,0.1135,8.4,39.2,89.9,0.367,0.141,24.0,,,Rogers Centre,
233,622761,Jorge Mateo,TB,ATH,2026-09-15T22:40:00Z,Scheduled,9,Jack Perkins,678022,R,32.2,Longshot,Watch List,Projected Lineup,24.8,40.3,27.6,40.2,50.0,0.0,No,No,9,Yes,Yes,RotoWire projected lineup; MLB probable pitchers,lineup projected / unconfirmed,H:2026/2025 P:2026/2025,,,Direct BvP not yet weighted; 2026/2025 Statcast baseline active,7,2,21,0,"Last 7 games: 2/21, 0 HR","same-side matchup; pitcher baseline 9.0% barrel, 15.2 HR allowed",neutral batted-ball profile; pitcher allows elevated contact,6.69,36.7,86.91,98.7682,0.3432,0.1286,0.2648,73.3,31.46,36.06,28.81,3.8,0.11,9.04,36.79,87.87,0.3741,0.1482,33.61,,,Tropicana Field,
234,802415,Chandler Simpson,TB,ATH,2026-09-15T22:40:00Z,Scheduled,6,Jack Perkins,678022,R,32.1,Longshot,Watch List,"Projected Lineup, Platoon Edge",0.2,40.3,27.6,71.7,80.0,19.5,No,No,6,Yes,Yes,RotoWire projected lineup; MLB probable pitchers,lineup projected / unconfirmed,H:2026/2025 P:2026/2025,,,Direct BvP not yet weighted; 2026/2025 Statcast baseline active,7,7,28,0,"Last 7 games: 7/28, 0 HR","platoon edge; pitcher baseline 9.0% barrel, 15.2 HR allowed",neutral batted-ball profile; pitcher allows elevated contact,0.0,14.43,83.81,92.8044,0.308,0.0382,0.2739,64.8,0.44,28.06,12.44,0.0,0.0486,9.04,36.79,87.87,0.3741,0.1482,33.61,,,Tropicana Field,
235,605170,Victor Caratini,MIN,NYY,2026-09-15T23:40:00Z,Scheduled,7,Max Fried,608331,L,32.0,Longshot,Watch List,"Projected Lineup, Platoon Edge",30.5,9.1,27.1,59.8,75.0,10.1,No,No,7,Yes,Yes,RotoWire projected lineup; MLB probable pitchers,lineup projected / unconfirmed,H:2026/2025 P:2026/2025,,,Direct BvP not yet weighted; 2026/2025 Statcast baseline active,7,3,16,0,"Last 7 games: 3/16, 0 HR","switch hitter; pitcher baseline 3.5% barrel, 7.0 HR allowed",neutral batted-ball profile; pitcher fly-ball pressure modest,7.0,40.0,89.33,99.0169,0.39,0.1504,0.3213,71.39,16.57,38.06,23.55,8.5,0.1135,3.47,31.74,86.15,0.2968,0.0872,23.65,,,Target Field,
236,701675,Nathan Church,STL,SF,2026-09-15T23:45:00Z,Scheduled,9,Blade Tidwell,694918,R,32.0,Longshot,Watch List,"Projected Lineup, Platoon Edge",15.0,36.8,22.1,40.2,80.0,40.7,No,No,9,Yes,Yes,RotoWire projected lineup; MLB probable pitchers,lineup projected / unconfirmed,H:2026/2025 P:2026/2025,,,Direct BvP not yet weighted; 2026/2025 Statcast baseline active,7,9,23,0,Contact streak: 9/23 over last 7 games,"platoon edge; pitcher baseline 8.9% barrel, 5.4 HR allowed",neutral batted-ball profile; pitcher fly-ball pressure modest,4.78,33.45,86.69,97.5208,0.3371,0.106,0.2764,69.53,8.13,34.71,21.88,7.3,0.1067,8.89,34.05,87.92,0.4087,0.1579,27.26,,,Busch Stadium,
237,696285,Jacob Young,WSH,PHI,2026-09-15T22:45:00Z,Scheduled,8,Cristopher Sánchez,650911,L,31.9,Longshot,Watch List,"Projected Lineup, Platoon Edge",16.6,31.4,28.2,47.9,78.0,19.5,No,No,8,Yes,Yes,RotoWire projected lineup; MLB probable pitchers,lineup projected / unconfirmed,H:2026/2025 P:2026/2025,,,Direct BvP not yet weighted; 2026/2025 Statcast baseline active,7,5,20,0,"Last 7 games: 5/20, 0 HR","platoon edge; pitcher baseline 6.7% barrel, 14.8 HR allowed",neutral batted-ball profile; pitcher fly-ball pressure modest,4.63,31.54,87.6,97.7639,0.3682,0.1104,0.3089,69.21,2.16,35.21,24.28,7.6,0.1148,6.68,40.64,89.07,0.3541,0.1214,16.13,,,Nationals Park,
238,686217,Sal Frelick,MIL,PIT,2026-09-15T22:40:00Z,Scheduled,7,Lake Bachar,669199,R,31.8,Longshot,Watch List,"Projected Lineup, Platoon Edge",6.5,43.3,24.3,59.8,80.0,0.8,No,No,7,Yes,Yes,RotoWire projected lineup; MLB probable pitchers,lineup projected / unconfirmed,H:2026/2025 P:2026/2025,,,Direct BvP not yet weighted; 2026/2025 Statcast baseline active,7,3,24,0,"Last 7 games: 3/24, 0 HR","platoon edge; pitcher baseline 9.1% barrel, 12.1 HR allowed",neutral batted-ball profile; pitcher allows elevated contact,2.61,28.03,85.92,96.5048,0.3299,0.0847,0.2864,68.31,3.9,39.88,21.46,6.4,0.0988,9.09,36.6,89.32,0.3794,0.1731,32.06,,,PNC Park,
239,678545,Osleivis Basabe,SF,STL,2026-09-15T23:45:00Z,Scheduled,7,Andre Pallante,669467,R,31.8,Longshot,Watch List,Projected Lineup,25.8,25.3,22.1,59.8,50.0,21.8,No,No,7,Yes,Yes,RotoWire projected lineup; MLB probable pitchers,lineup projected / unconfirmed,H:2026 P:2026/2025,,,Direct BvP not yet weighted; 2026/2025 Statcast baseline active,7,3,21,1,"Last 7 games: 3/21, 1 HR","same-side matchup; pitcher baseline 5.4% barrel, 13.3 HR allowed",neutral batted-ball profile; pitcher fly-ball pressure modest,7.6,34.4,87.6,98.1707,0.345,0.12,0.276,73.4,33.3,40.9,30.1,5.0,0.147,5.41,35.84,87.8,0.381,0.1279,17.4,,,Busch Stadium,
240,691594,Javier Sanoja,MIA,AZ,2026-09-16T01:40:00Z,Scheduled,7,Michael Soroka,647336,R,31.7,Longshot,Watch List,Projected Lineup,10.8,34.7,28.2,59.8,50.0,53.9,No,No,7,Yes,Yes,RotoWire projected lineup; MLB probable pitchers,lineup projected / unconfirmed,H:2026/2025 P:2026/2025,,,Direct BvP not yet weighted; 2026/2025 Statcast baseline active,7,10,28,1,Contact streak: 10/28 over last 7 games,"same-side matchup; pitcher baseline 7.7% barrel, 8.5 HR allowed",neutral batted-ball profile; pitcher fly-ball pressure modest,2.01,32.69,87.45,97.5327,0.3476,0.0823,0.289,68.93,6.46,37.66,18.97,7.4,0.1516,7.68,35.92,88.22,0.3937,0.1483,27.94,,,Chase Field,
241,702332,Caleb Durbin,BOS,TEX,2026-09-16T00:05:00Z,Scheduled,7,,,,31.5,Longshot,Watch List,Projected Lineup,4.2,41.2,27.6,59.8,60.0,45.3,No,No,7,Yes,Yes,RotoWire projected lineup; MLB probable pitchers,lineup projected / unconfirmed,H:2026/2025 P:,,,Direct BvP not yet weighted; 2026/2025 Statcast baseline active,7,6,20,1,"Last 7 games: 6/20, 1 HR","handedness incomplete; pitcher baseline 0.0% barrel, 0.0 HR allowed",neutral batted-ball profile; pitcher fly-ball pressure modest,3.3,25.99,83.94,95.6068,0.3312,0.0909,0.298,68.88,5.02,40.74,20.1,12.4,0.1345,,,,,,,,,Globe Life Field,
242,666152,David Hamilton,MIL,PIT,2026-09-15T22:40:00Z,Scheduled,9,Lake Bachar,669199,R,31.2,Longshot,Watch List,"Projected Lineup, Platoon Edge",10.6,43.3,24.3,40.2,80.0,17.3,No,No,9,Yes,Yes,RotoWire projected lineup; MLB probable pitchers,lineup projected / unconfirmed,H:2026/2025 P:2026/2025,,,Direct BvP not yet weighted; 2026/2025 Statcast baseline active,7,4,17,0,"Last 7 games: 4/17, 0 HR","platoon edge; pitcher baseline 9.1% barrel, 12.1 HR allowed",neutral batted-ball profile; pitcher allows elevated contact,4.04,27.8,86.81,96.8333,0.3127,0.0939,0.2698,69.66,6.66,35.53,24.48,4.6,0.1049,9.09,36.6,89.32,0.3794,0.1731,32.06,,,PNC Park,
243,807712,Luke Keaschall,MIN,NYY,2026-09-15T23:40:00Z,Scheduled,1,Max Fried,608331,L,30.9,Longshot,Watch List,"Projected Lineup, Premium Lineup Spot, Platoon Edge",12.8,9.9,27.1,88.7,78.0,16.1,No,No,1,Yes,Yes,RotoWire projected lineup; MLB probable pitchers,lineup projected / unconfirmed,H:2026/2025 P:2026/2025,,,Direct BvP not yet weighted; 2026/2025 Statcast baseline active,7,5,22,0,"Last 7 games: 5/22, 0 HR","platoon edge; pitcher baseline 3.5% barrel, 7.0 HR allowed",neutral batted-ball profile; pitcher fly-ball pressure modest,3.94,29.59,85.71,96.7329,0.364,0.1139,0.3177,68.64,7.1,38.47,27.53,7.5,0.1213,3.47,31.74,86.15,0.2968,0.0872,23.65,,,Target Field,
244,624428,Adam Frazier,LAA,SEA,2026-09-16T01:38:00Z,Scheduled,8,Logan Gilbert,669302,R,30.7,Longshot,Watch List,"Projected Lineup, Platoon Edge",2.5,48.7,28.2,47.9,80.0,2.0,No,No,8,Yes,Yes,RotoWire projected lineup; MLB probable pitchers,lineup projected / unconfirmed,H:2026/2025 P:2026/2025,,,Direct BvP not yet weighted; 2026/2025 Statcast baseline active,7,2,15,0,"Last 7 games: 2/15, 0 HR","platoon edge; pitcher baseline 9.7% barrel, 24.9 HR allowed",neutral batted-ball profile; pitcher fly-ball pressure modest,2.14,19.41,85.44,94.3877,0.2973,0.076,0.2636,65.38,1.6,41.88,23.49,2.8,0.1029,9.72,41.49,90.03,0.3831,0.161,28.47,,,Angel Stadium,
245,806198,Cooper Pratt,MIL,PIT,2026-09-15T22:40:00Z,Scheduled,8,Lake Bachar,669199,R,30.0,Longshot,Watch List,Projected Lineup,11.3,43.3,24.3,47.9,50.0,19.5,No,No,8,Yes,Yes,RotoWire projected lineup; MLB probable pitchers,lineup projected / unconfirmed,H:2026 P:2026/2025,,,Direct BvP not yet weighted; 2026/2025 Statcast baseline active,7,6,24,0,"Last 7 games: 6/24, 0 HR","same-side matchup; pitcher baseline 9.1% barrel, 12.1 HR allowed",neutral batted-ball profile; pitcher allows elevated contact,3.7,26.5,87.1,96.5722,0.362,0.098,0.313,69.9,9.3,30.7,22.3,3.0,0.096,9.09,36.6,89.32,0.3794,0.1731,32.06,,,PNC Park,
246,686555,Isaac Collins,KC,HOU,2026-09-16T00:10:00Z,Scheduled,8,Hunter Brown,686613,R,29.9,Longshot,Watch List,"Projected Lineup, Platoon Edge",21.7,21.2,27.6,47.9,75.0,2.0,No,No,8,Yes,Yes,RotoWire projected lineup; MLB probable pitchers,lineup projected / unconfirmed,H:2026/2025 P:2026/2025,,,Direct BvP not yet weighted; 2026/2025 Statcast baseline active,7,2,15,0,"Last 7 games: 2/15, 0 HR","switch hitter; pitcher baseline 6.2% barrel, 12.8 HR allowed",neutral batted-ball profile; pitcher fly-ball pressure modest,5.04,39.25,88.45,99.8245,0.3254,0.0948,0.3045,73.26,30.06,39.91,25.25,6.9,0.1256,6.25,35.49,86.17,0.3278,0.122,23.3,,,Daikin Park,
247,668885,Austin Martin,MIN,NYY,2026-09-15T23:40:00Z,Scheduled,6,Max Fried,608331,L,29.7,Longshot,Watch List,"Projected Lineup, Platoon Edge",12.2,9.9,27.1,71.7,78.0,44.5,No,No,6,Yes,Yes,RotoWire projected lineup; MLB probable pitchers,lineup projected / unconfirmed,H:2026/2025 P:2026/2025,,,Direct BvP not yet weighted; 2026/2025 Statcast baseline active,7,5,17,1,"Last 7 games: 5/17, 1 HR","platoon edge; pitcher baseline 3.5% barrel, 7.0 HR allowed",neutral batted-ball profile; pitcher fly-ball pressure modest,3.82,32.16,86.76,97.3399,0.3477,0.0981,0.3212,68.83,4.34,40.44,20.91,2.4,0.0886,3.47,31.74,86.15,0.2968,0.0872,23.65,,,Target Field,
248,679845,Nick Loftin,KC,HOU,2026-09-16T00:10:00Z,Scheduled,6,Hunter Brown,686613,R,29.5,Longshot,Watch List,Projected Lineup,15.7,22.5,27.6,71.7,50.0,4.2,No,No,6,Yes,Yes,RotoWire projected lineup; MLB probable pitchers,lineup projected / unconfirmed,H:2026/2025 P:2026/2025,,,Direct BvP not yet weighted; 2026/2025 Statcast baseline active,7,4,27,0,"Last 7 games: 4/27, 0 HR","same-side matchup; pitcher baseline 6.2% barrel, 12.8 HR allowed",neutral batted-ball profile; pitcher fly-ball pressure modest,4.83,29.59,87.22,96.8531,0.3408,0.1144,0.2912,68.98,5.87,43.24,28.08,6.1,0.1455,6.25,35.49,86.17,0.3278,0.122,23.3,,,Daikin Park,
249,691026,Masyn Winn,STL,SF,2026-09-15T23:45:00Z,Scheduled,8,Blade Tidwell,694918,R,29.1,Longshot,Watch List,Projected Lineup,16.5,36.8,22.1,47.9,50.0,7.0,No,No,8,Yes,Yes,RotoWire projected lineup; MLB probable pitchers,lineup projected / unconfirmed,H:2026/2025 P:2026/2025,,,Direct BvP not yet weighted; 2026/2025 Statcast baseline active,7,3,18,0,"Last 7 games: 3/18, 0 HR","same-side matchup; pitcher baseline 8.9% barrel, 5.4 HR allowed",neutral batted-ball profile; pitcher fly-ball pressure modest,3.89,35.23,88.3,98.6935,0.3372,0.0923,0.2944,71.24,16.26,32.53,22.09,6.2,0.0939,8.89,34.05,87.92,0.4087,0.1579,27.26,,,Busch Stadium,
250,701852,Drew Cavanaugh,SF,STL,2026-09-15T23:45:00Z,Scheduled,8,Andre Pallante,669467,R,28.7,Longshot,Watch List,"Projected Lineup, Platoon Edge",11.2,25.3,22.1,47.9,80.0,34.9,No,No,8,Yes,Yes,RotoWire projected lineup; MLB probable pitchers,lineup projected / unconfirmed,H:2026 P:2026/2025,,,Direct BvP not yet weighted; 2026/2025 Statcast baseline active,7,3,13,1,"Last 7 games: 3/13, 1 HR","platoon edge; pitcher baseline 5.4% barrel, 13.3 HR allowed",neutral batted-ball profile; pitcher fly-ball pressure modest,4.5,28.9,85.1,98.1727,0.362,0.11,0.314,69.1,4.6,27.8,21.1,1.0,0.047,5.41,35.84,87.8,0.381,0.1279,17.4,,,Busch Stadium,
251,623168,Tyler Heineman,LAA,SEA,2026-09-16T01:38:00Z,Scheduled,9,Logan Gilbert,669302,R,28.7,Longshot,Watch List,"Projected Lineup, Platoon Edge",0.4,47.2,28.2,40.2,75.0,12.0,No,No,9,Yes,Yes,RotoWire projected lineup; MLB probable pitchers,lineup projected / unconfirmed,H:2026/2025 P:2026/2025,,,Direct BvP not yet weighted; 2026/2025 Statcast baseline active,7,3,15,0,"Last 7 games: 3/15, 0 HR","switch hitter; pitcher baseline 9.7% barrel, 24.9 HR allowed",neutral batted-ball profile; pitcher fly-ball pressure modest,1.45,15.68,82.65,92.6298,0.2741,0.0552,0.2506,65.47,0.42,43.43,21.89,1.6,0.0724,9.72,41.49,90.03,0.3831,0.161,28.47,,,Angel Stadium,
252,656716,Zach McKinstry,DET,TOR,2026-09-15T23:07:00Z,Scheduled,9,Braydon Fisher,680755,R,28.2,Longshot,Watch List,"Projected Lineup, Platoon Edge",6.5,36.1,30.4,40.2,80.0,0.0,No,No,9,Yes,Yes,RotoWire projected lineup; MLB probable pitchers,lineup projected / unconfirmed,H:2026/2025 P:2026/2025,,,Direct BvP not yet weighted; 2026/2025 Statcast baseline active,7,2,17,0,"Last 7 games: 2/17, 0 HR","platoon edge; pitcher baseline 9.2% barrel, 6.8 HR allowed",neutral batted-ball profile; pitcher fly-ball pressure modest,3.23,24.41,85.77,95.6215,0.3272,0.09,0.291,67.85,3.72,40.33,27.09,6.4,0.123,9.21,37.87,87.82,0.3566,0.1398,27.99,,,Rogers Centre,
253,668952,Ryan Kreidler,MIN,NYY,2026-09-15T23:40:00Z,Scheduled,9,Max Fried,608331,L,28.1,Longshot,Watch List,"Projected Lineup, Platoon Edge",26.6,9.9,27.1,40.2,78.0,5.1,No,No,9,Yes,Yes,RotoWire projected lineup; MLB probable pitchers,lineup projected / unconfirmed,H:2026/2025 P:2026/2025,,,Direct BvP not yet weighted; 2026/2025 Statcast baseline active,7,2,13,0,"Last 7 games: 2/13, 0 HR","platoon edge; pitcher baseline 3.5% barrel, 7.0 HR allowed",neutral batted-ball profile; pitcher fly-ball pressure modest,6.83,35.25,88.62,99.3919,0.339,0.1294,0.2731,73.1,32.02,45.33,29.77,4.2,0.105,3.47,31.74,86.15,0.2968,0.0872,23.65,,,Target Field,
254,693304,Nick Gonzales,PIT,MIL,2026-09-15T22:40:00Z,Scheduled,7,Jacob Misiorowski,694819,R,27.1,Longshot,Watch List,Projected Lineup,16.2,19.2,24.3,59.8,50.0,12.0,No,No,7,Yes,Yes,RotoWire projected lineup; MLB probable pitchers,lineup projected / unconfirmed,H:2026/2025 P:2026/2025,,,Direct BvP not yet weighted; 2026/2025 Statcast baseline active,7,5,25,0,"Last 7 games: 5/25, 0 HR","same-side matchup; pitcher baseline 5.1% barrel, 12.2 HR allowed",neutral batted-ball profile; pitcher fly-ball pressure modest,3.52,35.37,86.98,98.1262,0.3806,0.107,0.3155,70.71,12.52,36.94,21.4,5.7,0.0929,5.1,34.56,87.67,0.281,0.101,25.85,,,PNC Park,
255,701785,Kaelen Culpepper,MIN,NYY,2026-09-15T23:40:00Z,Scheduled,8,Max Fried,608331,L,26.9,Longshot,Watch List,"Projected Lineup, Platoon Edge",18.3,9.9,27.1,47.9,78.0,14.6,No,No,8,Yes,Yes,RotoWire projected lineup; MLB probable pitchers,lineup projected / unconfirmed,H:2026 P:2026/2025,,,Direct BvP not yet weighted; 2026/2025 Statcast baseline active,7,5,23,0,"Last 7 games: 5/23, 0 HR","platoon edge; pitcher baseline 3.5% barrel, 7.0 HR allowed",neutral batted-ball profile; pitcher fly-ball pressure modest,3.7,31.3,87.3,97.6862,0.372,0.123,0.304,73.6,35.9,42.2,24.1,3.0,0.132,3.47,31.74,86.15,0.2968,0.0872,23.65,,,Target Field,
256,664728,Kyle Isbel,KC,HOU,2026-09-16T00:10:00Z,Scheduled,9,Hunter Brown,686613,R,26.5,Longshot,Watch List,"Projected Lineup, Platoon Edge",12.1,22.5,27.6,40.2,80.0,3.4,No,No,9,Yes,Yes,RotoWire projected lineup; MLB probable pitchers,lineup projected / unconfirmed,H:2026/2025 P:2026/2025,,,Direct BvP not yet weighted; 2026/2025 Statcast baseline active,7,3,21,0,"Last 7 games: 3/21, 0 HR","platoon edge; pitcher baseline 6.2% barrel, 12.8 HR allowed",neutral batted-ball profile; pitcher fly-ball pressure modest,2.44,33.72,88.22,98.8169,0.3033,0.0784,0.258,71.17,13.06,33.37,19.85,5.4,0.105,6.25,35.49,86.17,0.3278,0.122,23.3,,,Daikin Park,
257,683766,Christian Koss,SF,STL,2026-09-15T23:45:00Z,Scheduled,9,Andre Pallante,669467,R,26.1,Longshot,Watch List,Projected Lineup,11.2,25.3,22.1,40.2,50.0,57.5,No,No,9,Yes,Yes,RotoWire projected lineup; MLB probable pitchers,lineup projected / unconfirmed,H:2026/2025 P:2026/2025,,,Direct BvP not yet weighted; 2026/2025 Statcast baseline active,7,8,21,1,Contact streak: 8/21 over last 7 games,"same-side matchup; pitcher baseline 5.4% barrel, 13.3 HR allowed",neutral batted-ball profile; pitcher fly-ball pressure modest,5.23,29.68,85.01,97.2499,0.332,0.1012,0.2718,69.72,6.63,39.42,19.47,3.7,0.1047,5.41,35.84,87.8,0.381,0.1279,17.4,,,Busch Stadium,
258,676391,Ernie Clement,TOR,DET,2026-09-15T23:07:00Z,Scheduled,9,Drew Anderson,623454,R,26.0,Longshot,Watch List,Projected Lineup,4.5,39.1,30.4,40.2,50.0,8.1,No,No,9,Yes,Yes,RotoWire projected lineup; MLB probable pitchers,lineup projected / unconfirmed,H:2026/2025 P:2026,,,Direct BvP not yet weighted; 2026/2025 Statcast baseline active,7,4,23,0,"Last 7 games: 4/23, 0 HR","same-side matchup; pitcher baseline 8.4% barrel, 14.0 HR allowed",neutral batted-ball profile; pitcher fly-ball pressure modest,2.12,21.66,84.85,94.5073,0.3324,0.0832,0.2694,67.32,2.68,39.82,27.83,9.0,0.1126,8.4,39.2,89.9,0.367,0.141,24.0,,,Rogers Centre,
259,683227,Cody Freeman,TEX,BOS,2026-09-16T00:05:00Z,Scheduled,9,Patrick Sandoval,663776,L,24.8,Longshot,Watch List,"Projected Lineup, Platoon Edge",0.7,32.3,27.6,40.2,78.0,0.0,No,No,9,Yes,Yes,RotoWire projected lineup; MLB probable pitchers,lineup projected / unconfirmed,H:2026/2025 P:2026,,,Direct BvP not yet weighted; 2026/2025 Statcast baseline active,7,1,9,0,"Last 7 games: 1/9, 0 HR","platoon edge; pitcher baseline 6.5% barrel, 6.0 HR allowed",neutral batted-ball profile; pitcher fly-ball pressure modest,2.24,23.49,83.57,94.5026,0.2686,0.0639,0.243,67.23,0.45,41.67,19.37,1.6,0.0853,6.5,35.7,87.6,0.441,0.161,24.4,,,Globe Life Field,
260,678391,Jorbit Vivas,WSH,PHI,2026-09-15T22:45:00Z,Scheduled,9,Cristopher Sánchez,650911,L,24.6,Longshot,Watch List,Projected Lineup,4.6,31.4,28.2,40.2,50.0,23.7,No,No,9,Yes,Yes,RotoWire projected lineup; MLB probable pitchers,lineup projected / unconfirmed,H:2026/2025 P:2026/2025,,,Direct BvP not yet weighted; 2026/2025 Statcast baseline active,7,5,18,0,"Last 7 games: 5/18, 0 HR","same-side matchup; pitcher baseline 6.7% barrel, 14.8 HR allowed",neutral batted-ball profile; pitcher fly-ball pressure modest,3.72,26.42,83.73,95.1089,0.3184,0.0778,0.2989,69.6,4.45,41.88,21.53,2.4,0.0911,6.68,40.64,89.07,0.3541,0.1214,16.13,,,Nationals Park,
261,663968,Jake Mangum,PIT,MIL,2026-09-15T22:40:00Z,Scheduled,8,Jacob Misiorowski,694819,R,24.4,Longshot,Watch List,"Projected Lineup, Platoon Edge",6.5,17.9,24.3,47.9,75.0,16.6,No,No,8,Yes,Yes,RotoWire projected lineup; MLB probable pitchers,lineup projected / unconfirmed,H:2026/2025 P:2026/2025,,,Direct BvP not yet weighted; 2026/2025 Statcast baseline active,7,6,26,0,"Last 7 games: 6/26, 0 HR","switch hitter; pitcher baseline 5.1% barrel, 12.2 HR allowed",neutral batted-ball profile; pitcher fly-ball pressure modest,2.35,28.92,86.11,96.6902,0.3325,0.0836,0.2837,67.72,4.22,28.42,16.33,3.7,0.0818,5.1,34.56,87.67,0.281,0.101,25.85,,,PNC Park,
